{
  "id" : "c345550f-8b2f-4f77-8cd9-4c60af3781f6",
  "name" : "AmplifyBadgeServer",
  "description" : "Amplify Badge Server for Shields.io (https://shields.io/badges/endpoint-badge)",
  "iserror" : false,
  "no_of_errors" : 0,
  "service_input" : null,
  "service_output" : null,
  "service_input_json_schema" : null,
  "service_output_json_schema" : null,
  "type" : "EVENTDRIVEN",
  "error_handler" : false,
  "tag" : "EMPTY",
  "active" : true,
  "is_changed" : false,
  "comment" : null,
  "base_tag" : "V48",
  "test_input" : {
    "type" : "jsonb",
    "value" : "[]",
    "null" : false
  },
  "test_input_structure" : {
    "type" : "jsonb",
    "value" : "[]",
    "null" : false
  }
}