{
  "id" : "3c216011-0bad-4919-8125-318f5e2b36c0",
  "name" : "APIComplianceReporter",
  "description" : "API Compliance ReporterReport API compliance that doesn't meet you company criteriaReport to MS Teams",
  "iserror" : false,
  "no_of_errors" : 0,
  "service_input" : null,
  "service_output" : null,
  "service_input_json_schema" : null,
  "service_output_json_schema" : null,
  "type" : "EVENTDRIVEN",
  "error_handler" : false,
  "tag" : "EMPTY",
  "active" : true,
  "is_changed" : false,
  "comment" : null,
  "base_tag" : "V48",
  "test_input" : {
    "type" : "jsonb",
    "value" : "[]",
    "null" : false
  },
  "test_input_structure" : {
    "type" : "jsonb",
    "value" : "[]",
    "null" : false
  }
}