{
  "id" : "642fc8df-9cc5-4205-bc80-03a2ac7fac32",
  "name" : "GenerateHTMLReviewModerationReport",
  "description" : "GenerateHTMLReviewModerationReport",
  "iserror" : false,
  "no_of_errors" : 0,
  "service_input" : {
    "type" : "jsonb",
    "value" : "[{\"id\": \"d2a86ca1-aa12-4f06-ac79-0720a6f3de65\", \"key\": \"/GenerateHTMLReviewModerationReportInput\", \"type\": \"object\", \"order\": 1, \"title\": \"GenerateHTMLReviewModerationReportInput\", \"value\": {\"type\": \"object\"}, \"isLeaf\": false, \"children\": [{\"id\": \"1aa097cd-fcd9-4b9f-8e31-ada4a05ad215\", \"key\": \"/GenerateHTMLReviewModerationReportInput/ProductName\", \"edit\": false, \"type\": \"node\", \"order\": 1, \"title\": \"ProductName\", \"value\": {\"type\": \"string\"}, \"children\": [], \"editAllow\": true, \"dataElementType\": \"string\"}, {\"id\": \"01defece-a173-4152-8b4a-47733931cc10\", \"key\": \"/GenerateHTMLReviewModerationReportInput/ProductURL\", \"edit\": false, \"type\": \"node\", \"order\": 1, \"title\": \"ProductURL\", \"value\": {\"type\": \"string\"}, \"children\": [], \"editAllow\": true, \"dataElementType\": \"string\"}, {\"id\": \"167a2f63-af64-431b-bd00-25ac9fb59bf6\", \"key\": \"/GenerateHTMLReviewModerationReportInput/ReviewTitle\", \"edit\": false, \"type\": \"node\", \"order\": 1, \"title\": \"ReviewTitle\", \"value\": {\"type\": \"string\"}, \"children\": [], \"editAllow\": true, \"dataElementType\": \"string\"}, {\"id\": \"2fa30e2f-cc86-4993-ac94-36b21641bb3b\", \"key\": \"/GenerateHTMLReviewModerationReportInput/ReviewComment\", \"edit\": false, \"type\": \"node\", \"order\": 1, \"title\": \"ReviewComment\", \"value\": {\"type\": \"string\"}, \"children\": [], \"editAllow\": true, \"dataElementType\": \"string\"}, {\"id\": \"ec9a2317-708e-4099-9259-13599f5712a8\", \"key\": \"/GenerateHTMLReviewModerationReportInput/ReviewURL\", \"edit\": false, \"type\": \"node\", \"order\": 1, \"title\": \"ReviewURL\", \"value\": {\"type\": \"string\"}, \"children\": [], \"editAllow\": true, \"dataElementType\": \"string\"}, {\"id\": \"bc76c6ea-b5e6-47e1-82cf-4bb262c0e107\", \"key\": \"/GenerateHTMLReviewModerationReportInput/DetectPiiResponse\", \"edit\": false, \"type\": \"node\", \"order\": 1, \"title\": \"DetectPiiResponse\", \"value\": {}, \"children\": [{\"key\": \"/GenerateHTMLReviewModerationReportInput/DetectPiiResponse/Entities[]\", \"type\": \"array\", \"order\": 1, \"title\": \"Entities\", \"value\": {\"type\": \"array\", \"requiredFlag\": false}, \"isLeaf\": false, \"children\": [{\"key\": \"/GenerateHTMLReviewModerationReportInput/DetectPiiResponse/Entities[]/BeginOffset\", \"type\": \"integer\", \"order\": 2, \"title\": \"BeginOffset\", \"value\": {\"type\": \"integer\", \"requiredFlag\": false}, \"isLeaf\": true, \"hasChildren\": false, \"isChildrenSet\": false, \"dataElementType\": \"integer\"}, {\"key\": \"/GenerateHTMLReviewModerationReportInput/DetectPiiResponse/Entities[]/EndOffset\", \"type\": \"integer\", \"order\": 3, \"title\": \"EndOffset\", \"value\": {\"type\": \"integer\", \"requiredFlag\": false}, \"isLeaf\": true, \"hasChildren\": false, \"isChildrenSet\": false, \"dataElementType\": \"integer\"}, {\"key\": \"/GenerateHTMLReviewModerationReportInput/DetectPiiResponse/Entities[]/Score\", \"type\": \"number\", \"order\": 4, \"title\": \"Score\", \"value\": {\"type\": \"number\", \"requiredFlag\": false}, \"isLeaf\": true, \"hasChildren\": false, \"isChildrenSet\": false, \"dataElementType\": \"number\"}, {\"key\": \"/GenerateHTMLReviewModerationReportInput/DetectPiiResponse/Entities[]/Type\", \"type\": \"string\", \"order\": 5, \"title\": \"Type\", \"value\": {\"type\": \"string\", \"requiredFlag\": false}, \"isLeaf\": true, \"hasChildren\": false, \"isChildrenSet\": false, \"dataElementType\": \"string\"}], \"hasChildren\": false, \"isChildrenSet\": false, \"dataElementType\": \"documentArray\"}], \"editAllow\": true, \"iSReference\": true, \"projectName\": \"AmplifyCentralIntegrationExamples\", \"dataObjectName\": \"DetectPiiResponse\", \"dataElementType\": \"document\"}, {\"id\": \"7dc3a5db-d482-4135-a1b5-159f5cd23666\", \"key\": \"/GenerateHTMLReviewModerationReportInput/DetectSentimentResponse\", \"edit\": false, \"type\": \"node\", \"order\": 1, \"title\": \"DetectSentimentResponse\", \"value\": {}, \"children\": [{\"key\": \"/GenerateHTMLReviewModerationReportInput/DetectSentimentResponse/Sentiment\", \"type\": \"string\", \"order\": 1, \"title\": \"Sentiment\", \"value\": {\"type\": \"string\", \"requiredFlag\": false}, \"isLeaf\": true, \"hasChildren\": false, \"isChildrenSet\": false, \"dataElementType\": \"string\"}, {\"key\": \"/GenerateHTMLReviewModerationReportInput/DetectSentimentResponse/SentimentScore\", \"type\": \"object\", \"order\": 2, \"title\": \"SentimentScore\", \"value\": {\"type\": \"object\", \"requiredFlag\": false}, \"isLeaf\": false, \"children\": [{\"key\": \"/GenerateHTMLReviewModerationReportInput/DetectSentimentResponse/SentimentScore/Mixed\", \"type\": \"number\", \"order\": 3, \"title\": \"Mixed\", \"value\": {\"type\": \"number\", \"requiredFlag\": false}, \"isLeaf\": true, \"hasChildren\": false, \"isChildrenSet\": false, \"dataElementType\": \"number\"}, {\"key\": \"/GenerateHTMLReviewModerationReportInput/DetectSentimentResponse/SentimentScore/Negative\", \"type\": \"number\", \"order\": 4, \"title\": \"Negative\", \"value\": {\"type\": \"number\", \"requiredFlag\": false}, \"isLeaf\": true, \"hasChildren\": false, \"isChildrenSet\": false, \"dataElementType\": \"number\"}, {\"key\": \"/GenerateHTMLReviewModerationReportInput/DetectSentimentResponse/SentimentScore/Neutral\", \"type\": \"number\", \"order\": 5, \"title\": \"Neutral\", \"value\": {\"type\": \"number\", \"requiredFlag\": false}, \"isLeaf\": true, \"hasChildren\": false, \"isChildrenSet\": false, \"dataElementType\": \"number\"}, {\"key\": \"/GenerateHTMLReviewModerationReportInput/DetectSentimentResponse/SentimentScore/Positive\", \"type\": \"number\", \"order\": 6, \"title\": \"Positive\", \"value\": {\"type\": \"number\", \"requiredFlag\": false}, \"isLeaf\": true, \"hasChildren\": false, \"isChildrenSet\": false, \"dataElementType\": \"number\"}], \"hasChildren\": false, \"isChildrenSet\": false, \"dataElementType\": \"document\"}], \"editAllow\": true, \"iSReference\": true, \"projectName\": \"AmplifyCentralIntegrationExamples\", \"dataObjectName\": \"DetectSentimentResponse\", \"dataElementType\": \"document\"}, {\"id\": \"e0881b2d-0756-4c19-84db-1e08f442011c\", \"key\": \"/GenerateHTMLReviewModerationReportInput/DetectToxicityResponse\", \"edit\": false, \"type\": \"node\", \"order\": 1, \"title\": \"DetectToxicityResponse\", \"value\": {}, \"children\": [{\"key\": \"/GenerateHTMLReviewModerationReportInput/DetectToxicityResponse/ResultList[]\", \"type\": \"array\", \"order\": 1, \"title\": \"ResultList\", \"value\": {\"type\": \"array\", \"requiredFlag\": false}, \"isLeaf\": false, \"children\": [{\"key\": \"/GenerateHTMLReviewModerationReportInput/DetectToxicityResponse/ResultList[]/Labels[]\", \"type\": \"array\", \"order\": 2, \"title\": \"Labels\", \"value\": {\"type\": \"array\", \"requiredFlag\": false}, \"isLeaf\": false, \"children\": [{\"key\": \"/GenerateHTMLReviewModerationReportInput/DetectToxicityResponse/ResultList[]/Labels[]/Name\", \"type\": \"string\", \"order\": 3, \"title\": \"Name\", \"value\": {\"type\": \"string\", \"requiredFlag\": false}, \"isLeaf\": true, \"hasChildren\": false, \"isChildrenSet\": false, \"dataElementType\": \"string\"}, {\"key\": \"/GenerateHTMLReviewModerationReportInput/DetectToxicityResponse/ResultList[]/Labels[]/Score\", \"type\": \"number\", \"order\": 4, \"title\": \"Score\", \"value\": {\"type\": \"number\", \"requiredFlag\": false}, \"isLeaf\": true, \"hasChildren\": false, \"isChildrenSet\": false, \"dataElementType\": \"number\"}], \"hasChildren\": false, \"isChildrenSet\": false, \"dataElementType\": \"documentArray\"}, {\"key\": \"/GenerateHTMLReviewModerationReportInput/DetectToxicityResponse/ResultList[]/Toxicity\", \"type\": \"number\", \"order\": 5, \"title\": \"Toxicity\", \"value\": {\"type\": \"number\", \"requiredFlag\": false}, \"isLeaf\": true, \"hasChildren\": false, \"isChildrenSet\": false, \"dataElementType\": \"number\"}], \"hasChildren\": false, \"isChildrenSet\": false, \"dataElementType\": \"documentArray\"}], \"editAllow\": true, \"iSReference\": true, \"projectName\": \"AmplifyCentralIntegrationExamples\", \"dataObjectName\": \"DetectToxicityResponse\", \"dataElementType\": \"document\"}, {\"id\": \"a1cdca11-bebb-497a-b6b1-28c3085f5d4e\", \"key\": \"/GenerateHTMLReviewModerationReportInput/SentimentReferenceURL\", \"edit\": false, \"type\": \"node\", \"order\": 1, \"title\": \"SentimentReferenceURL\", \"value\": {\"type\": \"string\"}, \"children\": [], \"editAllow\": true, \"dataElementType\": \"string\"}, {\"id\": \"38999ef1-4665-4dcd-adde-6cca124394b3\", \"key\": \"/GenerateHTMLReviewModerationReportInput/ToxicityReferenceURL\", \"edit\": false, \"type\": \"node\", \"order\": 1, \"title\": \"ToxicityReferenceURL\", \"value\": {\"type\": \"string\"}, \"children\": [], \"editAllow\": true, \"dataElementType\": \"string\"}, {\"id\": \"4164ebc4-22a3-4a41-945c-616d0651266e\", \"key\": \"/GenerateHTMLReviewModerationReportInput/PiiReferenceURL\", \"edit\": false, \"type\": \"node\", \"order\": 1, \"title\": \"PiiReferenceURL\", \"value\": {\"type\": \"string\"}, \"children\": [], \"editAllow\": true, \"dataElementType\": \"string\"}, {\"id\": \"32fed91d-328d-4459-ac53-d06aed38eef8\", \"key\": \"/GenerateHTMLReviewModerationReportInput/isPiiDetected\", \"edit\": false, \"type\": \"node\", \"order\": 1, \"title\": \"isPiiDetected\", \"value\": {\"type\": \"boolean\"}, \"children\": [], \"editAllow\": true, \"dataElementType\": \"boolean\"}, {\"id\": \"34428681-4094-43cb-9721-910d68af48d0\", \"key\": \"/GenerateHTMLReviewModerationReportInput/isSentimentDetected\", \"edit\": false, \"type\": \"node\", \"order\": 1, \"title\": \"isSentimentDetected\", \"value\": {\"type\": \"boolean\"}, \"children\": [], \"editAllow\": true, \"dataElementType\": \"boolean\"}, {\"id\": \"7651ad9c-00a6-445e-8eb3-0c8b8e263d84\", \"key\": \"/GenerateHTMLReviewModerationReportInput/isToxicityDetected\", \"edit\": false, \"type\": \"node\", \"order\": 1, \"title\": \"isToxicityDetected\", \"value\": {\"type\": \"boolean\"}, \"children\": [], \"editAllow\": true, \"dataElementType\": \"boolean\"}], \"childrenSet\": false, \"hasChildren\": false, \"dataElementType\": \"document\", \"documentReference\": [{\"id\": \"bc76c6ea-b5e6-47e1-82cf-4bb262c0e107\", \"referenceName\": \"DetectPiiResponse\"}, {\"id\": \"7dc3a5db-d482-4135-a1b5-159f5cd23666\", \"referenceName\": \"DetectSentimentResponse\"}, {\"id\": \"e0881b2d-0756-4c19-84db-1e08f442011c\", \"referenceName\": \"DetectToxicityResponse\"}]}]",
    "null" : false
  },
  "service_output" : {
    "type" : "jsonb",
    "value" : "[{\"id\": \"40dfa63b-7e2a-4e67-b576-4a47b8611123\", \"key\": \"/GenerateHTMLReviewModerationReportOutput\", \"type\": \"object\", \"order\": 1, \"title\": \"GenerateHTMLReviewModerationReportOutput\", \"value\": {\"type\": \"object\"}, \"isLeaf\": false, \"children\": [{\"id\": \"5641705b-3d46-43a0-be48-9a82cee3d4e9\", \"key\": \"/GenerateHTMLReviewModerationReportOutput/ModerationReportHTML\", \"edit\": false, \"type\": \"node\", \"order\": 1, \"title\": \"ModerationReportHTML\", \"value\": {\"type\": \"string\"}, \"children\": [], \"editAllow\": true, \"dataElementType\": \"string\"}], \"childrenSet\": false, \"hasChildren\": false, \"dataElementType\": \"document\", \"documentReference\": []}]",
    "null" : false
  },
  "service_input_json_schema" : {
    "type" : "jsonb",
    "value" : "{\"required\": [], \"properties\": {\"GenerateHTMLReviewModerationReportInput\": {\"type\": \"object\", \"required\": [], \"properties\": {\"ReviewURL\": {\"type\": \"string\"}, \"ProductURL\": {\"type\": \"string\"}, \"ProductName\": {\"type\": \"string\"}, \"ReviewTitle\": {\"type\": \"string\"}, \"ReviewComment\": {\"type\": \"string\"}, \"isPiiDetected\": {\"type\": \"boolean\"}, \"PiiReferenceURL\": {\"type\": \"string\"}, \"DetectPiiResponse\": {}, \"isToxicityDetected\": {\"type\": \"boolean\"}, \"isSentimentDetected\": {\"type\": \"boolean\"}, \"ToxicityReferenceURL\": {\"type\": \"string\"}, \"SentimentReferenceURL\": {\"type\": \"string\"}, \"DetectToxicityResponse\": {}, \"DetectSentimentResponse\": {}}, \"additionalProperties\": false}}, \"additionalProperties\": false}",
    "null" : false
  },
  "service_output_json_schema" : {
    "type" : "jsonb",
    "value" : "{\"required\": [], \"properties\": {\"GenerateHTMLReviewModerationReportOutput\": {\"type\": \"object\", \"required\": [], \"properties\": {\"ModerationReportHTML\": {\"type\": \"string\"}}, \"additionalProperties\": false}}, \"additionalProperties\": false}",
    "null" : false
  },
  "type" : "SERVICE",
  "error_handler" : false,
  "tag" : "EMPTY",
  "active" : true,
  "is_changed" : false,
  "comment" : null,
  "base_tag" : "V48",
  "test_input" : {
    "type" : "jsonb",
    "value" : "{}",
    "null" : false
  },
  "test_input_structure" : {
    "type" : "jsonb",
    "value" : "[{\"id\": \"d2a86ca1-aa12-4f06-ac79-0720a6f3de65\", \"key\": \"/GenerateHTMLReviewModerationReportInput\", \"type\": \"object\", \"order\": 1, \"title\": \"GenerateHTMLReviewModerationReportInput\", \"value\": {\"type\": \"object\"}, \"isLeaf\": false, \"children\": [{\"id\": \"1aa097cd-fcd9-4b9f-8e31-ada4a05ad215\", \"key\": \"/GenerateHTMLReviewModerationReportInput/ProductName\", \"edit\": false, \"type\": \"node\", \"order\": 1, \"title\": \"ProductName\", \"value\": {\"type\": \"string\"}, \"children\": [], \"editAllow\": true, \"dataElementType\": \"string\"}, {\"id\": \"01defece-a173-4152-8b4a-47733931cc10\", \"key\": \"/GenerateHTMLReviewModerationReportInput/ProductURL\", \"edit\": false, \"type\": \"node\", \"order\": 1, \"title\": \"ProductURL\", \"value\": {\"type\": \"string\"}, \"children\": [], \"editAllow\": true, \"dataElementType\": \"string\"}, {\"id\": \"167a2f63-af64-431b-bd00-25ac9fb59bf6\", \"key\": \"/GenerateHTMLReviewModerationReportInput/ReviewTitle\", \"edit\": false, \"type\": \"node\", \"order\": 1, \"title\": \"ReviewTitle\", \"value\": {\"type\": \"string\"}, \"children\": [], \"editAllow\": true, \"dataElementType\": \"string\"}, {\"id\": \"2fa30e2f-cc86-4993-ac94-36b21641bb3b\", \"key\": \"/GenerateHTMLReviewModerationReportInput/ReviewComment\", \"edit\": false, \"type\": \"node\", \"order\": 1, \"title\": \"ReviewComment\", \"value\": {\"type\": \"string\"}, \"children\": [], \"editAllow\": true, \"dataElementType\": \"string\"}, {\"id\": \"ec9a2317-708e-4099-9259-13599f5712a8\", \"key\": \"/GenerateHTMLReviewModerationReportInput/ReviewURL\", \"edit\": false, \"type\": \"node\", \"order\": 1, \"title\": \"ReviewURL\", \"value\": {\"type\": \"string\"}, \"children\": [], \"editAllow\": true, \"dataElementType\": \"string\"}, {\"id\": \"bc76c6ea-b5e6-47e1-82cf-4bb262c0e107\", \"key\": \"/GenerateHTMLReviewModerationReportInput/DetectPiiResponse\", \"edit\": false, \"type\": \"node\", \"order\": 1, \"title\": \"DetectPiiResponse\", \"value\": {}, \"children\": [{\"key\": \"/GenerateHTMLReviewModerationReportInput/DetectPiiResponse/Entities[]\", \"type\": \"array\", \"order\": 1, \"title\": \"Entities\", \"value\": {\"type\": \"array\", \"requiredFlag\": false}, \"isLeaf\": false, \"children\": [{\"key\": \"/GenerateHTMLReviewModerationReportInput/DetectPiiResponse/Entities[]/BeginOffset\", \"type\": \"integer\", \"order\": 2, \"title\": \"BeginOffset\", \"value\": {\"type\": \"integer\", \"requiredFlag\": false}, \"isLeaf\": true, \"hasChildren\": false, \"isChildrenSet\": false, \"dataElementType\": \"integer\"}, {\"key\": \"/GenerateHTMLReviewModerationReportInput/DetectPiiResponse/Entities[]/EndOffset\", \"type\": \"integer\", \"order\": 3, \"title\": \"EndOffset\", \"value\": {\"type\": \"integer\", \"requiredFlag\": false}, \"isLeaf\": true, \"hasChildren\": false, \"isChildrenSet\": false, \"dataElementType\": \"integer\"}, {\"key\": \"/GenerateHTMLReviewModerationReportInput/DetectPiiResponse/Entities[]/Score\", \"type\": \"number\", \"order\": 4, \"title\": \"Score\", \"value\": {\"type\": \"number\", \"requiredFlag\": false}, \"isLeaf\": true, \"hasChildren\": false, \"isChildrenSet\": false, \"dataElementType\": \"number\"}, {\"key\": \"/GenerateHTMLReviewModerationReportInput/DetectPiiResponse/Entities[]/Type\", \"type\": \"string\", \"order\": 5, \"title\": \"Type\", \"value\": {\"type\": \"string\", \"requiredFlag\": false}, \"isLeaf\": true, \"hasChildren\": false, \"isChildrenSet\": false, \"dataElementType\": \"string\"}], \"hasChildren\": false, \"isChildrenSet\": false, \"dataElementType\": \"documentArray\"}], \"editAllow\": true, \"iSReference\": true, \"projectName\": \"AmplifyCentralIntegrationExamples\", \"dataObjectName\": \"DetectPiiResponse\", \"dataElementType\": \"document\"}, {\"id\": \"7dc3a5db-d482-4135-a1b5-159f5cd23666\", \"key\": \"/GenerateHTMLReviewModerationReportInput/DetectSentimentResponse\", \"edit\": false, \"type\": \"node\", \"order\": 1, \"title\": \"DetectSentimentResponse\", \"value\": {}, \"children\": [{\"key\": \"/GenerateHTMLReviewModerationReportInput/DetectSentimentResponse/Sentiment\", \"type\": \"string\", \"order\": 1, \"title\": \"Sentiment\", \"value\": {\"type\": \"string\", \"requiredFlag\": false}, \"isLeaf\": true, \"hasChildren\": false, \"isChildrenSet\": false, \"dataElementType\": \"string\"}, {\"key\": \"/GenerateHTMLReviewModerationReportInput/DetectSentimentResponse/SentimentScore\", \"type\": \"object\", \"order\": 2, \"title\": \"SentimentScore\", \"value\": {\"type\": \"object\", \"requiredFlag\": false}, \"isLeaf\": false, \"children\": [{\"key\": \"/GenerateHTMLReviewModerationReportInput/DetectSentimentResponse/SentimentScore/Mixed\", \"type\": \"number\", \"order\": 3, \"title\": \"Mixed\", \"value\": {\"type\": \"number\", \"requiredFlag\": false}, \"isLeaf\": true, \"hasChildren\": false, \"isChildrenSet\": false, \"dataElementType\": \"number\"}, {\"key\": \"/GenerateHTMLReviewModerationReportInput/DetectSentimentResponse/SentimentScore/Negative\", \"type\": \"number\", \"order\": 4, \"title\": \"Negative\", \"value\": {\"type\": \"number\", \"requiredFlag\": false}, \"isLeaf\": true, \"hasChildren\": false, \"isChildrenSet\": false, \"dataElementType\": \"number\"}, {\"key\": \"/GenerateHTMLReviewModerationReportInput/DetectSentimentResponse/SentimentScore/Neutral\", \"type\": \"number\", \"order\": 5, \"title\": \"Neutral\", \"value\": {\"type\": \"number\", \"requiredFlag\": false}, \"isLeaf\": true, \"hasChildren\": false, \"isChildrenSet\": false, \"dataElementType\": \"number\"}, {\"key\": \"/GenerateHTMLReviewModerationReportInput/DetectSentimentResponse/SentimentScore/Positive\", \"type\": \"number\", \"order\": 6, \"title\": \"Positive\", \"value\": {\"type\": \"number\", \"requiredFlag\": false}, \"isLeaf\": true, \"hasChildren\": false, \"isChildrenSet\": false, \"dataElementType\": \"number\"}], \"hasChildren\": false, \"isChildrenSet\": false, \"dataElementType\": \"document\"}], \"editAllow\": true, \"iSReference\": true, \"projectName\": \"AmplifyCentralIntegrationExamples\", \"dataObjectName\": \"DetectSentimentResponse\", \"dataElementType\": \"document\"}, {\"id\": \"e0881b2d-0756-4c19-84db-1e08f442011c\", \"key\": \"/GenerateHTMLReviewModerationReportInput/DetectToxicityResponse\", \"edit\": false, \"type\": \"node\", \"order\": 1, \"title\": \"DetectToxicityResponse\", \"value\": {}, \"children\": [{\"key\": \"/GenerateHTMLReviewModerationReportInput/DetectToxicityResponse/ResultList[]\", \"type\": \"array\", \"order\": 1, \"title\": \"ResultList\", \"value\": {\"type\": \"array\", \"requiredFlag\": false}, \"isLeaf\": false, \"children\": [{\"key\": \"/GenerateHTMLReviewModerationReportInput/DetectToxicityResponse/ResultList[]/Labels[]\", \"type\": \"array\", \"order\": 2, \"title\": \"Labels\", \"value\": {\"type\": \"array\", \"requiredFlag\": false}, \"isLeaf\": false, \"children\": [{\"key\": \"/GenerateHTMLReviewModerationReportInput/DetectToxicityResponse/ResultList[]/Labels[]/Name\", \"type\": \"string\", \"order\": 3, \"title\": \"Name\", \"value\": {\"type\": \"string\", \"requiredFlag\": false}, \"isLeaf\": true, \"hasChildren\": false, \"isChildrenSet\": false, \"dataElementType\": \"string\"}, {\"key\": \"/GenerateHTMLReviewModerationReportInput/DetectToxicityResponse/ResultList[]/Labels[]/Score\", \"type\": \"number\", \"order\": 4, \"title\": \"Score\", \"value\": {\"type\": \"number\", \"requiredFlag\": false}, \"isLeaf\": true, \"hasChildren\": false, \"isChildrenSet\": false, \"dataElementType\": \"number\"}], \"hasChildren\": false, \"isChildrenSet\": false, \"dataElementType\": \"documentArray\"}, {\"key\": \"/GenerateHTMLReviewModerationReportInput/DetectToxicityResponse/ResultList[]/Toxicity\", \"type\": \"number\", \"order\": 5, \"title\": \"Toxicity\", \"value\": {\"type\": \"number\", \"requiredFlag\": false}, \"isLeaf\": true, \"hasChildren\": false, \"isChildrenSet\": false, \"dataElementType\": \"number\"}], \"hasChildren\": false, \"isChildrenSet\": false, \"dataElementType\": \"documentArray\"}], \"editAllow\": true, \"iSReference\": true, \"projectName\": \"AmplifyCentralIntegrationExamples\", \"dataObjectName\": \"DetectToxicityResponse\", \"dataElementType\": \"document\"}, {\"id\": \"a1cdca11-bebb-497a-b6b1-28c3085f5d4e\", \"key\": \"/GenerateHTMLReviewModerationReportInput/SentimentReferenceURL\", \"edit\": false, \"type\": \"node\", \"order\": 1, \"title\": \"SentimentReferenceURL\", \"value\": {\"type\": \"string\"}, \"children\": [], \"editAllow\": true, \"dataElementType\": \"string\"}, {\"id\": \"38999ef1-4665-4dcd-adde-6cca124394b3\", \"key\": \"/GenerateHTMLReviewModerationReportInput/ToxicityReferenceURL\", \"edit\": false, \"type\": \"node\", \"order\": 1, \"title\": \"ToxicityReferenceURL\", \"value\": {\"type\": \"string\"}, \"children\": [], \"editAllow\": true, \"dataElementType\": \"string\"}, {\"id\": \"4164ebc4-22a3-4a41-945c-616d0651266e\", \"key\": \"/GenerateHTMLReviewModerationReportInput/PiiReferenceURL\", \"edit\": false, \"type\": \"node\", \"order\": 1, \"title\": \"PiiReferenceURL\", \"value\": {\"type\": \"string\"}, \"children\": [], \"editAllow\": true, \"dataElementType\": \"string\"}, {\"id\": \"32fed91d-328d-4459-ac53-d06aed38eef8\", \"key\": \"/GenerateHTMLReviewModerationReportInput/isPiiDetected\", \"edit\": false, \"type\": \"node\", \"order\": 1, \"title\": \"isPiiDetected\", \"value\": {\"type\": \"boolean\"}, \"children\": [], \"editAllow\": true, \"dataElementType\": \"boolean\"}, {\"id\": \"34428681-4094-43cb-9721-910d68af48d0\", \"key\": \"/GenerateHTMLReviewModerationReportInput/isSentimentDetected\", \"edit\": false, \"type\": \"node\", \"order\": 1, \"title\": \"isSentimentDetected\", \"value\": {\"type\": \"boolean\"}, \"children\": [], \"editAllow\": true, \"dataElementType\": \"boolean\"}, {\"id\": \"7651ad9c-00a6-445e-8eb3-0c8b8e263d84\", \"key\": \"/GenerateHTMLReviewModerationReportInput/isToxicityDetected\", \"edit\": false, \"type\": \"node\", \"order\": 1, \"title\": \"isToxicityDetected\", \"value\": {\"type\": \"boolean\"}, \"children\": [], \"editAllow\": true, \"dataElementType\": \"boolean\"}], \"childrenSet\": false, \"hasChildren\": false, \"dataElementType\": \"document\", \"documentReference\": [{\"id\": \"bc76c6ea-b5e6-47e1-82cf-4bb262c0e107\", \"referenceName\": \"DetectPiiResponse\"}, {\"id\": \"7dc3a5db-d482-4135-a1b5-159f5cd23666\", \"referenceName\": \"DetectSentimentResponse\"}, {\"id\": \"e0881b2d-0756-4c19-84db-1e08f442011c\", \"referenceName\": \"DetectToxicityResponse\"}]}]",
    "null" : false
  }
}