{
  "id" : "bd79c657-5bce-4065-85c1-02b45a22f478",
  "name" : "GenerateHTMLComplianceReport",
  "description" : "Generate HTML Compliance Report",
  "iserror" : false,
  "no_of_errors" : 0,
  "service_input" : {
    "type" : "jsonb",
    "value" : "[{\"id\": \"a4a02edc-99d0-46d7-bf32-fccad28ebe08\", \"key\": \"/GenerateHTMLComplianceReportInput\", \"type\": \"object\", \"order\": 1, \"title\": \"GenerateHTMLComplianceReportInput\", \"value\": {\"type\": \"object\"}, \"isLeaf\": false, \"children\": [{\"id\": \"74173669-aebb-40a8-b082-2696784b6255\", \"key\": \"/GenerateHTMLComplianceReportInput/ReportVars\", \"edit\": false, \"type\": \"node\", \"order\": 1, \"title\": \"ReportVars\", \"value\": {\"type\": \"array\"}, \"children\": [{\"id\": \"c1be11aa-8dc7-453e-90d8-f251ec674afd\", \"key\": \"/GenerateHTMLComplianceReportInput/ReportVars/APIName\", \"edit\": false, \"type\": \"node\", \"order\": 1, \"title\": \"APIName\", \"value\": {\"type\": \"string\"}, \"children\": [], \"editAllow\": true, \"dataElementType\": \"string\"}, {\"id\": \"c548190b-cb38-4b6f-96b8-f7d0ed2557cc\", \"key\": \"/GenerateHTMLComplianceReportInput/ReportVars/EnvName\", \"edit\": false, \"type\": \"node\", \"order\": 1, \"title\": \"EnvName\", \"value\": {\"type\": \"string\"}, \"children\": [], \"editAllow\": true, \"dataElementType\": \"string\"}, {\"id\": \"e82ef0f5-cd9a-4b5c-8e90-4cd9a35e7f29\", \"key\": \"/GenerateHTMLComplianceReportInput/ReportVars/Score\", \"edit\": false, \"type\": \"node\", \"order\": 1, \"title\": \"Score\", \"value\": {\"type\": \"string\"}, \"children\": [], \"editAllow\": true, \"dataElementType\": \"string\"}, {\"id\": \"bf745247-6c4d-4daf-9bae-65fed4f8f730\", \"key\": \"/GenerateHTMLComplianceReportInput/ReportVars/ErrorCount\", \"edit\": false, \"type\": \"node\", \"order\": 1, \"title\": \"ErrorCount\", \"value\": {\"type\": \"string\"}, \"children\": [], \"editAllow\": true, \"dataElementType\": \"string\"}, {\"id\": \"822563d9-e879-4983-b729-b3f5e3ace855\", \"key\": \"/GenerateHTMLComplianceReportInput/ReportVars/WarningCount\", \"edit\": false, \"type\": \"node\", \"order\": 1, \"title\": \"WarningCount\", \"value\": {\"type\": \"string\"}, \"children\": [], \"editAllow\": true, \"dataElementType\": \"string\"}, {\"id\": \"971636ad-dbc0-4f0b-90c2-a340c459751c\", \"key\": \"/GenerateHTMLComplianceReportInput/ReportVars/RuleName\", \"edit\": false, \"type\": \"node\", \"order\": 1, \"title\": \"RuleName\", \"value\": {\"type\": \"string\"}, \"children\": [], \"editAllow\": true, \"dataElementType\": \"string\"}, {\"id\": \"fb6ad04c-48fe-4842-9b69-64064c2513eb\", \"key\": \"/GenerateHTMLComplianceReportInput/ReportVars/RuleType\", \"edit\": false, \"type\": \"node\", \"order\": 1, \"title\": \"RuleType\", \"value\": {\"type\": \"string\"}, \"children\": [], \"editAllow\": true, \"dataElementType\": \"string\"}, {\"id\": \"1b65a8c9-9de8-4482-8c45-ff3ff33c291e\", \"key\": \"/GenerateHTMLComplianceReportInput/ReportVars/ComplianceReportDetailsArray\", \"edit\": false, \"type\": \"node\", \"order\": 1, \"title\": \"ComplianceReportDetailsArray\", \"value\": {}, \"children\": [{\"key\": \"/GenerateHTMLComplianceReportInput/ReportVars/ComplianceReportDetailsArray/JsonArray[]\", \"type\": \"array\", \"order\": 1, \"title\": \"JsonArray\", \"value\": {\"type\": \"array\", \"requiredFlag\": false}, \"isLeaf\": false, \"children\": [{\"key\": \"/GenerateHTMLComplianceReportInput/ReportVars/ComplianceReportDetailsArray/JsonArray[]/path\", \"type\": \"string\", \"order\": 2, \"title\": \"path\", \"value\": {\"type\": \"string\", \"requiredFlag\": false}, \"isLeaf\": true, \"hasChildren\": false, \"isChildrenSet\": false, \"dataElementType\": \"string\"}, {\"key\": \"/GenerateHTMLComplianceReportInput/ReportVars/ComplianceReportDetailsArray/JsonArray[]/rule\", \"type\": \"string\", \"order\": 3, \"title\": \"rule\", \"value\": {\"type\": \"string\", \"requiredFlag\": false}, \"isLeaf\": true, \"hasChildren\": false, \"isChildrenSet\": false, \"dataElementType\": \"string\"}, {\"key\": \"/GenerateHTMLComplianceReportInput/ReportVars/ComplianceReportDetailsArray/JsonArray[]/message\", \"type\": \"string\", \"order\": 4, \"title\": \"message\", \"value\": {\"type\": \"string\", \"requiredFlag\": false}, \"isLeaf\": true, \"hasChildren\": false, \"isChildrenSet\": false, \"dataElementType\": \"string\"}, {\"key\": \"/GenerateHTMLComplianceReportInput/ReportVars/ComplianceReportDetailsArray/JsonArray[]/location\", \"type\": \"object\", \"order\": 5, \"title\": \"location\", \"value\": {\"type\": \"object\", \"requiredFlag\": false}, \"isLeaf\": false, \"children\": [{\"key\": \"/GenerateHTMLComplianceReportInput/ReportVars/ComplianceReportDetailsArray/JsonArray[]/location/line\", \"type\": \"integer\", \"order\": 6, \"title\": \"line\", \"value\": {\"type\": \"integer\", \"requiredFlag\": false}, \"isLeaf\": true, \"hasChildren\": false, \"isChildrenSet\": false, \"dataElementType\": \"integer\"}, {\"key\": \"/GenerateHTMLComplianceReportInput/ReportVars/ComplianceReportDetailsArray/JsonArray[]/location/character\", \"type\": \"integer\", \"order\": 7, \"title\": \"character\", \"value\": {\"type\": \"integer\", \"requiredFlag\": false}, \"isLeaf\": true, \"hasChildren\": false, \"isChildrenSet\": false, \"dataElementType\": \"integer\"}], \"hasChildren\": false, \"isChildrenSet\": false, \"dataElementType\": \"document\"}, {\"key\": \"/GenerateHTMLComplianceReportInput/ReportVars/ComplianceReportDetailsArray/JsonArray[]/severity\", \"type\": \"string\", \"order\": 8, \"title\": \"severity\", \"value\": {\"type\": \"string\", \"requiredFlag\": false}, \"isLeaf\": true, \"hasChildren\": false, \"isChildrenSet\": false, \"dataElementType\": \"string\"}], \"hasChildren\": false, \"isChildrenSet\": false, \"dataElementType\": \"documentArray\"}], \"editAllow\": true, \"iSReference\": true, \"projectName\": \"AmplifyCentralIntegrationExamples\", \"dataObjectName\": \"ComplianceReportDetailArray\", \"dataElementType\": \"document\"}, {\"id\": \"941baa8e-06e7-42ba-beb2-614f726f4915\", \"key\": \"/GenerateHTMLComplianceReportInput/ReportVars/JobName\", \"edit\": false, \"type\": \"node\", \"order\": 1, \"title\": \"JobName\", \"value\": {\"type\": \"string\"}, \"children\": [], \"editAllow\": true, \"dataElementType\": \"string\"}, {\"id\": \"b0072ba7-9a73-4723-bd8a-dfeb21cd21dc\", \"key\": \"/GenerateHTMLComplianceReportInput/ReportVars/JobId\", \"edit\": false, \"type\": \"node\", \"order\": 1, \"title\": \"JobId\", \"value\": {\"type\": \"string\"}, \"children\": [], \"editAllow\": true, \"dataElementType\": \"string\"}, {\"id\": \"2f7bf373-258d-44db-9be8-14bece761af2\", \"key\": \"/GenerateHTMLComplianceReportInput/ReportVars/OASDocUrl\", \"edit\": false, \"type\": \"node\", \"order\": 1, \"title\": \"OASDocUrl\", \"value\": {\"type\": \"string\"}, \"children\": [], \"editAllow\": true, \"dataElementType\": \"string\"}], \"editAllow\": true, \"dataElementType\": \"document\"}], \"childrenSet\": false, \"hasChildren\": false, \"dataElementType\": \"document\", \"documentReference\": []}]",
    "null" : false
  },
  "service_output" : {
    "type" : "jsonb",
    "value" : "[{\"id\": \"9ace2cd3-b489-40e7-b71c-f663149e5ff2\", \"key\": \"/GenerateHTMLComplianceReportOutput\", \"type\": \"object\", \"order\": 1, \"title\": \"GenerateHTMLComplianceReportOutput\", \"value\": {\"type\": \"object\"}, \"isLeaf\": false, \"children\": [{\"id\": \"a45f7e20-a69c-4883-89f8-7fad7445d6e5\", \"key\": \"/GenerateHTMLComplianceReportOutput/HTMLContents\", \"edit\": false, \"type\": \"node\", \"order\": 1, \"title\": \"HTMLContents\", \"value\": {\"type\": \"string\"}, \"children\": [], \"editAllow\": true, \"dataElementType\": \"string\"}], \"childrenSet\": false, \"hasChildren\": false, \"dataElementType\": \"document\", \"documentReference\": []}]",
    "null" : false
  },
  "service_input_json_schema" : {
    "type" : "jsonb",
    "value" : "{\"required\": [], \"properties\": {\"GenerateHTMLComplianceReportInput\": {\"type\": \"object\", \"required\": [], \"properties\": {\"ReportVars\": {\"type\": \"array\"}}, \"additionalProperties\": false}}, \"additionalProperties\": false}",
    "null" : false
  },
  "service_output_json_schema" : {
    "type" : "jsonb",
    "value" : "{\"required\": [], \"properties\": {\"GenerateHTMLComplianceReportOutput\": {\"type\": \"object\", \"required\": [], \"properties\": {\"HTMLContents\": {\"type\": \"string\"}}, \"additionalProperties\": false}}, \"additionalProperties\": false}",
    "null" : false
  },
  "type" : "SERVICE",
  "error_handler" : false,
  "tag" : "EMPTY",
  "active" : true,
  "is_changed" : false,
  "comment" : null,
  "base_tag" : "V48",
  "test_input" : {
    "type" : "jsonb",
    "value" : "{}",
    "null" : false
  },
  "test_input_structure" : {
    "type" : "jsonb",
    "value" : "[{\"id\": \"a4a02edc-99d0-46d7-bf32-fccad28ebe08\", \"key\": \"/GenerateHTMLComplianceReportInput\", \"type\": \"object\", \"order\": 1, \"title\": \"GenerateHTMLComplianceReportInput\", \"value\": {\"type\": \"object\"}, \"isLeaf\": false, \"children\": [{\"id\": \"74173669-aebb-40a8-b082-2696784b6255\", \"key\": \"/GenerateHTMLComplianceReportInput/ReportVars\", \"edit\": false, \"type\": \"node\", \"order\": 1, \"title\": \"ReportVars\", \"value\": {\"type\": \"array\"}, \"children\": [{\"id\": \"c1be11aa-8dc7-453e-90d8-f251ec674afd\", \"key\": \"/GenerateHTMLComplianceReportInput/ReportVars/APIName\", \"edit\": false, \"type\": \"node\", \"order\": 1, \"title\": \"APIName\", \"value\": {\"type\": \"string\"}, \"children\": [], \"editAllow\": true, \"dataElementType\": \"string\"}, {\"id\": \"c548190b-cb38-4b6f-96b8-f7d0ed2557cc\", \"key\": \"/GenerateHTMLComplianceReportInput/ReportVars/EnvName\", \"edit\": false, \"type\": \"node\", \"order\": 1, \"title\": \"EnvName\", \"value\": {\"type\": \"string\"}, \"children\": [], \"editAllow\": true, \"dataElementType\": \"string\"}, {\"id\": \"e82ef0f5-cd9a-4b5c-8e90-4cd9a35e7f29\", \"key\": \"/GenerateHTMLComplianceReportInput/ReportVars/Score\", \"edit\": false, \"type\": \"node\", \"order\": 1, \"title\": \"Score\", \"value\": {\"type\": \"string\"}, \"children\": [], \"editAllow\": true, \"dataElementType\": \"string\"}, {\"id\": \"bf745247-6c4d-4daf-9bae-65fed4f8f730\", \"key\": \"/GenerateHTMLComplianceReportInput/ReportVars/ErrorCount\", \"edit\": false, \"type\": \"node\", \"order\": 1, \"title\": \"ErrorCount\", \"value\": {\"type\": \"string\"}, \"children\": [], \"editAllow\": true, \"dataElementType\": \"string\"}, {\"id\": \"822563d9-e879-4983-b729-b3f5e3ace855\", \"key\": \"/GenerateHTMLComplianceReportInput/ReportVars/WarningCount\", \"edit\": false, \"type\": \"node\", \"order\": 1, \"title\": \"WarningCount\", \"value\": {\"type\": \"string\"}, \"children\": [], \"editAllow\": true, \"dataElementType\": \"string\"}, {\"id\": \"971636ad-dbc0-4f0b-90c2-a340c459751c\", \"key\": \"/GenerateHTMLComplianceReportInput/ReportVars/RuleName\", \"edit\": false, \"type\": \"node\", \"order\": 1, \"title\": \"RuleName\", \"value\": {\"type\": \"string\"}, \"children\": [], \"editAllow\": true, \"dataElementType\": \"string\"}, {\"id\": \"fb6ad04c-48fe-4842-9b69-64064c2513eb\", \"key\": \"/GenerateHTMLComplianceReportInput/ReportVars/RuleType\", \"edit\": false, \"type\": \"node\", \"order\": 1, \"title\": \"RuleType\", \"value\": {\"type\": \"string\"}, \"children\": [], \"editAllow\": true, \"dataElementType\": \"string\"}, {\"id\": \"1b65a8c9-9de8-4482-8c45-ff3ff33c291e\", \"key\": \"/GenerateHTMLComplianceReportInput/ReportVars/ComplianceReportDetailsArray\", \"edit\": false, \"type\": \"node\", \"order\": 1, \"title\": \"ComplianceReportDetailsArray\", \"value\": {}, \"children\": [{\"key\": \"/GenerateHTMLComplianceReportInput/ReportVars/ComplianceReportDetailsArray/JsonArray[]\", \"type\": \"array\", \"order\": 1, \"title\": \"JsonArray\", \"value\": {\"type\": \"array\", \"requiredFlag\": false}, \"isLeaf\": false, \"children\": [{\"key\": \"/GenerateHTMLComplianceReportInput/ReportVars/ComplianceReportDetailsArray/JsonArray[]/path\", \"type\": \"string\", \"order\": 2, \"title\": \"path\", \"value\": {\"type\": \"string\", \"requiredFlag\": false}, \"isLeaf\": true, \"hasChildren\": false, \"isChildrenSet\": false, \"dataElementType\": \"string\"}, {\"key\": \"/GenerateHTMLComplianceReportInput/ReportVars/ComplianceReportDetailsArray/JsonArray[]/rule\", \"type\": \"string\", \"order\": 3, \"title\": \"rule\", \"value\": {\"type\": \"string\", \"requiredFlag\": false}, \"isLeaf\": true, \"hasChildren\": false, \"isChildrenSet\": false, \"dataElementType\": \"string\"}, {\"key\": \"/GenerateHTMLComplianceReportInput/ReportVars/ComplianceReportDetailsArray/JsonArray[]/message\", \"type\": \"string\", \"order\": 4, \"title\": \"message\", \"value\": {\"type\": \"string\", \"requiredFlag\": false}, \"isLeaf\": true, \"hasChildren\": false, \"isChildrenSet\": false, \"dataElementType\": \"string\"}, {\"key\": \"/GenerateHTMLComplianceReportInput/ReportVars/ComplianceReportDetailsArray/JsonArray[]/location\", \"type\": \"object\", \"order\": 5, \"title\": \"location\", \"value\": {\"type\": \"object\", \"requiredFlag\": false}, \"isLeaf\": false, \"children\": [{\"key\": \"/GenerateHTMLComplianceReportInput/ReportVars/ComplianceReportDetailsArray/JsonArray[]/location/line\", \"type\": \"integer\", \"order\": 6, \"title\": \"line\", \"value\": {\"type\": \"integer\", \"requiredFlag\": false}, \"isLeaf\": true, \"hasChildren\": false, \"isChildrenSet\": false, \"dataElementType\": \"integer\"}, {\"key\": \"/GenerateHTMLComplianceReportInput/ReportVars/ComplianceReportDetailsArray/JsonArray[]/location/character\", \"type\": \"integer\", \"order\": 7, \"title\": \"character\", \"value\": {\"type\": \"integer\", \"requiredFlag\": false}, \"isLeaf\": true, \"hasChildren\": false, \"isChildrenSet\": false, \"dataElementType\": \"integer\"}], \"hasChildren\": false, \"isChildrenSet\": false, \"dataElementType\": \"document\"}, {\"key\": \"/GenerateHTMLComplianceReportInput/ReportVars/ComplianceReportDetailsArray/JsonArray[]/severity\", \"type\": \"string\", \"order\": 8, \"title\": \"severity\", \"value\": {\"type\": \"string\", \"requiredFlag\": false}, \"isLeaf\": true, \"hasChildren\": false, \"isChildrenSet\": false, \"dataElementType\": \"string\"}], \"hasChildren\": false, \"isChildrenSet\": false, \"dataElementType\": \"documentArray\"}], \"editAllow\": true, \"iSReference\": true, \"projectName\": \"AmplifyCentralIntegrationExamples\", \"dataObjectName\": \"ComplianceReportDetailArray\", \"dataElementType\": \"document\"}, {\"id\": \"941baa8e-06e7-42ba-beb2-614f726f4915\", \"key\": \"/GenerateHTMLComplianceReportInput/ReportVars/JobName\", \"edit\": false, \"type\": \"node\", \"order\": 1, \"title\": \"JobName\", \"value\": {\"type\": \"string\"}, \"children\": [], \"editAllow\": true, \"dataElementType\": \"string\"}, {\"id\": \"b0072ba7-9a73-4723-bd8a-dfeb21cd21dc\", \"key\": \"/GenerateHTMLComplianceReportInput/ReportVars/JobId\", \"edit\": false, \"type\": \"node\", \"order\": 1, \"title\": \"JobId\", \"value\": {\"type\": \"string\"}, \"children\": [], \"editAllow\": true, \"dataElementType\": \"string\"}, {\"id\": \"2f7bf373-258d-44db-9be8-14bece761af2\", \"key\": \"/GenerateHTMLComplianceReportInput/ReportVars/OASDocUrl\", \"edit\": false, \"type\": \"node\", \"order\": 1, \"title\": \"OASDocUrl\", \"value\": {\"type\": \"string\"}, \"children\": [], \"editAllow\": true, \"dataElementType\": \"string\"}], \"editAllow\": true, \"dataElementType\": \"document\"}], \"childrenSet\": false, \"hasChildren\": false, \"dataElementType\": \"document\", \"documentReference\": []}]",
    "null" : false
  }
}