{
  "id" : "a6b86a3c-afc1-4f60-b37f-5bd510b268e7",
  "name" : "GetEnvAPIMetrics",
  "description" : "Get Env API Metrics",
  "iserror" : false,
  "no_of_errors" : 0,
  "service_input" : {
    "type" : "jsonb",
    "value" : "[{\"id\": \"bcecbb51-5c8d-4b43-b5f4-1acc78ff2616\", \"key\": \"/GetEnvAPIMetricsInput\", \"type\": \"object\", \"order\": 1, \"title\": \"GetEnvAPIMetricsInput\", \"value\": {\"type\": \"object\"}, \"isLeaf\": false, \"children\": [{\"id\": \"e2f2dd15-e0ae-44eb-9b51-8cd72f4d8c1a\", \"key\": \"/GetEnvAPIMetricsInput/EnvironmentId\", \"edit\": false, \"type\": \"node\", \"order\": 1, \"title\": \"EnvironmentId\", \"value\": {\"type\": \"string\"}, \"children\": [], \"editAllow\": true, \"dataElementType\": \"string\"}], \"childrenSet\": false, \"hasChildren\": false, \"dataElementType\": \"document\", \"documentReference\": []}]",
    "null" : false
  },
  "service_output" : {
    "type" : "jsonb",
    "value" : "[{\"id\": \"1b8e2905-c137-448f-8384-68f238c770b4\", \"key\": \"/GetEnvAPIMetricsOutput\", \"type\": \"object\", \"order\": 1, \"title\": \"GetEnvAPIMetricsOutput\", \"value\": {\"type\": \"object\"}, \"isLeaf\": false, \"children\": [{\"id\": \"5adfc024-50f4-45a8-aa75-6ea182a95fec\", \"key\": \"/GetEnvAPIMetricsOutput/EnvAPISummaryResponse\", \"edit\": false, \"type\": \"node\", \"order\": 1, \"title\": \"EnvAPISummaryResponse\", \"value\": {}, \"children\": [{\"id\": \"feac533d-9fef-4765-8f95-7aacdc09e62b\", \"key\": \"/GetEnvAPIMetricsOutput/EnvAPISummaryResponse/JsonArray[]\", \"type\": \"node\", \"order\": 1, \"title\": \"JsonArray\", \"value\": {\"type\": \"array\"}, \"isLeaf\": false, \"children\": [{\"id\": \"91291345-072a-4584-b439-f39a1a049625\", \"key\": \"/GetEnvAPIMetricsOutput/EnvAPISummaryResponse/JsonArray[]/failureCount\", \"type\": \"node\", \"order\": 2, \"title\": \"failureCount\", \"value\": {\"type\": \"integer\"}, \"isLeaf\": true, \"editAllow\": true, \"childrenSet\": false, \"hasChildren\": false, \"dataElementType\": \"integer\"}, {\"id\": \"ceb29157-187d-4595-8c02-bc4bb843c136\", \"key\": \"/GetEnvAPIMetricsOutput/EnvAPISummaryResponse/JsonArray[]/successCount\", \"type\": \"node\", \"order\": 3, \"title\": \"successCount\", \"value\": {\"type\": \"integer\"}, \"isLeaf\": true, \"editAllow\": true, \"childrenSet\": false, \"hasChildren\": false, \"dataElementType\": \"integer\"}, {\"id\": \"f87cfb9d-acea-452b-a8bc-a0e3ff0bce0e\", \"key\": \"/GetEnvAPIMetricsOutput/EnvAPISummaryResponse/JsonArray[]/exceptionCount\", \"type\": \"node\", \"order\": 4, \"title\": \"exceptionCount\", \"value\": {\"type\": \"integer\"}, \"isLeaf\": true, \"editAllow\": true, \"childrenSet\": false, \"hasChildren\": false, \"dataElementType\": \"integer\"}, {\"id\": \"98e00e2c-e52d-4ebd-8c09-1b44cb4faf6e\", \"key\": \"/GetEnvAPIMetricsOutput/EnvAPISummaryResponse/JsonArray[]/totalCount\", \"type\": \"node\", \"order\": 5, \"title\": \"totalCount\", \"value\": {\"type\": \"integer\"}, \"isLeaf\": true, \"editAllow\": true, \"childrenSet\": false, \"hasChildren\": false, \"dataElementType\": \"integer\"}, {\"id\": \"6060e1e2-f52f-4c43-ac78-3d1402eab90f\", \"key\": \"/GetEnvAPIMetricsOutput/EnvAPISummaryResponse/JsonArray[]/avgDurationMs\", \"type\": \"node\", \"order\": 6, \"title\": \"avgDurationMs\", \"value\": {\"type\": \"integer\"}, \"isLeaf\": true, \"editAllow\": true, \"childrenSet\": false, \"hasChildren\": false, \"dataElementType\": \"integer\"}, {\"id\": \"ef5e541d-d2de-45d0-83d1-f616130e19e7\", \"key\": \"/GetEnvAPIMetricsOutput/EnvAPISummaryResponse/JsonArray[]/minDurationMs\", \"type\": \"node\", \"order\": 7, \"title\": \"minDurationMs\", \"value\": {\"type\": \"integer\"}, \"isLeaf\": true, \"editAllow\": true, \"childrenSet\": false, \"hasChildren\": false, \"dataElementType\": \"integer\"}, {\"id\": \"de772d31-b650-4fa6-ae53-07cf175d5936\", \"key\": \"/GetEnvAPIMetricsOutput/EnvAPISummaryResponse/JsonArray[]/maxDurationMs\", \"type\": \"node\", \"order\": 8, \"title\": \"maxDurationMs\", \"value\": {\"type\": \"integer\"}, \"isLeaf\": true, \"editAllow\": true, \"childrenSet\": false, \"hasChildren\": false, \"dataElementType\": \"integer\"}, {\"id\": \"6fa80bd8-b51e-4369-961a-53ad00ebb85c\", \"key\": \"/GetEnvAPIMetricsOutput/EnvAPISummaryResponse/JsonArray[]/proxyId\", \"type\": \"node\", \"order\": 9, \"title\": \"proxyId\", \"value\": {\"type\": \"object\"}, \"isLeaf\": false, \"editAllow\": true, \"childrenSet\": false, \"hasChildren\": false, \"dataElementType\": \"object\"}, {\"id\": \"3a130ccc-1e97-4bb0-b052-6324d49ab6f8\", \"key\": \"/GetEnvAPIMetricsOutput/EnvAPISummaryResponse/JsonArray[]/proxyRevision\", \"type\": \"node\", \"order\": 10, \"title\": \"proxyRevision\", \"value\": {\"type\": \"object\"}, \"isLeaf\": false, \"editAllow\": true, \"childrenSet\": false, \"hasChildren\": false, \"dataElementType\": \"object\"}, {\"id\": \"7753da10-d8c1-434f-9a62-1100a0a4eb4a\", \"key\": \"/GetEnvAPIMetricsOutput/EnvAPISummaryResponse/JsonArray[]/proxyName\", \"type\": \"node\", \"order\": 11, \"title\": \"proxyName\", \"value\": {\"type\": \"object\"}, \"isLeaf\": false, \"editAllow\": true, \"childrenSet\": false, \"hasChildren\": false, \"dataElementType\": \"object\"}, {\"id\": \"5e42ae9a-e840-43c9-a0f4-943c01efd370\", \"key\": \"/GetEnvAPIMetricsOutput/EnvAPISummaryResponse/JsonArray[]/applicationId\", \"type\": \"node\", \"order\": 12, \"title\": \"applicationId\", \"value\": {\"type\": \"object\"}, \"isLeaf\": false, \"editAllow\": true, \"childrenSet\": false, \"hasChildren\": false, \"dataElementType\": \"object\"}, {\"id\": \"1f34d88c-897c-4798-9e60-a29fae76f53a\", \"key\": \"/GetEnvAPIMetricsOutput/EnvAPISummaryResponse/JsonArray[]/applicationName\", \"type\": \"node\", \"order\": 13, \"title\": \"applicationName\", \"value\": {\"type\": \"object\"}, \"isLeaf\": false, \"editAllow\": true, \"childrenSet\": false, \"hasChildren\": false, \"dataElementType\": \"object\"}, {\"id\": \"15679078-498b-4415-953e-421d967e47e6\", \"key\": \"/GetEnvAPIMetricsOutput/EnvAPISummaryResponse/JsonArray[]/teamId\", \"type\": \"node\", \"order\": 14, \"title\": \"teamId\", \"value\": {\"type\": \"object\"}, \"isLeaf\": false, \"editAllow\": true, \"childrenSet\": false, \"hasChildren\": false, \"dataElementType\": \"object\"}, {\"id\": \"d5086360-7f65-4454-8a73-b95a6e292d05\", \"key\": \"/GetEnvAPIMetricsOutput/EnvAPISummaryResponse/JsonArray[]/teamName\", \"type\": \"node\", \"order\": 15, \"title\": \"teamName\", \"value\": {\"type\": \"object\"}, \"isLeaf\": false, \"editAllow\": true, \"childrenSet\": false, \"hasChildren\": false, \"dataElementType\": \"object\"}, {\"id\": \"44e219de-69d8-4b43-8936-06fade85316d\", \"key\": \"/GetEnvAPIMetricsOutput/EnvAPISummaryResponse/JsonArray[]/method\", \"type\": \"node\", \"order\": 16, \"title\": \"method\", \"value\": {\"type\": \"object\"}, \"isLeaf\": false, \"editAllow\": true, \"childrenSet\": false, \"hasChildren\": false, \"dataElementType\": \"object\"}, {\"id\": \"60c21f23-daae-4389-ba9b-987f7018093b\", \"key\": \"/GetEnvAPIMetricsOutput/EnvAPISummaryResponse/JsonArray[]/virtualHost\", \"type\": \"node\", \"order\": 17, \"title\": \"virtualHost\", \"value\": {\"type\": \"object\"}, \"isLeaf\": false, \"editAllow\": true, \"childrenSet\": false, \"hasChildren\": false, \"dataElementType\": \"object\"}, {\"id\": \"7a8826c5-b0ba-40b7-957a-430615483961\", \"key\": \"/GetEnvAPIMetricsOutput/EnvAPISummaryResponse/JsonArray[]/uri\", \"type\": \"node\", \"order\": 18, \"title\": \"uri\", \"value\": {\"type\": \"object\"}, \"isLeaf\": false, \"editAllow\": true, \"childrenSet\": false, \"hasChildren\": false, \"dataElementType\": \"object\"}, {\"id\": \"ef375814-c5c1-474a-99f6-becdd2fdf5a9\", \"key\": \"/GetEnvAPIMetricsOutput/EnvAPISummaryResponse/JsonArray[]/subscriptionId\", \"type\": \"node\", \"order\": 19, \"title\": \"subscriptionId\", \"value\": {\"type\": \"object\"}, \"isLeaf\": false, \"editAllow\": true, \"childrenSet\": false, \"hasChildren\": false, \"dataElementType\": \"object\"}, {\"id\": \"04db9a1d-eed1-4702-b5ed-8b2423e36ee4\", \"key\": \"/GetEnvAPIMetricsOutput/EnvAPISummaryResponse/JsonArray[]/subscriptionName\", \"type\": \"node\", \"order\": 20, \"title\": \"subscriptionName\", \"value\": {\"type\": \"object\"}, \"isLeaf\": false, \"editAllow\": true, \"childrenSet\": false, \"hasChildren\": false, \"dataElementType\": \"object\"}, {\"id\": \"1d67747b-e321-4ffb-add7-c630210b69c3\", \"key\": \"/GetEnvAPIMetricsOutput/EnvAPISummaryResponse/JsonArray[]/consumerTeamId\", \"type\": \"node\", \"order\": 21, \"title\": \"consumerTeamId\", \"value\": {\"type\": \"object\"}, \"isLeaf\": false, \"editAllow\": true, \"childrenSet\": false, \"hasChildren\": false, \"dataElementType\": \"object\"}, {\"id\": \"b387814a-2ef2-4a42-bed2-f4a16aa775be\", \"key\": \"/GetEnvAPIMetricsOutput/EnvAPISummaryResponse/JsonArray[]/consumerTeamName\", \"type\": \"node\", \"order\": 22, \"title\": \"consumerTeamName\", \"value\": {\"type\": \"object\"}, \"isLeaf\": false, \"editAllow\": true, \"childrenSet\": false, \"hasChildren\": false, \"dataElementType\": \"object\"}, {\"id\": \"5e2407fc-8dd1-4f21-8278-3a9add17cdab\", \"key\": \"/GetEnvAPIMetricsOutput/EnvAPISummaryResponse/JsonArray[]/environmentId\", \"type\": \"node\", \"order\": 23, \"title\": \"environmentId\", \"value\": {\"type\": \"object\"}, \"isLeaf\": false, \"editAllow\": true, \"childrenSet\": false, \"hasChildren\": false, \"dataElementType\": \"object\"}, {\"id\": \"ae3443ee-605a-4941-ade8-a11ff06f4b84\", \"key\": \"/GetEnvAPIMetricsOutput/EnvAPISummaryResponse/JsonArray[]/environmentName\", \"type\": \"node\", \"order\": 24, \"title\": \"environmentName\", \"value\": {\"type\": \"object\"}, \"isLeaf\": false, \"editAllow\": true, \"childrenSet\": false, \"hasChildren\": false, \"dataElementType\": \"object\"}, {\"id\": \"30f96e4f-d5bb-434e-9924-7f64e052b219\", \"key\": \"/GetEnvAPIMetricsOutput/EnvAPISummaryResponse/JsonArray[]/consumerOrgId\", \"type\": \"node\", \"order\": 25, \"title\": \"consumerOrgId\", \"value\": {\"type\": \"object\"}, \"isLeaf\": false, \"editAllow\": true, \"childrenSet\": false, \"hasChildren\": false, \"dataElementType\": \"object\"}, {\"id\": \"7e2df157-6374-4425-8457-b21a4f7f8cfc\", \"key\": \"/GetEnvAPIMetricsOutput/EnvAPISummaryResponse/JsonArray[]/consumerOrgName\", \"type\": \"node\", \"order\": 26, \"title\": \"consumerOrgName\", \"value\": {\"type\": \"object\"}, \"isLeaf\": false, \"editAllow\": true, \"childrenSet\": false, \"hasChildren\": false, \"dataElementType\": \"object\"}, {\"id\": \"b5b69db7-b0ba-4917-8861-d4c640a3217a\", \"key\": \"/GetEnvAPIMetricsOutput/EnvAPISummaryResponse/JsonArray[]/marketplaceId\", \"type\": \"node\", \"order\": 27, \"title\": \"marketplaceId\", \"value\": {\"type\": \"object\"}, \"isLeaf\": false, \"editAllow\": true, \"childrenSet\": false, \"hasChildren\": false, \"dataElementType\": \"object\"}, {\"id\": \"40621110-eb01-4efa-adfe-4578d9121e26\", \"key\": \"/GetEnvAPIMetricsOutput/EnvAPISummaryResponse/JsonArray[]/marketplaceName\", \"type\": \"node\", \"order\": 28, \"title\": \"marketplaceName\", \"value\": {\"type\": \"object\"}, \"isLeaf\": false, \"editAllow\": true, \"childrenSet\": false, \"hasChildren\": false, \"dataElementType\": \"object\"}, {\"id\": \"90b201f2-6512-411b-84ca-b6f2bf283aa9\", \"key\": \"/GetEnvAPIMetricsOutput/EnvAPISummaryResponse/JsonArray[]/productId\", \"type\": \"node\", \"order\": 29, \"title\": \"productId\", \"value\": {\"type\": \"object\"}, \"isLeaf\": false, \"editAllow\": true, \"childrenSet\": false, \"hasChildren\": false, \"dataElementType\": \"object\"}, {\"id\": \"234210b8-f274-4676-9a10-ee11f0cb1c4f\", \"key\": \"/GetEnvAPIMetricsOutput/EnvAPISummaryResponse/JsonArray[]/productName\", \"type\": \"node\", \"order\": 30, \"title\": \"productName\", \"value\": {\"type\": \"object\"}, \"isLeaf\": false, \"editAllow\": true, \"childrenSet\": false, \"hasChildren\": false, \"dataElementType\": \"object\"}, {\"id\": \"b3a665ff-e6ea-4a79-bd7f-bc081eb26c3a\", \"key\": \"/GetEnvAPIMetricsOutput/EnvAPISummaryResponse/JsonArray[]/assetResourceId\", \"type\": \"node\", \"order\": 31, \"title\": \"assetResourceId\", \"value\": {\"type\": \"object\"}, \"isLeaf\": false, \"editAllow\": true, \"childrenSet\": false, \"hasChildren\": false, \"dataElementType\": \"object\"}, {\"id\": \"e68b7a28-89cf-4d79-9a9a-631eaafdf4f2\", \"key\": \"/GetEnvAPIMetricsOutput/EnvAPISummaryResponse/JsonArray[]/assetResourceName\", \"type\": \"node\", \"order\": 32, \"title\": \"assetResourceName\", \"value\": {\"type\": \"object\"}, \"isLeaf\": false, \"editAllow\": true, \"childrenSet\": false, \"hasChildren\": false, \"dataElementType\": \"object\"}], \"editAllow\": true, \"childrenSet\": false, \"hasChildren\": false, \"dataElementType\": \"documentArray\"}], \"editAllow\": true, \"dataElementType\": \"document\"}], \"childrenSet\": false, \"hasChildren\": false, \"dataElementType\": \"document\", \"documentReference\": []}]",
    "null" : false
  },
  "service_input_json_schema" : {
    "type" : "jsonb",
    "value" : "{\"required\": [], \"properties\": {\"GetEnvAPIMetricsInput\": {\"type\": \"object\", \"required\": [], \"properties\": {\"EnvironmentId\": {\"type\": \"string\"}}, \"additionalProperties\": false}}, \"additionalProperties\": false}",
    "null" : false
  },
  "service_output_json_schema" : {
    "type" : "jsonb",
    "value" : "{\"required\": [], \"properties\": {\"GetEnvAPIMetricsOutput\": {\"type\": \"object\", \"required\": [], \"properties\": {\"EnvAPISummaryResponse\": {}}, \"additionalProperties\": false}}, \"additionalProperties\": false}",
    "null" : false
  },
  "type" : "SERVICE",
  "error_handler" : false,
  "tag" : "EMPTY",
  "active" : true,
  "is_changed" : false,
  "comment" : null,
  "base_tag" : "V48",
  "test_input" : {
    "type" : "jsonb",
    "value" : "{\"GetEnvAPIMetricsInput\": {\"EnvironmentId\": \"1\"}}",
    "null" : false
  },
  "test_input_structure" : {
    "type" : "jsonb",
    "value" : "[{\"id\": \"bcecbb51-5c8d-4b43-b5f4-1acc78ff2616\", \"key\": \"/GetEnvAPIMetricsInput\", \"type\": \"object\", \"order\": 1, \"title\": \"GetEnvAPIMetricsInput\", \"value\": {\"type\": \"object\"}, \"isLeaf\": false, \"children\": [{\"id\": \"e2f2dd15-e0ae-44eb-9b51-8cd72f4d8c1a\", \"key\": \"/GetEnvAPIMetricsInput/EnvironmentId\", \"edit\": false, \"type\": \"node\", \"order\": 1, \"title\": \"EnvironmentId\", \"value\": {\"type\": \"string\"}, \"children\": [], \"setValue\": \"1\", \"editAllow\": true, \"dataElementType\": \"string\"}], \"childrenSet\": false, \"hasChildren\": false, \"dataElementType\": \"document\", \"documentReference\": []}]",
    "null" : false
  }
}