{
  "id" : "014c94b6-f702-4e9c-b38e-88d2c8795e28",
  "name" : "InitializeProductSummaryMetricsResponse",
  "description" : "InitializeProductSummaryMetricsResponse",
  "iserror" : false,
  "no_of_errors" : 0,
  "service_input" : {
    "type" : "jsonb",
    "value" : "[{\"id\": \"2949792a-3dc3-4990-abb7-d302873e5599\", \"key\": \"/InitializeProductSummaryMetricsResponseInput\", \"type\": \"object\", \"order\": 1, \"title\": \"InitializeProductSummaryMetricsResponseInput\", \"value\": {\"type\": \"object\"}, \"isLeaf\": false, \"children\": [{\"id\": \"bcd0c65a-da7d-478b-9147-abdf5e763c7c\", \"key\": \"/InitializeProductSummaryMetricsResponseInput/BadgeServerResponse\", \"edit\": false, \"type\": \"node\", \"order\": 1, \"title\": \"BadgeServerResponse\", \"value\": {}, \"children\": [{\"key\": \"/InitializeProductSummaryMetricsResponseInput/BadgeServerResponse/schemaVersion\", \"type\": \"integer\", \"order\": 1, \"title\": \"schemaVersion\", \"value\": {\"type\": \"integer\", \"requiredFlag\": false}, \"isLeaf\": true, \"hasChildren\": false, \"isChildrenSet\": false, \"dataElementType\": \"integer\"}, {\"key\": \"/InitializeProductSummaryMetricsResponseInput/BadgeServerResponse/label\", \"type\": \"string\", \"order\": 2, \"title\": \"label\", \"value\": {\"type\": \"string\", \"requiredFlag\": false}, \"isLeaf\": true, \"hasChildren\": false, \"isChildrenSet\": false, \"dataElementType\": \"string\"}, {\"key\": \"/InitializeProductSummaryMetricsResponseInput/BadgeServerResponse/message\", \"type\": \"string\", \"order\": 3, \"title\": \"message\", \"value\": {\"type\": \"string\", \"requiredFlag\": false}, \"isLeaf\": true, \"hasChildren\": false, \"isChildrenSet\": false, \"dataElementType\": \"string\"}, {\"key\": \"/InitializeProductSummaryMetricsResponseInput/BadgeServerResponse/color\", \"type\": \"string\", \"order\": 4, \"title\": \"color\", \"value\": {\"type\": \"string\", \"requiredFlag\": false}, \"isLeaf\": true, \"hasChildren\": false, \"isChildrenSet\": false, \"dataElementType\": \"string\"}, {\"key\": \"/InitializeProductSummaryMetricsResponseInput/BadgeServerResponse/labelColor\", \"type\": \"string\", \"order\": 5, \"title\": \"labelColor\", \"value\": {\"type\": \"string\", \"requiredFlag\": false}, \"isLeaf\": true, \"hasChildren\": false, \"isChildrenSet\": false, \"dataElementType\": \"string\"}, {\"key\": \"/InitializeProductSummaryMetricsResponseInput/BadgeServerResponse/isError\", \"type\": \"string\", \"order\": 6, \"title\": \"isError\", \"value\": {\"type\": \"string\", \"requiredFlag\": false}, \"isLeaf\": true, \"hasChildren\": false, \"isChildrenSet\": false, \"dataElementType\": \"string\"}, {\"key\": \"/InitializeProductSummaryMetricsResponseInput/BadgeServerResponse/namedLogo\", \"type\": \"string\", \"order\": 7, \"title\": \"namedLogo\", \"value\": {\"type\": \"string\", \"requiredFlag\": false}, \"isLeaf\": true, \"hasChildren\": false, \"isChildrenSet\": false, \"dataElementType\": \"string\"}, {\"key\": \"/InitializeProductSummaryMetricsResponseInput/BadgeServerResponse/logoSvg\", \"type\": \"string\", \"order\": 8, \"title\": \"logoSvg\", \"value\": {\"type\": \"string\", \"requiredFlag\": false}, \"isLeaf\": true, \"hasChildren\": false, \"isChildrenSet\": false, \"dataElementType\": \"string\"}, {\"key\": \"/InitializeProductSummaryMetricsResponseInput/BadgeServerResponse/logoColor\", \"type\": \"string\", \"order\": 9, \"title\": \"logoColor\", \"value\": {\"type\": \"string\", \"requiredFlag\": false}, \"isLeaf\": true, \"hasChildren\": false, \"isChildrenSet\": false, \"dataElementType\": \"string\"}, {\"key\": \"/InitializeProductSummaryMetricsResponseInput/BadgeServerResponse/logoWidth\", \"type\": \"string\", \"order\": 10, \"title\": \"logoWidth\", \"value\": {\"type\": \"string\", \"requiredFlag\": false}, \"isLeaf\": true, \"hasChildren\": false, \"isChildrenSet\": false, \"dataElementType\": \"string\"}, {\"key\": \"/InitializeProductSummaryMetricsResponseInput/BadgeServerResponse/logoPosition\", \"type\": \"string\", \"order\": 11, \"title\": \"logoPosition\", \"value\": {\"type\": \"string\", \"requiredFlag\": false}, \"isLeaf\": true, \"hasChildren\": false, \"isChildrenSet\": false, \"dataElementType\": \"string\"}, {\"key\": \"/InitializeProductSummaryMetricsResponseInput/BadgeServerResponse/style\", \"type\": \"string\", \"order\": 12, \"title\": \"style\", \"value\": {\"type\": \"string\", \"requiredFlag\": false}, \"isLeaf\": true, \"hasChildren\": false, \"isChildrenSet\": false, \"dataElementType\": \"string\"}], \"editAllow\": true, \"iSReference\": true, \"projectName\": \"AmplifyCentralIntegrationExamples\", \"dataObjectName\": \"BadgeServerResponse\", \"dataElementType\": \"document\"}], \"childrenSet\": false, \"hasChildren\": false, \"dataElementType\": \"document\", \"documentReference\": [{\"id\": \"8dcb2c39-842d-4551-8cbb-6724c2d37283\", \"referenceName\": \"AmplifyCentralIntegrationExamples.BadgeServerResponse\"}]}]",
    "null" : false
  },
  "service_output" : {
    "type" : "jsonb",
    "value" : "[{\"id\": \"08232d0f-3f91-4d96-b3d5-88e089b72fa2\", \"key\": \"/InitializeProductSummaryMetricsResponseOutput\", \"type\": \"object\", \"order\": 1, \"title\": \"InitializeProductSummaryMetricsResponseOutput\", \"value\": {\"type\": \"object\"}, \"isLeaf\": false, \"children\": [{\"id\": \"f62cef34-5b21-4f54-8c08-26a6b82f2bf7\", \"key\": \"/InitializeProductSummaryMetricsResponseOutput/BadgeServerResponse\", \"edit\": false, \"type\": \"node\", \"order\": 1, \"title\": \"BadgeServerResponse\", \"value\": {}, \"children\": [{\"key\": \"/InitializeProductSummaryMetricsResponseOutput/BadgeServerResponse/schemaVersion\", \"type\": \"integer\", \"order\": 1, \"title\": \"schemaVersion\", \"value\": {\"type\": \"integer\", \"requiredFlag\": false}, \"isLeaf\": true, \"hasChildren\": false, \"isChildrenSet\": false, \"dataElementType\": \"integer\"}, {\"key\": \"/InitializeProductSummaryMetricsResponseOutput/BadgeServerResponse/label\", \"type\": \"string\", \"order\": 2, \"title\": \"label\", \"value\": {\"type\": \"string\", \"requiredFlag\": false}, \"isLeaf\": true, \"hasChildren\": false, \"isChildrenSet\": false, \"dataElementType\": \"string\"}, {\"key\": \"/InitializeProductSummaryMetricsResponseOutput/BadgeServerResponse/message\", \"type\": \"string\", \"order\": 3, \"title\": \"message\", \"value\": {\"type\": \"string\", \"requiredFlag\": false}, \"isLeaf\": true, \"hasChildren\": false, \"isChildrenSet\": false, \"dataElementType\": \"string\"}, {\"key\": \"/InitializeProductSummaryMetricsResponseOutput/BadgeServerResponse/color\", \"type\": \"string\", \"order\": 4, \"title\": \"color\", \"value\": {\"type\": \"string\", \"requiredFlag\": false}, \"isLeaf\": true, \"hasChildren\": false, \"isChildrenSet\": false, \"dataElementType\": \"string\"}, {\"key\": \"/InitializeProductSummaryMetricsResponseOutput/BadgeServerResponse/labelColor\", \"type\": \"string\", \"order\": 5, \"title\": \"labelColor\", \"value\": {\"type\": \"string\", \"requiredFlag\": false}, \"isLeaf\": true, \"hasChildren\": false, \"isChildrenSet\": false, \"dataElementType\": \"string\"}, {\"key\": \"/InitializeProductSummaryMetricsResponseOutput/BadgeServerResponse/isError\", \"type\": \"string\", \"order\": 6, \"title\": \"isError\", \"value\": {\"type\": \"string\", \"requiredFlag\": false}, \"isLeaf\": true, \"hasChildren\": false, \"isChildrenSet\": false, \"dataElementType\": \"string\"}, {\"key\": \"/InitializeProductSummaryMetricsResponseOutput/BadgeServerResponse/namedLogo\", \"type\": \"string\", \"order\": 7, \"title\": \"namedLogo\", \"value\": {\"type\": \"string\", \"requiredFlag\": false}, \"isLeaf\": true, \"hasChildren\": false, \"isChildrenSet\": false, \"dataElementType\": \"string\"}, {\"key\": \"/InitializeProductSummaryMetricsResponseOutput/BadgeServerResponse/logoSvg\", \"type\": \"string\", \"order\": 8, \"title\": \"logoSvg\", \"value\": {\"type\": \"string\", \"requiredFlag\": false}, \"isLeaf\": true, \"hasChildren\": false, \"isChildrenSet\": false, \"dataElementType\": \"string\"}, {\"key\": \"/InitializeProductSummaryMetricsResponseOutput/BadgeServerResponse/logoColor\", \"type\": \"string\", \"order\": 9, \"title\": \"logoColor\", \"value\": {\"type\": \"string\", \"requiredFlag\": false}, \"isLeaf\": true, \"hasChildren\": false, \"isChildrenSet\": false, \"dataElementType\": \"string\"}, {\"key\": \"/InitializeProductSummaryMetricsResponseOutput/BadgeServerResponse/logoWidth\", \"type\": \"string\", \"order\": 10, \"title\": \"logoWidth\", \"value\": {\"type\": \"string\", \"requiredFlag\": false}, \"isLeaf\": true, \"hasChildren\": false, \"isChildrenSet\": false, \"dataElementType\": \"string\"}, {\"key\": \"/InitializeProductSummaryMetricsResponseOutput/BadgeServerResponse/logoPosition\", \"type\": \"string\", \"order\": 11, \"title\": \"logoPosition\", \"value\": {\"type\": \"string\", \"requiredFlag\": false}, \"isLeaf\": true, \"hasChildren\": false, \"isChildrenSet\": false, \"dataElementType\": \"string\"}, {\"key\": \"/InitializeProductSummaryMetricsResponseOutput/BadgeServerResponse/style\", \"type\": \"string\", \"order\": 12, \"title\": \"style\", \"value\": {\"type\": \"string\", \"requiredFlag\": false}, \"isLeaf\": true, \"hasChildren\": false, \"isChildrenSet\": false, \"dataElementType\": \"string\"}], \"editAllow\": true, \"iSReference\": true, \"projectName\": \"AmplifyCentralIntegrationExamples\", \"dataObjectName\": \"BadgeServerResponse\", \"dataElementType\": \"document\"}], \"childrenSet\": false, \"hasChildren\": false, \"dataElementType\": \"document\", \"documentReference\": [{\"id\": \"8dcb2c39-842d-4551-8cbb-6724c2d37283\", \"referenceName\": \"AmplifyCentralIntegrationExamples.BadgeServerResponse\"}]}]",
    "null" : false
  },
  "service_input_json_schema" : {
    "type" : "jsonb",
    "value" : "{\"required\": [], \"properties\": {\"InitializeProductSummaryMetricsResponseInput\": {\"type\": \"object\", \"required\": [], \"properties\": {\"BadgeServerResponse\": {}}, \"additionalProperties\": false}}, \"additionalProperties\": false}",
    "null" : false
  },
  "service_output_json_schema" : {
    "type" : "jsonb",
    "value" : "{\"required\": [], \"properties\": {\"InitializeProductSummaryMetricsResponseOutput\": {\"type\": \"object\", \"required\": [], \"properties\": {\"BadgeServerResponse\": {}}, \"additionalProperties\": false}}, \"additionalProperties\": false}",
    "null" : false
  },
  "type" : "SERVICE",
  "error_handler" : false,
  "tag" : "EMPTY",
  "active" : true,
  "is_changed" : false,
  "comment" : null,
  "base_tag" : "V48",
  "test_input" : {
    "type" : "jsonb",
    "value" : "{}",
    "null" : false
  },
  "test_input_structure" : {
    "type" : "jsonb",
    "value" : "[{\"id\": \"2949792a-3dc3-4990-abb7-d302873e5599\", \"key\": \"/InitializeProductSummaryMetricsResponseInput\", \"type\": \"object\", \"order\": 1, \"title\": \"InitializeProductSummaryMetricsResponseInput\", \"value\": {\"type\": \"object\"}, \"isLeaf\": false, \"children\": [{\"id\": \"bcd0c65a-da7d-478b-9147-abdf5e763c7c\", \"key\": \"/InitializeProductSummaryMetricsResponseInput/BadgeServerResponse\", \"edit\": false, \"type\": \"node\", \"order\": 1, \"title\": \"BadgeServerResponse\", \"value\": {}, \"children\": [{\"key\": \"/InitializeProductSummaryMetricsResponseInput/BadgeServerResponse/schemaVersion\", \"type\": \"integer\", \"order\": 1, \"title\": \"schemaVersion\", \"value\": {\"type\": \"integer\", \"requiredFlag\": false}, \"isLeaf\": true, \"hasChildren\": false, \"isChildrenSet\": false, \"dataElementType\": \"integer\"}, {\"key\": \"/InitializeProductSummaryMetricsResponseInput/BadgeServerResponse/label\", \"type\": \"string\", \"order\": 2, \"title\": \"label\", \"value\": {\"type\": \"string\", \"requiredFlag\": false}, \"isLeaf\": true, \"hasChildren\": false, \"isChildrenSet\": false, \"dataElementType\": \"string\"}, {\"key\": \"/InitializeProductSummaryMetricsResponseInput/BadgeServerResponse/message\", \"type\": \"string\", \"order\": 3, \"title\": \"message\", \"value\": {\"type\": \"string\", \"requiredFlag\": false}, \"isLeaf\": true, \"hasChildren\": false, \"isChildrenSet\": false, \"dataElementType\": \"string\"}, {\"key\": \"/InitializeProductSummaryMetricsResponseInput/BadgeServerResponse/color\", \"type\": \"string\", \"order\": 4, \"title\": \"color\", \"value\": {\"type\": \"string\", \"requiredFlag\": false}, \"isLeaf\": true, \"hasChildren\": false, \"isChildrenSet\": false, \"dataElementType\": \"string\"}, {\"key\": \"/InitializeProductSummaryMetricsResponseInput/BadgeServerResponse/labelColor\", \"type\": \"string\", \"order\": 5, \"title\": \"labelColor\", \"value\": {\"type\": \"string\", \"requiredFlag\": false}, \"isLeaf\": true, \"hasChildren\": false, \"isChildrenSet\": false, \"dataElementType\": \"string\"}, {\"key\": \"/InitializeProductSummaryMetricsResponseInput/BadgeServerResponse/isError\", \"type\": \"string\", \"order\": 6, \"title\": \"isError\", \"value\": {\"type\": \"string\", \"requiredFlag\": false}, \"isLeaf\": true, \"hasChildren\": false, \"isChildrenSet\": false, \"dataElementType\": \"string\"}, {\"key\": \"/InitializeProductSummaryMetricsResponseInput/BadgeServerResponse/namedLogo\", \"type\": \"string\", \"order\": 7, \"title\": \"namedLogo\", \"value\": {\"type\": \"string\", \"requiredFlag\": false}, \"isLeaf\": true, \"hasChildren\": false, \"isChildrenSet\": false, \"dataElementType\": \"string\"}, {\"key\": \"/InitializeProductSummaryMetricsResponseInput/BadgeServerResponse/logoSvg\", \"type\": \"string\", \"order\": 8, \"title\": \"logoSvg\", \"value\": {\"type\": \"string\", \"requiredFlag\": false}, \"isLeaf\": true, \"hasChildren\": false, \"isChildrenSet\": false, \"dataElementType\": \"string\"}, {\"key\": \"/InitializeProductSummaryMetricsResponseInput/BadgeServerResponse/logoColor\", \"type\": \"string\", \"order\": 9, \"title\": \"logoColor\", \"value\": {\"type\": \"string\", \"requiredFlag\": false}, \"isLeaf\": true, \"hasChildren\": false, \"isChildrenSet\": false, \"dataElementType\": \"string\"}, {\"key\": \"/InitializeProductSummaryMetricsResponseInput/BadgeServerResponse/logoWidth\", \"type\": \"string\", \"order\": 10, \"title\": \"logoWidth\", \"value\": {\"type\": \"string\", \"requiredFlag\": false}, \"isLeaf\": true, \"hasChildren\": false, \"isChildrenSet\": false, \"dataElementType\": \"string\"}, {\"key\": \"/InitializeProductSummaryMetricsResponseInput/BadgeServerResponse/logoPosition\", \"type\": \"string\", \"order\": 11, \"title\": \"logoPosition\", \"value\": {\"type\": \"string\", \"requiredFlag\": false}, \"isLeaf\": true, \"hasChildren\": false, \"isChildrenSet\": false, \"dataElementType\": \"string\"}, {\"key\": \"/InitializeProductSummaryMetricsResponseInput/BadgeServerResponse/style\", \"type\": \"string\", \"order\": 12, \"title\": \"style\", \"value\": {\"type\": \"string\", \"requiredFlag\": false}, \"isLeaf\": true, \"hasChildren\": false, \"isChildrenSet\": false, \"dataElementType\": \"string\"}], \"editAllow\": true, \"iSReference\": true, \"projectName\": \"AmplifyCentralIntegrationExamples\", \"dataObjectName\": \"BadgeServerResponse\", \"dataElementType\": \"document\"}], \"childrenSet\": false, \"hasChildren\": false, \"dataElementType\": \"document\", \"documentReference\": [{\"id\": \"8dcb2c39-842d-4551-8cbb-6724c2d37283\", \"referenceName\": \"AmplifyCentralIntegrationExamples.BadgeServerResponse\"}]}]",
    "null" : false
  }
}