{
  "id" : "8acdc48b-0e2a-4c37-90fb-0142276ecc8c",
  "name" : "InitializeEnvAPICallSuccessStatsResponse",
  "description" : "Initialize Environment API Call Success Stats Response",
  "iserror" : false,
  "no_of_errors" : 0,
  "service_input" : {
    "type" : "jsonb",
    "value" : "[{\"id\": \"f5a13adb-21d3-45cd-8339-8d7f22e7456d\", \"key\": \"/InitializeEnvAPICallSuccessStatsResponseInput\", \"type\": \"object\", \"order\": 1, \"title\": \"InitializeEnvAPICallSuccessStatsResponseInput\", \"value\": {\"type\": \"object\"}, \"isLeaf\": false, \"children\": [{\"id\": \"70d49e34-cb27-4e0a-a8a8-5bf9f861b05d\", \"key\": \"/InitializeEnvAPICallSuccessStatsResponseInput/BadgeServerResponse\", \"edit\": false, \"type\": \"node\", \"order\": 1, \"title\": \"BadgeServerResponse\", \"value\": {}, \"children\": [{\"key\": \"/InitializeEnvAPICallSuccessStatsResponseInput/BadgeServerResponse/schemaVersion\", \"type\": \"integer\", \"order\": 1, \"title\": \"schemaVersion\", \"value\": {\"type\": \"integer\", \"requiredFlag\": false}, \"isLeaf\": true, \"hasChildren\": false, \"isChildrenSet\": false, \"dataElementType\": \"integer\"}, {\"key\": \"/InitializeEnvAPICallSuccessStatsResponseInput/BadgeServerResponse/label\", \"type\": \"string\", \"order\": 2, \"title\": \"label\", \"value\": {\"type\": \"string\", \"requiredFlag\": false}, \"isLeaf\": true, \"hasChildren\": false, \"isChildrenSet\": false, \"dataElementType\": \"string\"}, {\"key\": \"/InitializeEnvAPICallSuccessStatsResponseInput/BadgeServerResponse/message\", \"type\": \"string\", \"order\": 3, \"title\": \"message\", \"value\": {\"type\": \"string\", \"requiredFlag\": false}, \"isLeaf\": true, \"hasChildren\": false, \"isChildrenSet\": false, \"dataElementType\": \"string\"}, {\"key\": \"/InitializeEnvAPICallSuccessStatsResponseInput/BadgeServerResponse/color\", \"type\": \"string\", \"order\": 4, \"title\": \"color\", \"value\": {\"type\": \"string\", \"requiredFlag\": false}, \"isLeaf\": true, \"hasChildren\": false, \"isChildrenSet\": false, \"dataElementType\": \"string\"}, {\"key\": \"/InitializeEnvAPICallSuccessStatsResponseInput/BadgeServerResponse/labelColor\", \"type\": \"string\", \"order\": 5, \"title\": \"labelColor\", \"value\": {\"type\": \"string\", \"requiredFlag\": false}, \"isLeaf\": true, \"hasChildren\": false, \"isChildrenSet\": false, \"dataElementType\": \"string\"}, {\"key\": \"/InitializeEnvAPICallSuccessStatsResponseInput/BadgeServerResponse/isError\", \"type\": \"string\", \"order\": 6, \"title\": \"isError\", \"value\": {\"type\": \"string\", \"requiredFlag\": false}, \"isLeaf\": true, \"hasChildren\": false, \"isChildrenSet\": false, \"dataElementType\": \"string\"}, {\"key\": \"/InitializeEnvAPICallSuccessStatsResponseInput/BadgeServerResponse/namedLogo\", \"type\": \"string\", \"order\": 7, \"title\": \"namedLogo\", \"value\": {\"type\": \"string\", \"requiredFlag\": false}, \"isLeaf\": true, \"hasChildren\": false, \"isChildrenSet\": false, \"dataElementType\": \"string\"}, {\"key\": \"/InitializeEnvAPICallSuccessStatsResponseInput/BadgeServerResponse/logoSvg\", \"type\": \"string\", \"order\": 8, \"title\": \"logoSvg\", \"value\": {\"type\": \"string\", \"requiredFlag\": false}, \"isLeaf\": true, \"hasChildren\": false, \"isChildrenSet\": false, \"dataElementType\": \"string\"}, {\"key\": \"/InitializeEnvAPICallSuccessStatsResponseInput/BadgeServerResponse/logoColor\", \"type\": \"string\", \"order\": 9, \"title\": \"logoColor\", \"value\": {\"type\": \"string\", \"requiredFlag\": false}, \"isLeaf\": true, \"hasChildren\": false, \"isChildrenSet\": false, \"dataElementType\": \"string\"}, {\"key\": \"/InitializeEnvAPICallSuccessStatsResponseInput/BadgeServerResponse/logoWidth\", \"type\": \"string\", \"order\": 10, \"title\": \"logoWidth\", \"value\": {\"type\": \"string\", \"requiredFlag\": false}, \"isLeaf\": true, \"hasChildren\": false, \"isChildrenSet\": false, \"dataElementType\": \"string\"}, {\"key\": \"/InitializeEnvAPICallSuccessStatsResponseInput/BadgeServerResponse/logoPosition\", \"type\": \"string\", \"order\": 11, \"title\": \"logoPosition\", \"value\": {\"type\": \"string\", \"requiredFlag\": false}, \"isLeaf\": true, \"hasChildren\": false, \"isChildrenSet\": false, \"dataElementType\": \"string\"}, {\"key\": \"/InitializeEnvAPICallSuccessStatsResponseInput/BadgeServerResponse/style\", \"type\": \"string\", \"order\": 12, \"title\": \"style\", \"value\": {\"type\": \"string\", \"requiredFlag\": false}, \"isLeaf\": true, \"hasChildren\": false, \"isChildrenSet\": false, \"dataElementType\": \"string\"}], \"editAllow\": true, \"iSReference\": true, \"projectName\": \"AmplifyCentralIntegrationExamples\", \"dataObjectName\": \"BadgeServerResponse\", \"dataElementType\": \"document\"}], \"childrenSet\": false, \"hasChildren\": false, \"dataElementType\": \"document\", \"documentReference\": [{\"id\": \"8dcb2c39-842d-4551-8cbb-6724c2d37283\", \"referenceName\": \"AmplifyCentralIntegrationExamples.BadgeServerResponse\"}]}]",
    "null" : false
  },
  "service_output" : {
    "type" : "jsonb",
    "value" : "[{\"id\": \"4198738d-783e-4122-8c8b-811c95462789\", \"key\": \"/InitializeEnvAPICallSuccessStatsResponseOutput\", \"type\": \"object\", \"order\": 1, \"title\": \"InitializeEnvAPICallSuccessStatsResponseOutput\", \"value\": {\"type\": \"object\"}, \"isLeaf\": false, \"children\": [{\"id\": \"678086ef-9b78-417e-aa67-be299af434bb\", \"key\": \"/InitializeEnvAPICallSuccessStatsResponseOutput/BadgeServerResponse\", \"edit\": false, \"type\": \"node\", \"order\": 1, \"title\": \"BadgeServerResponse\", \"value\": {}, \"children\": [{\"key\": \"/InitializeEnvAPICallSuccessStatsResponseOutput/BadgeServerResponse/schemaVersion\", \"type\": \"integer\", \"order\": 1, \"title\": \"schemaVersion\", \"value\": {\"type\": \"integer\", \"requiredFlag\": false}, \"isLeaf\": true, \"hasChildren\": false, \"isChildrenSet\": false, \"dataElementType\": \"integer\"}, {\"key\": \"/InitializeEnvAPICallSuccessStatsResponseOutput/BadgeServerResponse/label\", \"type\": \"string\", \"order\": 2, \"title\": \"label\", \"value\": {\"type\": \"string\", \"requiredFlag\": false}, \"isLeaf\": true, \"hasChildren\": false, \"isChildrenSet\": false, \"dataElementType\": \"string\"}, {\"key\": \"/InitializeEnvAPICallSuccessStatsResponseOutput/BadgeServerResponse/message\", \"type\": \"string\", \"order\": 3, \"title\": \"message\", \"value\": {\"type\": \"string\", \"requiredFlag\": false}, \"isLeaf\": true, \"hasChildren\": false, \"isChildrenSet\": false, \"dataElementType\": \"string\"}, {\"key\": \"/InitializeEnvAPICallSuccessStatsResponseOutput/BadgeServerResponse/color\", \"type\": \"string\", \"order\": 4, \"title\": \"color\", \"value\": {\"type\": \"string\", \"requiredFlag\": false}, \"isLeaf\": true, \"hasChildren\": false, \"isChildrenSet\": false, \"dataElementType\": \"string\"}, {\"key\": \"/InitializeEnvAPICallSuccessStatsResponseOutput/BadgeServerResponse/labelColor\", \"type\": \"string\", \"order\": 5, \"title\": \"labelColor\", \"value\": {\"type\": \"string\", \"requiredFlag\": false}, \"isLeaf\": true, \"hasChildren\": false, \"isChildrenSet\": false, \"dataElementType\": \"string\"}, {\"key\": \"/InitializeEnvAPICallSuccessStatsResponseOutput/BadgeServerResponse/isError\", \"type\": \"string\", \"order\": 6, \"title\": \"isError\", \"value\": {\"type\": \"string\", \"requiredFlag\": false}, \"isLeaf\": true, \"hasChildren\": false, \"isChildrenSet\": false, \"dataElementType\": \"string\"}, {\"key\": \"/InitializeEnvAPICallSuccessStatsResponseOutput/BadgeServerResponse/namedLogo\", \"type\": \"string\", \"order\": 7, \"title\": \"namedLogo\", \"value\": {\"type\": \"string\", \"requiredFlag\": false}, \"isLeaf\": true, \"hasChildren\": false, \"isChildrenSet\": false, \"dataElementType\": \"string\"}, {\"key\": \"/InitializeEnvAPICallSuccessStatsResponseOutput/BadgeServerResponse/logoSvg\", \"type\": \"string\", \"order\": 8, \"title\": \"logoSvg\", \"value\": {\"type\": \"string\", \"requiredFlag\": false}, \"isLeaf\": true, \"hasChildren\": false, \"isChildrenSet\": false, \"dataElementType\": \"string\"}, {\"key\": \"/InitializeEnvAPICallSuccessStatsResponseOutput/BadgeServerResponse/logoColor\", \"type\": \"string\", \"order\": 9, \"title\": \"logoColor\", \"value\": {\"type\": \"string\", \"requiredFlag\": false}, \"isLeaf\": true, \"hasChildren\": false, \"isChildrenSet\": false, \"dataElementType\": \"string\"}, {\"key\": \"/InitializeEnvAPICallSuccessStatsResponseOutput/BadgeServerResponse/logoWidth\", \"type\": \"string\", \"order\": 10, \"title\": \"logoWidth\", \"value\": {\"type\": \"string\", \"requiredFlag\": false}, \"isLeaf\": true, \"hasChildren\": false, \"isChildrenSet\": false, \"dataElementType\": \"string\"}, {\"key\": \"/InitializeEnvAPICallSuccessStatsResponseOutput/BadgeServerResponse/logoPosition\", \"type\": \"string\", \"order\": 11, \"title\": \"logoPosition\", \"value\": {\"type\": \"string\", \"requiredFlag\": false}, \"isLeaf\": true, \"hasChildren\": false, \"isChildrenSet\": false, \"dataElementType\": \"string\"}, {\"key\": \"/InitializeEnvAPICallSuccessStatsResponseOutput/BadgeServerResponse/style\", \"type\": \"string\", \"order\": 12, \"title\": \"style\", \"value\": {\"type\": \"string\", \"requiredFlag\": false}, \"isLeaf\": true, \"hasChildren\": false, \"isChildrenSet\": false, \"dataElementType\": \"string\"}], \"editAllow\": true, \"iSReference\": true, \"projectName\": \"AmplifyCentralIntegrationExamples\", \"dataObjectName\": \"BadgeServerResponse\", \"dataElementType\": \"document\"}], \"childrenSet\": false, \"hasChildren\": false, \"dataElementType\": \"document\", \"documentReference\": [{\"id\": \"8dcb2c39-842d-4551-8cbb-6724c2d37283\", \"referenceName\": \"AmplifyCentralIntegrationExamples.BadgeServerResponse\"}]}]",
    "null" : false
  },
  "service_input_json_schema" : {
    "type" : "jsonb",
    "value" : "{\"required\": [], \"properties\": {\"InitializeEnvAPICallSuccessStatsResponseInput\": {\"type\": \"object\", \"required\": [], \"properties\": {\"BadgeServerResponse\": {}}, \"additionalProperties\": false}}, \"additionalProperties\": false}",
    "null" : false
  },
  "service_output_json_schema" : {
    "type" : "jsonb",
    "value" : "{\"required\": [], \"properties\": {\"InitializeEnvAPICallSuccessStatsResponseOutput\": {\"type\": \"object\", \"required\": [], \"properties\": {\"BadgeServerResponse\": {}}, \"additionalProperties\": false}}, \"additionalProperties\": false}",
    "null" : false
  },
  "type" : "SERVICE",
  "error_handler" : false,
  "tag" : "EMPTY",
  "active" : true,
  "is_changed" : false,
  "comment" : null,
  "base_tag" : "V48",
  "test_input" : {
    "type" : "jsonb",
    "value" : "{}",
    "null" : false
  },
  "test_input_structure" : {
    "type" : "jsonb",
    "value" : "[{\"id\": \"f5a13adb-21d3-45cd-8339-8d7f22e7456d\", \"key\": \"/InitializeEnvAPICallSuccessStatsResponseInput\", \"type\": \"object\", \"order\": 1, \"title\": \"InitializeEnvAPICallSuccessStatsResponseInput\", \"value\": {\"type\": \"object\"}, \"isLeaf\": false, \"children\": [{\"id\": \"70d49e34-cb27-4e0a-a8a8-5bf9f861b05d\", \"key\": \"/InitializeEnvAPICallSuccessStatsResponseInput/BadgeServerResponse\", \"edit\": false, \"type\": \"node\", \"order\": 1, \"title\": \"BadgeServerResponse\", \"value\": {}, \"children\": [{\"key\": \"/InitializeEnvAPICallSuccessStatsResponseInput/BadgeServerResponse/schemaVersion\", \"type\": \"integer\", \"order\": 1, \"title\": \"schemaVersion\", \"value\": {\"type\": \"integer\", \"requiredFlag\": false}, \"isLeaf\": true, \"hasChildren\": false, \"isChildrenSet\": false, \"dataElementType\": \"integer\"}, {\"key\": \"/InitializeEnvAPICallSuccessStatsResponseInput/BadgeServerResponse/label\", \"type\": \"string\", \"order\": 2, \"title\": \"label\", \"value\": {\"type\": \"string\", \"requiredFlag\": false}, \"isLeaf\": true, \"hasChildren\": false, \"isChildrenSet\": false, \"dataElementType\": \"string\"}, {\"key\": \"/InitializeEnvAPICallSuccessStatsResponseInput/BadgeServerResponse/message\", \"type\": \"string\", \"order\": 3, \"title\": \"message\", \"value\": {\"type\": \"string\", \"requiredFlag\": false}, \"isLeaf\": true, \"hasChildren\": false, \"isChildrenSet\": false, \"dataElementType\": \"string\"}, {\"key\": \"/InitializeEnvAPICallSuccessStatsResponseInput/BadgeServerResponse/color\", \"type\": \"string\", \"order\": 4, \"title\": \"color\", \"value\": {\"type\": \"string\", \"requiredFlag\": false}, \"isLeaf\": true, \"hasChildren\": false, \"isChildrenSet\": false, \"dataElementType\": \"string\"}, {\"key\": \"/InitializeEnvAPICallSuccessStatsResponseInput/BadgeServerResponse/labelColor\", \"type\": \"string\", \"order\": 5, \"title\": \"labelColor\", \"value\": {\"type\": \"string\", \"requiredFlag\": false}, \"isLeaf\": true, \"hasChildren\": false, \"isChildrenSet\": false, \"dataElementType\": \"string\"}, {\"key\": \"/InitializeEnvAPICallSuccessStatsResponseInput/BadgeServerResponse/isError\", \"type\": \"string\", \"order\": 6, \"title\": \"isError\", \"value\": {\"type\": \"string\", \"requiredFlag\": false}, \"isLeaf\": true, \"hasChildren\": false, \"isChildrenSet\": false, \"dataElementType\": \"string\"}, {\"key\": \"/InitializeEnvAPICallSuccessStatsResponseInput/BadgeServerResponse/namedLogo\", \"type\": \"string\", \"order\": 7, \"title\": \"namedLogo\", \"value\": {\"type\": \"string\", \"requiredFlag\": false}, \"isLeaf\": true, \"hasChildren\": false, \"isChildrenSet\": false, \"dataElementType\": \"string\"}, {\"key\": \"/InitializeEnvAPICallSuccessStatsResponseInput/BadgeServerResponse/logoSvg\", \"type\": \"string\", \"order\": 8, \"title\": \"logoSvg\", \"value\": {\"type\": \"string\", \"requiredFlag\": false}, \"isLeaf\": true, \"hasChildren\": false, \"isChildrenSet\": false, \"dataElementType\": \"string\"}, {\"key\": \"/InitializeEnvAPICallSuccessStatsResponseInput/BadgeServerResponse/logoColor\", \"type\": \"string\", \"order\": 9, \"title\": \"logoColor\", \"value\": {\"type\": \"string\", \"requiredFlag\": false}, \"isLeaf\": true, \"hasChildren\": false, \"isChildrenSet\": false, \"dataElementType\": \"string\"}, {\"key\": \"/InitializeEnvAPICallSuccessStatsResponseInput/BadgeServerResponse/logoWidth\", \"type\": \"string\", \"order\": 10, \"title\": \"logoWidth\", \"value\": {\"type\": \"string\", \"requiredFlag\": false}, \"isLeaf\": true, \"hasChildren\": false, \"isChildrenSet\": false, \"dataElementType\": \"string\"}, {\"key\": \"/InitializeEnvAPICallSuccessStatsResponseInput/BadgeServerResponse/logoPosition\", \"type\": \"string\", \"order\": 11, \"title\": \"logoPosition\", \"value\": {\"type\": \"string\", \"requiredFlag\": false}, \"isLeaf\": true, \"hasChildren\": false, \"isChildrenSet\": false, \"dataElementType\": \"string\"}, {\"key\": \"/InitializeEnvAPICallSuccessStatsResponseInput/BadgeServerResponse/style\", \"type\": \"string\", \"order\": 12, \"title\": \"style\", \"value\": {\"type\": \"string\", \"requiredFlag\": false}, \"isLeaf\": true, \"hasChildren\": false, \"isChildrenSet\": false, \"dataElementType\": \"string\"}], \"editAllow\": true, \"iSReference\": true, \"projectName\": \"AmplifyCentralIntegrationExamples\", \"dataObjectName\": \"BadgeServerResponse\", \"dataElementType\": \"document\"}], \"childrenSet\": false, \"hasChildren\": false, \"dataElementType\": \"document\", \"documentReference\": [{\"id\": \"8dcb2c39-842d-4551-8cbb-6724c2d37283\", \"referenceName\": \"AmplifyCentralIntegrationExamples.BadgeServerResponse\"}]}]",
    "null" : false
  }
}