{
  "id" : "8032fb7d-57f3-450e-931d-75cbfc9573a2",
  "name" : "InitializeEnvAPIAvgResponseTimeResponse",
  "description" : "Initialize Environment API Avg Response Time Response",
  "iserror" : false,
  "no_of_errors" : 0,
  "service_input" : {
    "type" : "jsonb",
    "value" : "[{\"id\": \"5a7a9a4c-ab5b-47ac-a4f7-f587e663a189\", \"key\": \"/InitializeEnvAPIAvgResponseTimeResponseInput\", \"type\": \"object\", \"order\": 1, \"title\": \"InitializeEnvAPIAvgResponseTimeResponseInput\", \"value\": {\"type\": \"object\"}, \"isLeaf\": false, \"children\": [{\"id\": \"167140a3-50a7-45e3-8e86-9e379cbdbf9b\", \"key\": \"/InitializeEnvAPIAvgResponseTimeResponseInput/BadgeServerResponse\", \"edit\": false, \"type\": \"node\", \"order\": 1, \"title\": \"BadgeServerResponse\", \"value\": {}, \"children\": [{\"key\": \"/InitializeEnvAPIAvgResponseTimeResponseInput/BadgeServerResponse/schemaVersion\", \"type\": \"integer\", \"order\": 1, \"title\": \"schemaVersion\", \"value\": {\"type\": \"integer\", \"requiredFlag\": false}, \"isLeaf\": true, \"hasChildren\": false, \"isChildrenSet\": false, \"dataElementType\": \"integer\"}, {\"key\": \"/InitializeEnvAPIAvgResponseTimeResponseInput/BadgeServerResponse/label\", \"type\": \"string\", \"order\": 2, \"title\": \"label\", \"value\": {\"type\": \"string\", \"requiredFlag\": false}, \"isLeaf\": true, \"hasChildren\": false, \"isChildrenSet\": false, \"dataElementType\": \"string\"}, {\"key\": \"/InitializeEnvAPIAvgResponseTimeResponseInput/BadgeServerResponse/message\", \"type\": \"string\", \"order\": 3, \"title\": \"message\", \"value\": {\"type\": \"string\", \"requiredFlag\": false}, \"isLeaf\": true, \"hasChildren\": false, \"isChildrenSet\": false, \"dataElementType\": \"string\"}, {\"key\": \"/InitializeEnvAPIAvgResponseTimeResponseInput/BadgeServerResponse/color\", \"type\": \"string\", \"order\": 4, \"title\": \"color\", \"value\": {\"type\": \"string\", \"requiredFlag\": false}, \"isLeaf\": true, \"hasChildren\": false, \"isChildrenSet\": false, \"dataElementType\": \"string\"}, {\"key\": \"/InitializeEnvAPIAvgResponseTimeResponseInput/BadgeServerResponse/labelColor\", \"type\": \"string\", \"order\": 5, \"title\": \"labelColor\", \"value\": {\"type\": \"string\", \"requiredFlag\": false}, \"isLeaf\": true, \"hasChildren\": false, \"isChildrenSet\": false, \"dataElementType\": \"string\"}, {\"key\": \"/InitializeEnvAPIAvgResponseTimeResponseInput/BadgeServerResponse/isError\", \"type\": \"string\", \"order\": 6, \"title\": \"isError\", \"value\": {\"type\": \"string\", \"requiredFlag\": false}, \"isLeaf\": true, \"hasChildren\": false, \"isChildrenSet\": false, \"dataElementType\": \"string\"}, {\"key\": \"/InitializeEnvAPIAvgResponseTimeResponseInput/BadgeServerResponse/namedLogo\", \"type\": \"string\", \"order\": 7, \"title\": \"namedLogo\", \"value\": {\"type\": \"string\", \"requiredFlag\": false}, \"isLeaf\": true, \"hasChildren\": false, \"isChildrenSet\": false, \"dataElementType\": \"string\"}, {\"key\": \"/InitializeEnvAPIAvgResponseTimeResponseInput/BadgeServerResponse/logoSvg\", \"type\": \"string\", \"order\": 8, \"title\": \"logoSvg\", \"value\": {\"type\": \"string\", \"requiredFlag\": false}, \"isLeaf\": true, \"hasChildren\": false, \"isChildrenSet\": false, \"dataElementType\": \"string\"}, {\"key\": \"/InitializeEnvAPIAvgResponseTimeResponseInput/BadgeServerResponse/logoColor\", \"type\": \"string\", \"order\": 9, \"title\": \"logoColor\", \"value\": {\"type\": \"string\", \"requiredFlag\": false}, \"isLeaf\": true, \"hasChildren\": false, \"isChildrenSet\": false, \"dataElementType\": \"string\"}, {\"key\": \"/InitializeEnvAPIAvgResponseTimeResponseInput/BadgeServerResponse/logoWidth\", \"type\": \"string\", \"order\": 10, \"title\": \"logoWidth\", \"value\": {\"type\": \"string\", \"requiredFlag\": false}, \"isLeaf\": true, \"hasChildren\": false, \"isChildrenSet\": false, \"dataElementType\": \"string\"}, {\"key\": \"/InitializeEnvAPIAvgResponseTimeResponseInput/BadgeServerResponse/logoPosition\", \"type\": \"string\", \"order\": 11, \"title\": \"logoPosition\", \"value\": {\"type\": \"string\", \"requiredFlag\": false}, \"isLeaf\": true, \"hasChildren\": false, \"isChildrenSet\": false, \"dataElementType\": \"string\"}, {\"key\": \"/InitializeEnvAPIAvgResponseTimeResponseInput/BadgeServerResponse/style\", \"type\": \"string\", \"order\": 12, \"title\": \"style\", \"value\": {\"type\": \"string\", \"requiredFlag\": false}, \"isLeaf\": true, \"hasChildren\": false, \"isChildrenSet\": false, \"dataElementType\": \"string\"}], \"editAllow\": true, \"iSReference\": true, \"projectName\": \"AmplifyCentralIntegrationExamples\", \"dataObjectName\": \"BadgeServerResponse\", \"dataElementType\": \"document\"}], \"childrenSet\": false, \"hasChildren\": false, \"dataElementType\": \"document\", \"documentReference\": [{\"id\": \"8dcb2c39-842d-4551-8cbb-6724c2d37283\", \"referenceName\": \"AmplifyCentralIntegrationExamples.BadgeServerResponse\"}]}]",
    "null" : false
  },
  "service_output" : {
    "type" : "jsonb",
    "value" : "[{\"id\": \"3096f4eb-ad5e-4244-929f-90b84a78f045\", \"key\": \"/InitializeEnvAPIAvgResponseTimeResponseOutput\", \"type\": \"object\", \"order\": 1, \"title\": \"InitializeEnvAPIAvgResponseTimeResponseOutput\", \"value\": {\"type\": \"object\"}, \"isLeaf\": false, \"children\": [{\"id\": \"65218622-4e1c-4e53-bbf8-09e7eb4925ae\", \"key\": \"/InitializeEnvAPIAvgResponseTimeResponseOutput/BadgeServerResponse\", \"edit\": false, \"type\": \"node\", \"order\": 1, \"title\": \"BadgeServerResponse\", \"value\": {}, \"children\": [{\"key\": \"/InitializeEnvAPIAvgResponseTimeResponseOutput/BadgeServerResponse/schemaVersion\", \"type\": \"integer\", \"order\": 1, \"title\": \"schemaVersion\", \"value\": {\"type\": \"integer\", \"requiredFlag\": false}, \"isLeaf\": true, \"hasChildren\": false, \"isChildrenSet\": false, \"dataElementType\": \"integer\"}, {\"key\": \"/InitializeEnvAPIAvgResponseTimeResponseOutput/BadgeServerResponse/label\", \"type\": \"string\", \"order\": 2, \"title\": \"label\", \"value\": {\"type\": \"string\", \"requiredFlag\": false}, \"isLeaf\": true, \"hasChildren\": false, \"isChildrenSet\": false, \"dataElementType\": \"string\"}, {\"key\": \"/InitializeEnvAPIAvgResponseTimeResponseOutput/BadgeServerResponse/message\", \"type\": \"string\", \"order\": 3, \"title\": \"message\", \"value\": {\"type\": \"string\", \"requiredFlag\": false}, \"isLeaf\": true, \"hasChildren\": false, \"isChildrenSet\": false, \"dataElementType\": \"string\"}, {\"key\": \"/InitializeEnvAPIAvgResponseTimeResponseOutput/BadgeServerResponse/color\", \"type\": \"string\", \"order\": 4, \"title\": \"color\", \"value\": {\"type\": \"string\", \"requiredFlag\": false}, \"isLeaf\": true, \"hasChildren\": false, \"isChildrenSet\": false, \"dataElementType\": \"string\"}, {\"key\": \"/InitializeEnvAPIAvgResponseTimeResponseOutput/BadgeServerResponse/labelColor\", \"type\": \"string\", \"order\": 5, \"title\": \"labelColor\", \"value\": {\"type\": \"string\", \"requiredFlag\": false}, \"isLeaf\": true, \"hasChildren\": false, \"isChildrenSet\": false, \"dataElementType\": \"string\"}, {\"key\": \"/InitializeEnvAPIAvgResponseTimeResponseOutput/BadgeServerResponse/isError\", \"type\": \"string\", \"order\": 6, \"title\": \"isError\", \"value\": {\"type\": \"string\", \"requiredFlag\": false}, \"isLeaf\": true, \"hasChildren\": false, \"isChildrenSet\": false, \"dataElementType\": \"string\"}, {\"key\": \"/InitializeEnvAPIAvgResponseTimeResponseOutput/BadgeServerResponse/namedLogo\", \"type\": \"string\", \"order\": 7, \"title\": \"namedLogo\", \"value\": {\"type\": \"string\", \"requiredFlag\": false}, \"isLeaf\": true, \"hasChildren\": false, \"isChildrenSet\": false, \"dataElementType\": \"string\"}, {\"key\": \"/InitializeEnvAPIAvgResponseTimeResponseOutput/BadgeServerResponse/logoSvg\", \"type\": \"string\", \"order\": 8, \"title\": \"logoSvg\", \"value\": {\"type\": \"string\", \"requiredFlag\": false}, \"isLeaf\": true, \"hasChildren\": false, \"isChildrenSet\": false, \"dataElementType\": \"string\"}, {\"key\": \"/InitializeEnvAPIAvgResponseTimeResponseOutput/BadgeServerResponse/logoColor\", \"type\": \"string\", \"order\": 9, \"title\": \"logoColor\", \"value\": {\"type\": \"string\", \"requiredFlag\": false}, \"isLeaf\": true, \"hasChildren\": false, \"isChildrenSet\": false, \"dataElementType\": \"string\"}, {\"key\": \"/InitializeEnvAPIAvgResponseTimeResponseOutput/BadgeServerResponse/logoWidth\", \"type\": \"string\", \"order\": 10, \"title\": \"logoWidth\", \"value\": {\"type\": \"string\", \"requiredFlag\": false}, \"isLeaf\": true, \"hasChildren\": false, \"isChildrenSet\": false, \"dataElementType\": \"string\"}, {\"key\": \"/InitializeEnvAPIAvgResponseTimeResponseOutput/BadgeServerResponse/logoPosition\", \"type\": \"string\", \"order\": 11, \"title\": \"logoPosition\", \"value\": {\"type\": \"string\", \"requiredFlag\": false}, \"isLeaf\": true, \"hasChildren\": false, \"isChildrenSet\": false, \"dataElementType\": \"string\"}, {\"key\": \"/InitializeEnvAPIAvgResponseTimeResponseOutput/BadgeServerResponse/style\", \"type\": \"string\", \"order\": 12, \"title\": \"style\", \"value\": {\"type\": \"string\", \"requiredFlag\": false}, \"isLeaf\": true, \"hasChildren\": false, \"isChildrenSet\": false, \"dataElementType\": \"string\"}], \"editAllow\": true, \"iSReference\": true, \"projectName\": \"AmplifyCentralIntegrationExamples\", \"dataObjectName\": \"BadgeServerResponse\", \"dataElementType\": \"document\"}], \"childrenSet\": false, \"hasChildren\": false, \"dataElementType\": \"document\", \"documentReference\": [{\"id\": \"8dcb2c39-842d-4551-8cbb-6724c2d37283\", \"referenceName\": \"AmplifyCentralIntegrationExamples.BadgeServerResponse\"}]}]",
    "null" : false
  },
  "service_input_json_schema" : {
    "type" : "jsonb",
    "value" : "{\"required\": [], \"properties\": {\"InitializeEnvAPIAvgResponseTimeResponseInput\": {\"type\": \"object\", \"required\": [], \"properties\": {\"BadgeServerResponse\": {}}, \"additionalProperties\": false}}, \"additionalProperties\": false}",
    "null" : false
  },
  "service_output_json_schema" : {
    "type" : "jsonb",
    "value" : "{\"required\": [], \"properties\": {\"InitializeEnvAPIAvgResponseTimeResponseOutput\": {\"type\": \"object\", \"required\": [], \"properties\": {\"BadgeServerResponse\": {}}, \"additionalProperties\": false}}, \"additionalProperties\": false}",
    "null" : false
  },
  "type" : "SERVICE",
  "error_handler" : false,
  "tag" : "EMPTY",
  "active" : true,
  "is_changed" : false,
  "comment" : null,
  "base_tag" : "V48",
  "test_input" : {
    "type" : "jsonb",
    "value" : "{}",
    "null" : false
  },
  "test_input_structure" : {
    "type" : "jsonb",
    "value" : "[{\"id\": \"5a7a9a4c-ab5b-47ac-a4f7-f587e663a189\", \"key\": \"/InitializeEnvAPIAvgResponseTimeResponseInput\", \"type\": \"object\", \"order\": 1, \"title\": \"InitializeEnvAPIAvgResponseTimeResponseInput\", \"value\": {\"type\": \"object\"}, \"isLeaf\": false, \"children\": [{\"id\": \"167140a3-50a7-45e3-8e86-9e379cbdbf9b\", \"key\": \"/InitializeEnvAPIAvgResponseTimeResponseInput/BadgeServerResponse\", \"edit\": false, \"type\": \"node\", \"order\": 1, \"title\": \"BadgeServerResponse\", \"value\": {}, \"children\": [{\"key\": \"/InitializeEnvAPIAvgResponseTimeResponseInput/BadgeServerResponse/schemaVersion\", \"type\": \"integer\", \"order\": 1, \"title\": \"schemaVersion\", \"value\": {\"type\": \"integer\", \"requiredFlag\": false}, \"isLeaf\": true, \"hasChildren\": false, \"isChildrenSet\": false, \"dataElementType\": \"integer\"}, {\"key\": \"/InitializeEnvAPIAvgResponseTimeResponseInput/BadgeServerResponse/label\", \"type\": \"string\", \"order\": 2, \"title\": \"label\", \"value\": {\"type\": \"string\", \"requiredFlag\": false}, \"isLeaf\": true, \"hasChildren\": false, \"isChildrenSet\": false, \"dataElementType\": \"string\"}, {\"key\": \"/InitializeEnvAPIAvgResponseTimeResponseInput/BadgeServerResponse/message\", \"type\": \"string\", \"order\": 3, \"title\": \"message\", \"value\": {\"type\": \"string\", \"requiredFlag\": false}, \"isLeaf\": true, \"hasChildren\": false, \"isChildrenSet\": false, \"dataElementType\": \"string\"}, {\"key\": \"/InitializeEnvAPIAvgResponseTimeResponseInput/BadgeServerResponse/color\", \"type\": \"string\", \"order\": 4, \"title\": \"color\", \"value\": {\"type\": \"string\", \"requiredFlag\": false}, \"isLeaf\": true, \"hasChildren\": false, \"isChildrenSet\": false, \"dataElementType\": \"string\"}, {\"key\": \"/InitializeEnvAPIAvgResponseTimeResponseInput/BadgeServerResponse/labelColor\", \"type\": \"string\", \"order\": 5, \"title\": \"labelColor\", \"value\": {\"type\": \"string\", \"requiredFlag\": false}, \"isLeaf\": true, \"hasChildren\": false, \"isChildrenSet\": false, \"dataElementType\": \"string\"}, {\"key\": \"/InitializeEnvAPIAvgResponseTimeResponseInput/BadgeServerResponse/isError\", \"type\": \"string\", \"order\": 6, \"title\": \"isError\", \"value\": {\"type\": \"string\", \"requiredFlag\": false}, \"isLeaf\": true, \"hasChildren\": false, \"isChildrenSet\": false, \"dataElementType\": \"string\"}, {\"key\": \"/InitializeEnvAPIAvgResponseTimeResponseInput/BadgeServerResponse/namedLogo\", \"type\": \"string\", \"order\": 7, \"title\": \"namedLogo\", \"value\": {\"type\": \"string\", \"requiredFlag\": false}, \"isLeaf\": true, \"hasChildren\": false, \"isChildrenSet\": false, \"dataElementType\": \"string\"}, {\"key\": \"/InitializeEnvAPIAvgResponseTimeResponseInput/BadgeServerResponse/logoSvg\", \"type\": \"string\", \"order\": 8, \"title\": \"logoSvg\", \"value\": {\"type\": \"string\", \"requiredFlag\": false}, \"isLeaf\": true, \"hasChildren\": false, \"isChildrenSet\": false, \"dataElementType\": \"string\"}, {\"key\": \"/InitializeEnvAPIAvgResponseTimeResponseInput/BadgeServerResponse/logoColor\", \"type\": \"string\", \"order\": 9, \"title\": \"logoColor\", \"value\": {\"type\": \"string\", \"requiredFlag\": false}, \"isLeaf\": true, \"hasChildren\": false, \"isChildrenSet\": false, \"dataElementType\": \"string\"}, {\"key\": \"/InitializeEnvAPIAvgResponseTimeResponseInput/BadgeServerResponse/logoWidth\", \"type\": \"string\", \"order\": 10, \"title\": \"logoWidth\", \"value\": {\"type\": \"string\", \"requiredFlag\": false}, \"isLeaf\": true, \"hasChildren\": false, \"isChildrenSet\": false, \"dataElementType\": \"string\"}, {\"key\": \"/InitializeEnvAPIAvgResponseTimeResponseInput/BadgeServerResponse/logoPosition\", \"type\": \"string\", \"order\": 11, \"title\": \"logoPosition\", \"value\": {\"type\": \"string\", \"requiredFlag\": false}, \"isLeaf\": true, \"hasChildren\": false, \"isChildrenSet\": false, \"dataElementType\": \"string\"}, {\"key\": \"/InitializeEnvAPIAvgResponseTimeResponseInput/BadgeServerResponse/style\", \"type\": \"string\", \"order\": 12, \"title\": \"style\", \"value\": {\"type\": \"string\", \"requiredFlag\": false}, \"isLeaf\": true, \"hasChildren\": false, \"isChildrenSet\": false, \"dataElementType\": \"string\"}], \"editAllow\": true, \"iSReference\": true, \"projectName\": \"AmplifyCentralIntegrationExamples\", \"dataObjectName\": \"BadgeServerResponse\", \"dataElementType\": \"document\"}], \"childrenSet\": false, \"hasChildren\": false, \"dataElementType\": \"document\", \"documentReference\": [{\"id\": \"8dcb2c39-842d-4551-8cbb-6724c2d37283\", \"referenceName\": \"AmplifyCentralIntegrationExamples.BadgeServerResponse\"}]}]",
    "null" : false
  }
}