{
  "id" : "b752eb1d-fa85-4dbc-a147-e7532cf1c21f",
  "name" : "QuickChartImgGenerator",
  "description" : "QuickChartImgGenerator",
  "iserror" : false,
  "no_of_errors" : 0,
  "service_input" : {
    "type" : "jsonb",
    "value" : "[{\"id\": \"37f7a918-9e9e-4e59-9a9e-db7cea89fd43\", \"key\": \"/QuickChartImgGeneratorInput\", \"type\": \"object\", \"order\": 1, \"title\": \"QuickChartImgGeneratorInput\", \"value\": {\"type\": \"object\"}, \"isLeaf\": false, \"children\": [{\"id\": \"c9cd3b78-2c23-4216-9bcd-387268bca56c\", \"key\": \"/QuickChartImgGeneratorInput/xAxisArray[]\", \"edit\": false, \"type\": \"node\", \"order\": 1, \"title\": \"xAxisArray\", \"value\": {\"type\": \"array\"}, \"children\": [], \"editAllow\": true, \"dataElementType\": \"stringArray\"}, {\"id\": \"8aa313bd-bd1c-411e-971b-c7236be89f41\", \"key\": \"/QuickChartImgGeneratorInput/yAxisArray[]\", \"edit\": false, \"type\": \"node\", \"order\": 1, \"title\": \"yAxisArray\", \"value\": {\"type\": \"array\"}, \"children\": [], \"editAllow\": true, \"dataElementType\": \"stringArray\"}, {\"id\": \"3064b6c4-292c-4ea2-ad7c-158c46b1873e\", \"key\": \"/QuickChartImgGeneratorInput/label\", \"edit\": false, \"type\": \"node\", \"order\": 1, \"title\": \"label\", \"value\": {\"type\": \"string\"}, \"children\": [], \"editAllow\": true, \"dataElementType\": \"string\"}], \"childrenSet\": false, \"hasChildren\": false, \"dataElementType\": \"document\", \"documentReference\": []}]",
    "null" : false
  },
  "service_output" : {
    "type" : "jsonb",
    "value" : "[{\"id\": \"88b11ad3-f3d6-483e-ba19-6db80eeffe28\", \"key\": \"/QuickChartImgGeneratorOutput\", \"type\": \"object\", \"order\": 1, \"title\": \"QuickChartImgGeneratorOutput\", \"value\": {\"type\": \"object\"}, \"isLeaf\": false, \"children\": [{\"id\": \"12f7a41e-5575-4c81-a7ac-b8cf58d35c1c\", \"key\": \"/QuickChartImgGeneratorOutput/base64ImageStr\", \"edit\": false, \"type\": \"node\", \"order\": 1, \"title\": \"base64ImageStr\", \"value\": {\"type\": \"string\"}, \"children\": [], \"editAllow\": true, \"dataElementType\": \"string\"}], \"childrenSet\": false, \"hasChildren\": false, \"dataElementType\": \"document\", \"documentReference\": []}]",
    "null" : false
  },
  "service_input_json_schema" : {
    "type" : "jsonb",
    "value" : "{\"required\": [], \"properties\": {\"QuickChartImgGeneratorInput\": {\"type\": \"object\", \"required\": [], \"properties\": {\"label\": {\"type\": \"string\"}, \"xAxisArray\": {\"type\": \"array\"}, \"yAxisArray\": {\"type\": \"array\"}}, \"additionalProperties\": false}}, \"additionalProperties\": false}",
    "null" : false
  },
  "service_output_json_schema" : {
    "type" : "jsonb",
    "value" : "{\"required\": [], \"properties\": {\"QuickChartImgGeneratorOutput\": {\"type\": \"object\", \"required\": [], \"properties\": {\"base64ImageStr\": {\"type\": \"string\"}}, \"additionalProperties\": false}}, \"additionalProperties\": false}",
    "null" : false
  },
  "type" : "SERVICE",
  "error_handler" : false,
  "tag" : "EMPTY",
  "active" : true,
  "is_changed" : false,
  "comment" : null,
  "base_tag" : "V48",
  "test_input" : {
    "type" : "jsonb",
    "value" : "{\"QuickChartImgGeneratorInput\": {\"xAxisArray\": [\"b\", \"k\", \"l\"], \"yAxisArray\": [\"10\", \"20\", \"30\"]}}",
    "null" : false
  },
  "test_input_structure" : {
    "type" : "jsonb",
    "value" : "[{\"id\": \"37f7a918-9e9e-4e59-9a9e-db7cea89fd43\", \"key\": \"/QuickChartImgGeneratorInput\", \"type\": \"object\", \"order\": 1, \"title\": \"QuickChartImgGeneratorInput\", \"value\": {\"type\": \"object\"}, \"isLeaf\": false, \"children\": [{\"id\": \"c9cd3b78-2c23-4216-9bcd-387268bca56c\", \"key\": \"/QuickChartImgGeneratorInput/xAxisArray[]\", \"edit\": false, \"type\": \"node\", \"order\": 1, \"title\": \"xAxisArray\", \"value\": {\"type\": \"array\"}, \"children\": [{\"id\": \"26a5b5ad-aa67-4107-aa5c-4373b590f7a9\", \"key\": \"/QuickChartImgGeneratorInput/xAxisArray[][0]\", \"node\": {\"id\": \"c9cd3b78-2c23-4216-9bcd-387268bca56c\", \"key\": \"/QuickChartImgGeneratorInput/xAxisArray[]\", \"edit\": false, \"type\": \"node\", \"order\": 1, \"title\": \"xAxisArray\", \"value\": {\"type\": \"array\"}, \"editAllow\": true, \"dataElementType\": \"stringArray\"}, \"type\": \"index\", \"title\": \"0\", \"isLeaf\": true, \"indexkey\": \"/QuickChartImgGeneratorInput/xAxisArray[]/[0]\", \"setValue\": \"b\", \"isSetValue\": false, \"dataElementType\": \"index\"}, {\"id\": \"da02e3aa-82b5-4f65-aa82-2c7c6e9170da\", \"key\": \"/QuickChartImgGeneratorInput/xAxisArray[][1]\", \"node\": {\"id\": \"c9cd3b78-2c23-4216-9bcd-387268bca56c\", \"key\": \"/QuickChartImgGeneratorInput/xAxisArray[]\", \"edit\": false, \"type\": \"node\", \"order\": 1, \"title\": \"xAxisArray\", \"value\": {\"type\": \"array\"}, \"editAllow\": true, \"childrenSet\": true, \"isChildrenSet\": true, \"dataElementType\": \"stringArray\"}, \"type\": \"index\", \"title\": \"1\", \"isLeaf\": true, \"indexkey\": \"/QuickChartImgGeneratorInput/xAxisArray[]/[1]\", \"setValue\": \"k\", \"isSetValue\": false, \"dataElementType\": \"index\"}, {\"id\": \"eb253568-9815-4978-ab60-d7d5dfc18f27\", \"key\": \"/QuickChartImgGeneratorInput/xAxisArray[][2]\", \"node\": {\"id\": \"c9cd3b78-2c23-4216-9bcd-387268bca56c\", \"key\": \"/QuickChartImgGeneratorInput/xAxisArray[]\", \"edit\": false, \"type\": \"node\", \"order\": 1, \"title\": \"xAxisArray\", \"value\": {\"type\": \"array\"}, \"editAllow\": true, \"childrenSet\": true, \"isChildrenSet\": true, \"dataElementType\": \"stringArray\"}, \"type\": \"index\", \"title\": \"2\", \"isLeaf\": true, \"indexkey\": \"/QuickChartImgGeneratorInput/xAxisArray[]/[2]\", \"setValue\": \"l\", \"isSetValue\": false, \"dataElementType\": \"index\"}], \"editAllow\": true, \"childrenSet\": true, \"isChildrenSet\": true, \"dataElementType\": \"stringArray\"}, {\"id\": \"8aa313bd-bd1c-411e-971b-c7236be89f41\", \"key\": \"/QuickChartImgGeneratorInput/yAxisArray[]\", \"edit\": false, \"type\": \"node\", \"order\": 1, \"title\": \"yAxisArray\", \"value\": {\"type\": \"array\"}, \"children\": [{\"id\": \"a9ca9530-f989-43ea-be53-036ba2a8e7b6\", \"key\": \"/QuickChartImgGeneratorInput/yAxisArray[][0]\", \"node\": {\"id\": \"8aa313bd-bd1c-411e-971b-c7236be89f41\", \"key\": \"/QuickChartImgGeneratorInput/yAxisArray[]\", \"edit\": false, \"type\": \"node\", \"order\": 1, \"title\": \"yAxisArray\", \"value\": {\"type\": \"array\"}, \"editAllow\": true, \"dataElementType\": \"stringArray\"}, \"type\": \"index\", \"title\": \"0\", \"isLeaf\": true, \"indexkey\": \"/QuickChartImgGeneratorInput/yAxisArray[]/[0]\", \"setValue\": \"10\", \"isSetValue\": false, \"dataElementType\": \"index\"}, {\"id\": \"7e8b40b5-7962-4604-8b4b-26653170abd7\", \"key\": \"/QuickChartImgGeneratorInput/yAxisArray[][1]\", \"node\": {\"id\": \"8aa313bd-bd1c-411e-971b-c7236be89f41\", \"key\": \"/QuickChartImgGeneratorInput/yAxisArray[]\", \"edit\": false, \"type\": \"node\", \"order\": 1, \"title\": \"yAxisArray\", \"value\": {\"type\": \"array\"}, \"editAllow\": true, \"childrenSet\": true, \"isChildrenSet\": true, \"dataElementType\": \"stringArray\"}, \"type\": \"index\", \"title\": \"1\", \"isLeaf\": true, \"indexkey\": \"/QuickChartImgGeneratorInput/yAxisArray[]/[1]\", \"setValue\": \"20\", \"isSetValue\": false, \"dataElementType\": \"index\"}, {\"id\": \"2f5cd7c0-7046-40e0-8f64-3db712355652\", \"key\": \"/QuickChartImgGeneratorInput/yAxisArray[][2]\", \"node\": {\"id\": \"8aa313bd-bd1c-411e-971b-c7236be89f41\", \"key\": \"/QuickChartImgGeneratorInput/yAxisArray[]\", \"edit\": false, \"type\": \"node\", \"order\": 1, \"title\": \"yAxisArray\", \"value\": {\"type\": \"array\"}, \"editAllow\": true, \"childrenSet\": true, \"isChildrenSet\": true, \"dataElementType\": \"stringArray\"}, \"type\": \"index\", \"title\": \"2\", \"isLeaf\": true, \"indexkey\": \"/QuickChartImgGeneratorInput/yAxisArray[]/[2]\", \"setValue\": \"30\", \"isSetValue\": false, \"dataElementType\": \"index\"}], \"editAllow\": true, \"childrenSet\": true, \"isChildrenSet\": true, \"dataElementType\": \"stringArray\"}, {\"id\": \"3064b6c4-292c-4ea2-ad7c-158c46b1873e\", \"key\": \"/QuickChartImgGeneratorInput/label\", \"edit\": false, \"type\": \"node\", \"order\": 1, \"title\": \"label\", \"value\": {\"type\": \"string\"}, \"children\": [], \"editAllow\": true, \"dataElementType\": \"string\"}], \"childrenSet\": false, \"hasChildren\": false, \"dataElementType\": \"document\", \"documentReference\": []}]",
    "null" : false
  }
}