{
  "component_config_id" : "1a8559b7-679b-4559-8209-a5df5e56a537",
  "endpoint_config_json" : null,
  "input_config_json" : {
    "type" : "jsonb",
    "value" : "{\"expression\": \"(%{/GetRequestOutput/response/result/approve_reject}% == \\\"approved\\\" || %{/GetRequestOutput/response/result/approve_reject}% == \\\"reject\\\" ) && %{/GetRequestOutput/response/result/comment}% .isNotEmpty && %{/GetRequestOutput/response/result/selflink}% .isNotEmpty \"}",
    "null" : false
  },
  "output_config_json" : null,
  "component_id" : "506cb924-5f12-4aee-8567-9f51db3679ae",
  "service_id" : "c23298ea-bae4-4f82-b529-92e920749712",
  "endpoint_id" : null,
  "parent_component_config_id" : "7897097e-b0c2-4a68-942b-5118734270aa",
  "component_config_order" : 1.0,
  "action_id" : null,
  "name" : null,
  "description" : null,
  "override_endpoint" : false,
  "input_structure_json" : {
    "type" : "jsonb",
    "value" : "{\"fields\": [{\"id\": \"85c9a099-6218-4cb4-89dd-24a5b06736cc\", \"isGroup\": true, \"children\": [{\"id\": \"38094e65-4580-46d2-a35c-48f1db51ff88\", \"path\": \"%{/GetRequestOutput/response/result/approve_reject}%\", \"field\": \"/GetRequestOutput/response/result/approve_reject\", \"value\": \"approved\", \"isGroup\": false, \"children\": null, \"operator\": \"==\", \"operation\": \"||\", \"isTreeChecked\": false, \"dataElementType\": \"string\"}, {\"id\": \"38094e65-4580-46d2-a35c-48f1db51ff881\", \"path\": \"%{/GetRequestOutput/response/result/approve_reject}%\", \"field\": \"/GetRequestOutput/response/result/approve_reject\", \"value\": \"reject\", \"isGroup\": false, \"children\": null, \"operator\": \"==\", \"operation\": \"&&\", \"isTreeChecked\": false, \"dataElementType\": \"string\"}], \"operation\": \"&&\"}, {\"id\": \"0efc08ee-e607-4097-b816-313d53da817e\", \"path\": \"%{/GetRequestOutput/response/result/comment}%\", \"field\": \"/GetRequestOutput/response/result/comment\", \"value\": null, \"isGroup\": false, \"children\": null, \"operator\": \".isNotEmpty\", \"operation\": \"&&\", \"isTreeChecked\": false, \"dataElementType\": \"string\"}, {\"id\": \"11de0fc5-9b97-41b5-8fb5-369b92151f22\", \"path\": \"%{/GetRequestOutput/response/result/selflink}%\", \"field\": \"/GetRequestOutput/response/result/selflink\", \"value\": null, \"isGroup\": false, \"children\": null, \"operator\": \".isNotEmpty\", \"operation\": \"&&\", \"isTreeChecked\": false, \"dataElementType\": \"string\"}]}",
    "null" : false
  },
  "output_structure_json" : null,
  "endpoint_structure_json" : null,
  "is_error" : false,
  "no_of_errors" : null,
  "action_input_type" : null,
  "config_service_id" : null,
  "config_imap_id" : null,
  "config_b2b_document_type_id" : null,
  "config_document_id" : null,
  "add_variables" : null,
  "drop_variables" : null,
  "plug_input_structure" : null,
  "plug_output_structure" : null,
  "config_plug_id" : null,
  "override_plug" : false,
  "config_java_service_id" : null,
  "service_tag" : "EMPTY",
  "endpoint_tag" : "EMPTY",
  "config_service_tag" : "EMPTY",
  "config_imap_tag" : "EMPTY",
  "config_b2b_document_type_tag" : "EMPTY",
  "active" : true,
  "parent_component_config_service_tag" : "EMPTY",
  "service_project_id" : "5e4ed772-e812-4368-9b48-c95ba4e3ec23",
  "service_project_tag" : "EMPTY",
  "config_service_project_id" : null,
  "config_service_project_tag" : "EMPTY",
  "config_imap_project_id" : null,
  "config_imap_project_tag" : "EMPTY",
  "config_b2b_document_type_project_id" : null,
  "config_b2b_document_type_project_tag" : "EMPTY",
  "endpoint_project_id" : null,
  "endpoint_project_tag" : "EMPTY",
  "config_plug_tag" : "EMPTY",
  "config_plug_project_id" : null,
  "config_plug_project_tag" : "EMPTY",
  "config_java_service_tag" : "EMPTY",
  "config_java_service_project_id" : null,
  "config_java_service_project_tag" : "EMPTY",
  "disabled" : false,
  "config" : null,
  "config_b2b_document_type_project_mode_id" : "112c1cb8-4b9e-4d1a-a042-0bd031dc7d05",
  "config_imap_project_mode_id" : "112c1cb8-4b9e-4d1a-a042-0bd031dc7d05",
  "config_java_service_project_mode_id" : "112c1cb8-4b9e-4d1a-a042-0bd031dc7d05",
  "config_plug_project_mode_id" : "112c1cb8-4b9e-4d1a-a042-0bd031dc7d05",
  "config_service_project_mode_id" : "112c1cb8-4b9e-4d1a-a042-0bd031dc7d05",
  "endpoint_project_mode_id" : "112c1cb8-4b9e-4d1a-a042-0bd031dc7d05",
  "service_project_mode_id" : "112c1cb8-4b9e-4d1a-a042-0bd031dc7d05",
  "parent_component_config_service_project_mode_id" : "112c1cb8-4b9e-4d1a-a042-0bd031dc7d05",
  "is_audit" : true,
  "keys_with_order" : null
}