{
  "component_config_id" : "3ab76a4f-3773-4206-b379-fe17901a9f55",
  "endpoint_config_json" : null,
  "input_config_json" : {
    "type" : "jsonb",
    "value" : "{\"expression\": \"(%{/AmplifyProductReviewPayloadParserOutput/AmplifyProductReviewPayload/payload/kind}% == \\\"ProductReview\\\" && %{/AmplifyProductReviewPayloadParserOutput/AmplifyProductReviewPayload/type}% == \\\"ResourceCreated\\\" && %{/AmplifyProductReviewPayloadParserOutput/AmplifyProductReviewPayload/payload/state/name}% == \\\"pending\\\" ) || (%{/AmplifyProductReviewPayloadParserOutput/AmplifyProductReviewPayload/payload/kind}% == \\\"ProductReview\\\" && %{/AmplifyProductReviewPayloadParserOutput/AmplifyProductReviewPayload/type}% == \\\"ResourceUpdated\\\" && %{/AmplifyProductReviewPayloadParserOutput/AmplifyProductReviewPayload/payload/state/name}% == \\\"pending\\\" ) \"}",
    "null" : false
  },
  "output_config_json" : null,
  "component_id" : "506cb924-5f12-4aee-8567-9f51db3679ae",
  "service_id" : "f445fcfe-69a9-42fa-b75e-a8632dd99678",
  "endpoint_id" : null,
  "parent_component_config_id" : "d964c40b-c23e-481a-8741-a8d2fc1f17b7",
  "component_config_order" : 1.0,
  "action_id" : null,
  "name" : null,
  "description" : null,
  "override_endpoint" : false,
  "input_structure_json" : {
    "type" : "jsonb",
    "value" : "{\"fields\": [{\"id\": \"f00dd613-870c-44dd-9285-2fbc1e3a00b5\", \"isGroup\": true, \"children\": [{\"id\": \"7c09d253-3370-4f3e-ae10-42d9b6472fd6\", \"path\": \"%{/AmplifyProductReviewPayloadParserOutput/AmplifyProductReviewPayload/payload/kind}%\", \"field\": \"/AmplifyProductReviewPayloadParserOutput/AmplifyProductReviewPayload/payload/kind\", \"value\": \"ProductReview\", \"isGroup\": false, \"children\": null, \"operator\": \"==\", \"operation\": \"&&\", \"isTreeChecked\": false, \"dataElementType\": \"string\"}, {\"id\": \"7c09d253-3370-4f3e-ae10-42d9b6472fd61\", \"path\": \"%{/AmplifyProductReviewPayloadParserOutput/AmplifyProductReviewPayload/type}%\", \"field\": \"/AmplifyProductReviewPayloadParserOutput/AmplifyProductReviewPayload/type\", \"value\": \"ResourceCreated\", \"isGroup\": false, \"children\": null, \"operator\": \"==\", \"operation\": \"&&\", \"isTreeChecked\": false, \"dataElementType\": \"string\"}, {\"id\": \"7c09d253-3370-4f3e-ae10-42d9b6472fd611\", \"path\": \"%{/AmplifyProductReviewPayloadParserOutput/AmplifyProductReviewPayload/payload/state/name}%\", \"field\": \"/AmplifyProductReviewPayloadParserOutput/AmplifyProductReviewPayload/payload/state/name\", \"value\": \"pending\", \"isGroup\": false, \"children\": null, \"operator\": \"==\", \"operation\": \"&&\", \"isTreeChecked\": false, \"dataElementType\": \"string\"}], \"operation\": \"||\"}, {\"id\": \"c0ebe157-1dff-4e42-82e2-b277d8b2a8c6\", \"isGroup\": true, \"children\": [{\"id\": \"e05946c4-6522-4292-8b72-d6031aa3275b\", \"path\": \"%{/AmplifyProductReviewPayloadParserOutput/AmplifyProductReviewPayload/payload/kind}%\", \"field\": \"/AmplifyProductReviewPayloadParserOutput/AmplifyProductReviewPayload/payload/kind\", \"value\": \"ProductReview\", \"isGroup\": false, \"children\": null, \"operator\": \"==\", \"operation\": \"&&\", \"isTreeChecked\": false, \"dataElementType\": \"string\"}, {\"id\": \"e05946c4-6522-4292-8b72-d6031aa3275b1\", \"path\": \"%{/AmplifyProductReviewPayloadParserOutput/AmplifyProductReviewPayload/type}%\", \"field\": \"/AmplifyProductReviewPayloadParserOutput/AmplifyProductReviewPayload/type\", \"value\": \"ResourceUpdated\", \"isGroup\": false, \"children\": null, \"operator\": \"==\", \"operation\": \"&&\", \"isTreeChecked\": false, \"dataElementType\": \"string\"}, {\"id\": \"e05946c4-6522-4292-8b72-d6031aa3275b11\", \"path\": \"%{/AmplifyProductReviewPayloadParserOutput/AmplifyProductReviewPayload/payload/state/name}%\", \"field\": \"/AmplifyProductReviewPayloadParserOutput/AmplifyProductReviewPayload/payload/state/name\", \"value\": \"pending\", \"isGroup\": false, \"children\": null, \"operator\": \"==\", \"operation\": \"&&\", \"isTreeChecked\": false, \"dataElementType\": \"string\"}], \"operation\": \"&&\"}]}",
    "null" : false
  },
  "output_structure_json" : null,
  "endpoint_structure_json" : null,
  "is_error" : false,
  "no_of_errors" : null,
  "action_input_type" : null,
  "config_service_id" : null,
  "config_imap_id" : null,
  "config_b2b_document_type_id" : null,
  "config_document_id" : null,
  "add_variables" : null,
  "drop_variables" : null,
  "plug_input_structure" : null,
  "plug_output_structure" : null,
  "config_plug_id" : null,
  "override_plug" : false,
  "config_java_service_id" : null,
  "service_tag" : "EMPTY",
  "endpoint_tag" : "EMPTY",
  "config_service_tag" : "EMPTY",
  "config_imap_tag" : "EMPTY",
  "config_b2b_document_type_tag" : "EMPTY",
  "active" : true,
  "parent_component_config_service_tag" : "EMPTY",
  "service_project_id" : "5e4ed772-e812-4368-9b48-c95ba4e3ec23",
  "service_project_tag" : "EMPTY",
  "config_service_project_id" : null,
  "config_service_project_tag" : "EMPTY",
  "config_imap_project_id" : null,
  "config_imap_project_tag" : "EMPTY",
  "config_b2b_document_type_project_id" : null,
  "config_b2b_document_type_project_tag" : "EMPTY",
  "endpoint_project_id" : null,
  "endpoint_project_tag" : "EMPTY",
  "config_plug_tag" : "EMPTY",
  "config_plug_project_id" : null,
  "config_plug_project_tag" : "EMPTY",
  "config_java_service_tag" : "EMPTY",
  "config_java_service_project_id" : null,
  "config_java_service_project_tag" : "EMPTY",
  "disabled" : false,
  "config" : null,
  "config_b2b_document_type_project_mode_id" : "112c1cb8-4b9e-4d1a-a042-0bd031dc7d05",
  "config_imap_project_mode_id" : "112c1cb8-4b9e-4d1a-a042-0bd031dc7d05",
  "config_java_service_project_mode_id" : "112c1cb8-4b9e-4d1a-a042-0bd031dc7d05",
  "config_plug_project_mode_id" : "112c1cb8-4b9e-4d1a-a042-0bd031dc7d05",
  "config_service_project_mode_id" : "112c1cb8-4b9e-4d1a-a042-0bd031dc7d05",
  "endpoint_project_mode_id" : "112c1cb8-4b9e-4d1a-a042-0bd031dc7d05",
  "service_project_mode_id" : "112c1cb8-4b9e-4d1a-a042-0bd031dc7d05",
  "parent_component_config_service_project_mode_id" : "112c1cb8-4b9e-4d1a-a042-0bd031dc7d05",
  "is_audit" : true,
  "keys_with_order" : null
}