{
  "component_config_id" : "442161c8-bb92-4677-9f08-114fba64b120",
  "endpoint_config_json" : null,
  "input_config_json" : {
    "type" : "jsonb",
    "value" : "{\"expression\": \"%{/isConsumerOrgSubscriptionRequestFromWHOutput/isConsumerOrgRequest}% == false && %{/GetSubscriptionDetailsFromSubscriptionPayloadOutput/SubscriptionApprovalState}% != \\\"pending\\\" \"}",
    "null" : false
  },
  "output_config_json" : null,
  "component_id" : "506cb924-5f12-4aee-8567-9f51db3679ae",
  "service_id" : "47526741-295a-4bef-b9b8-1b1e58e5dfc0",
  "endpoint_id" : null,
  "parent_component_config_id" : "d5ce29a0-029f-438a-9f12-895d5a69f0d9",
  "component_config_order" : 1.0,
  "action_id" : null,
  "name" : null,
  "description" : null,
  "override_endpoint" : false,
  "input_structure_json" : {
    "type" : "jsonb",
    "value" : "{\"fields\": [{\"id\": \"a00c981c-baee-491a-b4f0-e6db59757a01\", \"path\": \"%{/isConsumerOrgSubscriptionRequestFromWHOutput/isConsumerOrgRequest}%\", \"field\": \"/isConsumerOrgSubscriptionRequestFromWHOutput/isConsumerOrgRequest\", \"value\": \"false\", \"isGroup\": false, \"children\": null, \"operator\": \"==\", \"operation\": \"&&\", \"isTreeChecked\": false, \"dataElementType\": \"boolean\"}, {\"id\": \"4689b660-4f85-4408-83e4-0d0bd3debb51\", \"path\": \"%{/GetSubscriptionDetailsFromSubscriptionPayloadOutput/SubscriptionApprovalState}%\", \"field\": \"/GetSubscriptionDetailsFromSubscriptionPayloadOutput/SubscriptionApprovalState\", \"value\": \"pending\", \"isGroup\": false, \"children\": null, \"operator\": \"!=\", \"operation\": \"&&\", \"isTreeChecked\": false, \"dataElementType\": \"string\"}]}",
    "null" : false
  },
  "output_structure_json" : null,
  "endpoint_structure_json" : null,
  "is_error" : false,
  "no_of_errors" : null,
  "action_input_type" : null,
  "config_service_id" : null,
  "config_imap_id" : null,
  "config_b2b_document_type_id" : null,
  "config_document_id" : null,
  "add_variables" : null,
  "drop_variables" : null,
  "plug_input_structure" : null,
  "plug_output_structure" : null,
  "config_plug_id" : null,
  "override_plug" : false,
  "config_java_service_id" : null,
  "service_tag" : "EMPTY",
  "endpoint_tag" : "EMPTY",
  "config_service_tag" : "EMPTY",
  "config_imap_tag" : "EMPTY",
  "config_b2b_document_type_tag" : "EMPTY",
  "active" : true,
  "parent_component_config_service_tag" : "EMPTY",
  "service_project_id" : "5e4ed772-e812-4368-9b48-c95ba4e3ec23",
  "service_project_tag" : "EMPTY",
  "config_service_project_id" : null,
  "config_service_project_tag" : "EMPTY",
  "config_imap_project_id" : null,
  "config_imap_project_tag" : "EMPTY",
  "config_b2b_document_type_project_id" : null,
  "config_b2b_document_type_project_tag" : "EMPTY",
  "endpoint_project_id" : null,
  "endpoint_project_tag" : "EMPTY",
  "config_plug_tag" : "EMPTY",
  "config_plug_project_id" : null,
  "config_plug_project_tag" : "EMPTY",
  "config_java_service_tag" : "EMPTY",
  "config_java_service_project_id" : null,
  "config_java_service_project_tag" : "EMPTY",
  "disabled" : false,
  "config" : null,
  "config_b2b_document_type_project_mode_id" : "112c1cb8-4b9e-4d1a-a042-0bd031dc7d05",
  "config_imap_project_mode_id" : "112c1cb8-4b9e-4d1a-a042-0bd031dc7d05",
  "config_java_service_project_mode_id" : "112c1cb8-4b9e-4d1a-a042-0bd031dc7d05",
  "config_plug_project_mode_id" : "112c1cb8-4b9e-4d1a-a042-0bd031dc7d05",
  "config_service_project_mode_id" : "112c1cb8-4b9e-4d1a-a042-0bd031dc7d05",
  "endpoint_project_mode_id" : "112c1cb8-4b9e-4d1a-a042-0bd031dc7d05",
  "service_project_mode_id" : "112c1cb8-4b9e-4d1a-a042-0bd031dc7d05",
  "parent_component_config_service_project_mode_id" : "112c1cb8-4b9e-4d1a-a042-0bd031dc7d05",
  "is_audit" : true,
  "keys_with_order" : null
}