{
  "component_config_id" : "620fb291-6c7a-4cfc-8e4d-17a7a571ea14",
  "endpoint_config_json" : null,
  "input_config_json" : {
    "type" : "jsonb",
    "value" : "{\"expression\": \"%{/iterator}% < %{/sizeOfArray}% \"}",
    "null" : false
  },
  "output_config_json" : null,
  "component_id" : "506cb924-5f12-4aee-8567-9f51db3679ae",
  "service_id" : "b752eb1d-fa85-4dbc-a147-e7532cf1c21f",
  "endpoint_id" : null,
  "parent_component_config_id" : "a18d1ec2-5ada-4340-a42a-1018623c094e",
  "component_config_order" : 1.0,
  "action_id" : null,
  "name" : null,
  "description" : null,
  "override_endpoint" : false,
  "input_structure_json" : {
    "type" : "jsonb",
    "value" : "{\"fields\": [{\"id\": \"abb90e67-6c12-4884-bb2f-ebed3f7485ae\", \"path\": \"%{/iterator}%\", \"field\": \"/iterator\", \"value\": \"%{/sizeOfArray}%\", \"isGroup\": false, \"children\": null, \"operator\": \"<\", \"operation\": \"&&\", \"isTreeChecked\": true, \"dataElementType\": \"integer\"}]}",
    "null" : false
  },
  "output_structure_json" : null,
  "endpoint_structure_json" : null,
  "is_error" : false,
  "no_of_errors" : null,
  "action_input_type" : null,
  "config_service_id" : null,
  "config_imap_id" : null,
  "config_b2b_document_type_id" : null,
  "config_document_id" : null,
  "add_variables" : null,
  "drop_variables" : null,
  "plug_input_structure" : null,
  "plug_output_structure" : null,
  "config_plug_id" : null,
  "override_plug" : false,
  "config_java_service_id" : null,
  "service_tag" : "EMPTY",
  "endpoint_tag" : "EMPTY",
  "config_service_tag" : "EMPTY",
  "config_imap_tag" : "EMPTY",
  "config_b2b_document_type_tag" : "EMPTY",
  "active" : true,
  "parent_component_config_service_tag" : "EMPTY",
  "service_project_id" : "5e4ed772-e812-4368-9b48-c95ba4e3ec23",
  "service_project_tag" : "EMPTY",
  "config_service_project_id" : null,
  "config_service_project_tag" : "EMPTY",
  "config_imap_project_id" : null,
  "config_imap_project_tag" : "EMPTY",
  "config_b2b_document_type_project_id" : null,
  "config_b2b_document_type_project_tag" : "EMPTY",
  "endpoint_project_id" : null,
  "endpoint_project_tag" : "EMPTY",
  "config_plug_tag" : "EMPTY",
  "config_plug_project_id" : null,
  "config_plug_project_tag" : "EMPTY",
  "config_java_service_tag" : "EMPTY",
  "config_java_service_project_id" : null,
  "config_java_service_project_tag" : "EMPTY",
  "disabled" : false,
  "config" : null,
  "config_b2b_document_type_project_mode_id" : "112c1cb8-4b9e-4d1a-a042-0bd031dc7d05",
  "config_imap_project_mode_id" : "112c1cb8-4b9e-4d1a-a042-0bd031dc7d05",
  "config_java_service_project_mode_id" : "112c1cb8-4b9e-4d1a-a042-0bd031dc7d05",
  "config_plug_project_mode_id" : "112c1cb8-4b9e-4d1a-a042-0bd031dc7d05",
  "config_service_project_mode_id" : "112c1cb8-4b9e-4d1a-a042-0bd031dc7d05",
  "endpoint_project_mode_id" : "112c1cb8-4b9e-4d1a-a042-0bd031dc7d05",
  "service_project_mode_id" : "112c1cb8-4b9e-4d1a-a042-0bd031dc7d05",
  "parent_component_config_service_project_mode_id" : "112c1cb8-4b9e-4d1a-a042-0bd031dc7d05",
  "is_audit" : true,
  "keys_with_order" : null
}