{
  "component_config_id" : "819a2720-4d56-408c-bb5b-d83e5d683d3c",
  "endpoint_config_json" : null,
  "input_config_json" : {
    "type" : "jsonb",
    "value" : "{\"expression\": \"%{/AmplifySubscriptionWebhookPayloadParserOutput/AmplifySubscriptionWebhookPayload/type}% == \\\"SubResourceUpdated\\\" && %{/AmplifySubscriptionWebhookPayloadParserOutput/AmplifySubscriptionWebhookPayload/metadata/subresource}% == \\\"approval\\\" && %{/AmplifySubscriptionWebhookPayloadParserOutput/AmplifySubscriptionWebhookPayload/payload/kind}% == \\\"Subscription\\\" \"}",
    "null" : false
  },
  "output_config_json" : null,
  "component_id" : "506cb924-5f12-4aee-8567-9f51db3679ae",
  "service_id" : "e8853ee9-6f7f-4b76-b211-7f454691bd84",
  "endpoint_id" : null,
  "parent_component_config_id" : "ee889352-d8b3-4d9a-bf5a-ac2bb5c1ab5c",
  "component_config_order" : 1.0,
  "action_id" : null,
  "name" : null,
  "description" : null,
  "override_endpoint" : false,
  "input_structure_json" : {
    "type" : "jsonb",
    "value" : "{\"fields\": [{\"id\": \"7fc3a5a0-b510-4044-a0c7-fa5a2f4c6c0c\", \"path\": \"%{/AmplifySubscriptionWebhookPayloadParserOutput/AmplifySubscriptionWebhookPayload/type}%\", \"field\": \"/AmplifySubscriptionWebhookPayloadParserOutput/AmplifySubscriptionWebhookPayload/type\", \"value\": \"SubResourceUpdated\", \"isGroup\": false, \"children\": null, \"operator\": \"==\", \"operation\": \"&&\", \"isTreeChecked\": false, \"dataElementType\": \"string\"}, {\"id\": \"b891ea62-eb09-4779-a799-7b685993b34e\", \"path\": \"%{/AmplifySubscriptionWebhookPayloadParserOutput/AmplifySubscriptionWebhookPayload/metadata/subresource}%\", \"field\": \"/AmplifySubscriptionWebhookPayloadParserOutput/AmplifySubscriptionWebhookPayload/metadata/subresource\", \"value\": \"approval\", \"isGroup\": false, \"children\": null, \"operator\": \"==\", \"operation\": \"&&\", \"isTreeChecked\": false, \"dataElementType\": \"string\"}, {\"id\": \"34eb5903-5f00-47ca-b605-76f3384fa0d0\", \"path\": \"%{/AmplifySubscriptionWebhookPayloadParserOutput/AmplifySubscriptionWebhookPayload/payload/kind}%\", \"field\": \"/AmplifySubscriptionWebhookPayloadParserOutput/AmplifySubscriptionWebhookPayload/payload/kind\", \"value\": \"Subscription\", \"isGroup\": false, \"children\": null, \"operator\": \"==\", \"operation\": \"&&\", \"isTreeChecked\": false, \"dataElementType\": \"string\"}]}",
    "null" : false
  },
  "output_structure_json" : null,
  "endpoint_structure_json" : null,
  "is_error" : false,
  "no_of_errors" : null,
  "action_input_type" : null,
  "config_service_id" : null,
  "config_imap_id" : null,
  "config_b2b_document_type_id" : null,
  "config_document_id" : null,
  "add_variables" : null,
  "drop_variables" : null,
  "plug_input_structure" : null,
  "plug_output_structure" : null,
  "config_plug_id" : null,
  "override_plug" : false,
  "config_java_service_id" : null,
  "service_tag" : "EMPTY",
  "endpoint_tag" : "EMPTY",
  "config_service_tag" : "EMPTY",
  "config_imap_tag" : "EMPTY",
  "config_b2b_document_type_tag" : "EMPTY",
  "active" : true,
  "parent_component_config_service_tag" : "EMPTY",
  "service_project_id" : "5e4ed772-e812-4368-9b48-c95ba4e3ec23",
  "service_project_tag" : "EMPTY",
  "config_service_project_id" : null,
  "config_service_project_tag" : "EMPTY",
  "config_imap_project_id" : null,
  "config_imap_project_tag" : "EMPTY",
  "config_b2b_document_type_project_id" : null,
  "config_b2b_document_type_project_tag" : "EMPTY",
  "endpoint_project_id" : null,
  "endpoint_project_tag" : "EMPTY",
  "config_plug_tag" : "EMPTY",
  "config_plug_project_id" : null,
  "config_plug_project_tag" : "EMPTY",
  "config_java_service_tag" : "EMPTY",
  "config_java_service_project_id" : null,
  "config_java_service_project_tag" : "EMPTY",
  "disabled" : false,
  "config" : null,
  "config_b2b_document_type_project_mode_id" : "112c1cb8-4b9e-4d1a-a042-0bd031dc7d05",
  "config_imap_project_mode_id" : "112c1cb8-4b9e-4d1a-a042-0bd031dc7d05",
  "config_java_service_project_mode_id" : "112c1cb8-4b9e-4d1a-a042-0bd031dc7d05",
  "config_plug_project_mode_id" : "112c1cb8-4b9e-4d1a-a042-0bd031dc7d05",
  "config_service_project_mode_id" : "112c1cb8-4b9e-4d1a-a042-0bd031dc7d05",
  "endpoint_project_mode_id" : "112c1cb8-4b9e-4d1a-a042-0bd031dc7d05",
  "service_project_mode_id" : "112c1cb8-4b9e-4d1a-a042-0bd031dc7d05",
  "parent_component_config_service_project_mode_id" : "112c1cb8-4b9e-4d1a-a042-0bd031dc7d05",
  "is_audit" : true,
  "keys_with_order" : null
}