{
  "component_config_id" : "66cdc787-090a-4c08-a770-d1fe4606e666",
  "endpoint_config_json" : {
    "type" : "jsonb",
    "value" : "{\"crossRef\": [], \"services\": [], \"multistep\": [], \"operations\": []}",
    "null" : false
  },
  "input_config_json" : {
    "type" : "jsonb",
    "value" : "{\"crossRef\": [], \"services\": [], \"multistep\": [], \"operations\": []}",
    "null" : false
  },
  "output_config_json" : {
    "type" : "jsonb",
    "value" : "{\"crossRef\": [], \"services\": [], \"multistep\": [], \"operations\": [{\"transformer\": {\"id\": \"a218dc58-65c3-4ddf-ba4a-4bdff79e08c0\", \"name\": \"LIST_APPEND_STRING_LIST\", \"type\": \"List\", \"query\": null, \"inputs\": [{\"id\": \"1f6c4891-fe1b-4301-b5c4-198b199e690e\", \"root\": false, \"type\": \"list\", \"cached\": false, \"source\": \"/Vars/stateCountArray[]\", \"target\": \"/LIST_APPEND_STRING_LIST_INPUT/stringList[]\", \"mapNull\": false, \"disabled\": false, \"extractXml\": false, \"extractJson\": false, \"mapEmptyString\": false, \"sourceJavaType\": \"java.lang.String\", \"targetJavaType\": \"java.lang.String\"}, {\"id\": \"c8135f2f-2e86-4634-aac7-91acef7d235b\", \"root\": false, \"type\": \"map\", \"cached\": false, \"source\": \"/currentArraySize\", \"target\": \"/LIST_APPEND_STRING_LIST_INPUT/inString\", \"mapNull\": false, \"disabled\": false, \"extractXml\": false, \"extractJson\": false, \"mapEmptyString\": false, \"sourceJavaType\": \"java.lang.Integer\", \"targetJavaType\": \"java.lang.String\"}], \"outputs\": [{\"id\": \"519c1408-8a31-4e6e-aa57-f743b4678097\", \"root\": false, \"type\": \"list\", \"cached\": false, \"source\": \"/LIST_APPEND_STRING_LIST_OUTPUT/stringList[]\", \"target\": \"/Vars/stateCountArray[]\", \"mapNull\": false, \"disabled\": false, \"extractXml\": false, \"extractJson\": false, \"targetOrder\": 1.0, \"mapEmptyString\": false, \"sourceJavaType\": \"java.lang.String\", \"targetJavaType\": \"java.lang.String\"}], \"tableId\": null, \"configId\": null, \"disabled\": false, \"serviceId\": null, \"expression\": null}}]}",
    "null" : false
  },
  "component_id" : "8ac5fe03-27a2-4e6a-a449-6a8893818223",
  "service_id" : "65060c6e-46d6-41f2-832c-65b410380e64",
  "endpoint_id" : null,
  "parent_component_config_id" : "9b7faad5-9068-4530-bba7-cedaa82a4bf9",
  "component_config_order" : 3.0,
  "action_id" : "06843b78-eab0-45da-afab-8c8277d7553f",
  "name" : "Add to state count array",
  "description" : "",
  "override_endpoint" : false,
  "input_structure_json" : {
    "type" : "jsonb",
    "value" : "{\"maps\": [], \"mappedNodes\": [\"/Vars/stateCountArray[] pipeIn\", \"/LIST_APPEND_STRING_LIST_INPUT/stringList[]0\", \"/currentArraySize pipeIn\", \"/LIST_APPEND_STRING_LIST_INPUT/inString0\", \"/LIST_APPEND_STRING_LIST_OUTPUT/stringList[]0\", \"/Vars/stateCountArray[]pipeOut\"]}",
    "null" : false
  },
  "output_structure_json" : {
    "type" : "jsonb",
    "value" : "{\"maps\": [], \"tracks\": {}, \"transformer\": [{\"inputs\": {\"/LIST_APPEND_STRING_LIST_INPUT/inString\": [{\"type\": \"map\", \"source\": {\"path\": \"/currentArraySize\", \"title\": \"currentArraySize\", \"dataElementType\": \"integer\"}, \"target\": {\"path\": \"/LIST_APPEND_STRING_LIST_INPUT/inString\", \"title\": \"inString\", \"dataElementType\": \"string\"}, \"mapCondition\": {\"isConditionSet\": false, \"sourceTreeIndex\": [], \"targetTreeIndex\": [], \"mapConditionFormValue\": {}}}], \"/LIST_APPEND_STRING_LIST_INPUT/stringList[]\": [{\"type\": \"list\", \"source\": {\"path\": \"/Vars/stateCountArray[]\", \"title\": \"stateCountArray\", \"dataElementType\": \"stringArray\"}, \"target\": {\"path\": \"/LIST_APPEND_STRING_LIST_INPUT/stringList[]\", \"title\": \"stringList\", \"dataElementType\": \"stringArray\"}, \"mapCondition\": {\"isConditionSet\": false, \"sourceTreeIndex\": [{\"key\": 1, \"title\": \"Vars\", \"isLeaf\": false, \"isArray\": false, \"children\": [{\"key\": 2, \"title\": \"stateCountArray[]\", \"isLeaf\": false, \"isArray\": true, \"parentKey\": 1, \"arrayIndex\": null}], \"parentKey\": 0}], \"targetTreeIndex\": [{\"key\": 1, \"title\": \"LIST_APPEND_STRING_LIST_INPUT\", \"isLeaf\": false, \"isArray\": false, \"children\": [{\"key\": 2, \"title\": \"stringList\", \"isLeaf\": false, \"isArray\": true, \"parentKey\": 1, \"arrayIndex\": null}], \"parentKey\": 0}], \"mapConditionFormValue\": {}}}]}, \"outputs\": {\"/Vars/stateCountArray[]\": [{\"type\": \"list\", \"source\": {\"path\": \"/LIST_APPEND_STRING_LIST_OUTPUT/stringList[]\", \"title\": \"stringList\", \"dataElementType\": \"stringArray\"}, \"target\": {\"path\": \"/Vars/stateCountArray[]\", \"order\": 1, \"title\": \"stateCountArray\", \"dataElementType\": \"stringArray\"}, \"mapCondition\": {\"isConditionSet\": false, \"sourceTreeIndex\": [{\"key\": 1, \"title\": \"LIST_APPEND_STRING_LIST_OUTPUT\", \"isLeaf\": false, \"isArray\": false, \"children\": [{\"key\": 2, \"title\": \"stringList\", \"isLeaf\": false, \"isArray\": true, \"parentKey\": 1, \"arrayIndex\": null}], \"parentKey\": 0}], \"targetTreeIndex\": [{\"key\": 1, \"title\": \"Vars\", \"isLeaf\": false, \"isArray\": false, \"children\": [{\"key\": 2, \"title\": \"stateCountArray[]\", \"isLeaf\": false, \"isArray\": true, \"parentKey\": 1, \"arrayIndex\": null}], \"parentKey\": 0}], \"mapConditionFormValue\": {}}}]}, \"functionInfo\": {\"id\": \"666d263f-dfdc-4bd6-b1de-a595b2f6a133\", \"name\": \"AppendStringList\", \"category\": {\"id\": \"41a97f98-22ec-4738-9b60-e2e3bd2bc1f9\"}, \"internalName\": \"LIST_APPEND_STRING_LIST\"}}]}",
    "null" : false
  },
  "endpoint_structure_json" : {
    "type" : "jsonb",
    "value" : "{\"maps\": []}",
    "null" : false
  },
  "is_error" : false,
  "no_of_errors" : 0,
  "action_input_type" : null,
  "config_service_id" : null,
  "config_imap_id" : null,
  "config_b2b_document_type_id" : null,
  "config_document_id" : null,
  "add_variables" : {
    "type" : "jsonb",
    "value" : "[]",
    "null" : false
  },
  "drop_variables" : {
    "type" : "jsonb",
    "value" : "[]",
    "null" : false
  },
  "plug_input_structure" : null,
  "plug_output_structure" : null,
  "config_plug_id" : null,
  "override_plug" : false,
  "config_java_service_id" : null,
  "service_tag" : "EMPTY",
  "endpoint_tag" : "EMPTY",
  "config_service_tag" : "EMPTY",
  "config_imap_tag" : "EMPTY",
  "config_b2b_document_type_tag" : "EMPTY",
  "active" : true,
  "parent_component_config_service_tag" : "EMPTY",
  "service_project_id" : "5e4ed772-e812-4368-9b48-c95ba4e3ec23",
  "service_project_tag" : "EMPTY",
  "config_service_project_id" : null,
  "config_service_project_tag" : "EMPTY",
  "config_imap_project_id" : null,
  "config_imap_project_tag" : "EMPTY",
  "config_b2b_document_type_project_id" : null,
  "config_b2b_document_type_project_tag" : "EMPTY",
  "endpoint_project_id" : null,
  "endpoint_project_tag" : "EMPTY",
  "config_plug_tag" : "EMPTY",
  "config_plug_project_id" : null,
  "config_plug_project_tag" : "EMPTY",
  "config_java_service_tag" : "EMPTY",
  "config_java_service_project_id" : null,
  "config_java_service_project_tag" : "EMPTY",
  "disabled" : false,
  "config" : null,
  "config_b2b_document_type_project_mode_id" : "112c1cb8-4b9e-4d1a-a042-0bd031dc7d05",
  "config_imap_project_mode_id" : "112c1cb8-4b9e-4d1a-a042-0bd031dc7d05",
  "config_java_service_project_mode_id" : "112c1cb8-4b9e-4d1a-a042-0bd031dc7d05",
  "config_plug_project_mode_id" : "112c1cb8-4b9e-4d1a-a042-0bd031dc7d05",
  "config_service_project_mode_id" : "112c1cb8-4b9e-4d1a-a042-0bd031dc7d05",
  "endpoint_project_mode_id" : "112c1cb8-4b9e-4d1a-a042-0bd031dc7d05",
  "service_project_mode_id" : "112c1cb8-4b9e-4d1a-a042-0bd031dc7d05",
  "parent_component_config_service_project_mode_id" : "112c1cb8-4b9e-4d1a-a042-0bd031dc7d05",
  "is_audit" : true,
  "keys_with_order" : null
}