{
  "component_config_id" : "48b6b266-bc17-4b3f-8927-2f533db10a83",
  "endpoint_config_json" : {
    "type" : "jsonb",
    "value" : "{\"crossRef\": [], \"services\": [], \"multistep\": [], \"operations\": []}",
    "null" : false
  },
  "input_config_json" : {
    "type" : "jsonb",
    "value" : "{\"crossRef\": [], \"services\": [], \"multistep\": [], \"operations\": []}",
    "null" : false
  },
  "output_config_json" : {
    "type" : "jsonb",
    "value" : "{\"crossRef\": [], \"services\": [], \"multistep\": [], \"operations\": [{\"transformer\": {\"id\": \"18a81bae-53c0-4c1a-9c2d-b6ddf8927fe8\", \"name\": \"STRING_CONCAT\", \"type\": \"String\", \"query\": null, \"inputs\": [{\"id\": \"1dad7394-3079-429b-bff0-76f038a2331f\", \"root\": false, \"type\": \"map\", \"cached\": false, \"source\": \"/AmplifyProductReviewPayloadParserOutput/AmplifyProductReviewPayload/payload/spec/comment\", \"target\": \"/STRING_CONCAT_INPUT/concatWith\", \"mapNull\": false, \"disabled\": false, \"extractXml\": false, \"extractJson\": false, \"mapEmptyString\": false, \"sourceJavaType\": \"java.lang.String\", \"targetJavaType\": \"java.lang.String\"}, {\"id\": \"0e3578f2-5c6f-48b7-980d-938c96c69870\", \"root\": false, \"type\": \"map\", \"cached\": false, \"source\": \"/Vars/ReviewText\", \"target\": \"/STRING_CONCAT_INPUT/inputString\", \"mapNull\": false, \"disabled\": false, \"extractXml\": false, \"extractJson\": false, \"mapEmptyString\": false, \"sourceJavaType\": \"java.lang.String\", \"targetJavaType\": \"java.lang.String\"}], \"outputs\": [{\"id\": \"ceb69b83-e1a8-47fb-894b-4101785c48c4\", \"root\": false, \"type\": \"map\", \"cached\": false, \"source\": \"/STRING_CONCAT_OUTPUT/output\", \"target\": \"/Vars/ReviewText\", \"mapNull\": false, \"disabled\": false, \"extractXml\": false, \"extractJson\": false, \"targetOrder\": 1.0, \"mapEmptyString\": false, \"sourceJavaType\": \"java.lang.String\", \"targetJavaType\": \"java.lang.String\"}], \"tableId\": null, \"configId\": null, \"disabled\": false, \"serviceId\": null, \"expression\": null}}, {\"map\": {\"id\": \"806ee96b-29ed-4f64-b08e-ff1eda2d5445\", \"root\": false, \"type\": \"setValue\", \"cached\": false, \"target\": \"/Vars/ProductURL\", \"mapNull\": false, \"disabled\": false, \"extractXml\": false, \"extractJson\": false, \"targetOrder\": 1.0, \"targetValue\": \"%{/Vars/centralBaseURL}%/products/details/%{/AmplifyProductReviewPayloadParserOutput/AmplifyProductReviewPayload/payload/metadata/scope/name}%/ratings\", \"mapEmptyString\": false, \"targetJavaType\": \"java.lang.String\", \"variableSubstitution\": true}}, {\"map\": {\"id\": \"198394f0-ea2f-4421-a681-a5de6619801c\", \"root\": false, \"type\": \"setValue\", \"cached\": false, \"target\": \"/Vars/ReviewURL\", \"mapNull\": false, \"disabled\": false, \"extractXml\": false, \"extractJson\": false, \"targetOrder\": 1.0, \"targetValue\": \"%{/Vars/centralBaseURL}%/products/details/%{/AmplifyProductReviewPayloadParserOutput/AmplifyProductReviewPayload/payload/metadata/scope/name}%/ratings/%{/AmplifyProductReviewPayloadParserOutput/AmplifyProductReviewPayload/payload/name}%\", \"mapEmptyString\": false, \"targetJavaType\": \"java.lang.String\", \"variableSubstitution\": true}}]}",
    "null" : false
  },
  "component_id" : "8ac5fe03-27a2-4e6a-a449-6a8893818223",
  "service_id" : "f445fcfe-69a9-42fa-b75e-a8632dd99678",
  "endpoint_id" : null,
  "parent_component_config_id" : null,
  "component_config_order" : 2.25,
  "action_id" : "06843b78-eab0-45da-afab-8c8277d7553f",
  "name" : "Add review comment to text to analyze and set Product and Review URLs and set report name",
  "description" : "",
  "override_endpoint" : false,
  "input_structure_json" : {
    "type" : "jsonb",
    "value" : "{\"maps\": [], \"mappedNodes\": [\"/Vars/ReviewText pipeIn\", \"/STRING_CONCAT_INPUT/inputString0\", \"/AmplifyProductReviewPayloadParserOutput/AmplifyProductReviewPayload/payload/spec/comment pipeIn\", \"/STRING_CONCAT_INPUT/concatWith0\", \"/STRING_CONCAT_OUTPUT/output0\", \"/Vars/ReviewTextpipeOut\", \"/Vars/ProductURLpipeOut\", \"/VarspipeOut\", \"/VarspipeOut\", \"/VarspipeOut\", \"/Vars/ReviewURLpipeOut\", \"/VarspipeOut\", \"/VarspipeOut\", \"/VarspipeOut\", \"/Vars/ReviewURLpipeOut\", \"/VarspipeOut\", \"/Vars/ProductURLpipeOut\", \"/VarspipeOut\"]}",
    "null" : false
  },
  "output_structure_json" : {
    "type" : "jsonb",
    "value" : "{\"maps\": [{\"/Vars/ProductURL\": [{\"type\": \"setValue\", \"order\": 1, \"target\": {\"path\": \"/Vars/ProductURL\", \"order\": 1, \"title\": \"ProductURL\", \"dataElementType\": \"string\"}, \"values\": [{\"id\": \"ae912dfb-e4b7-4829-b143-8cd19d92e081\", \"key\": \"/Vars/ProductURL\", \"type\": \"node\", \"order\": 1, \"title\": \"ProductURL\", \"children\": [], \"setValue\": null, \"editAllow\": true, \"uiElement\": \"<input _ngcontent-ng-c1270903566=\\\"\\\" class=\\\"chip\\\" title=\\\"/Vars/centralBaseURL\\\" readonly=\\\"true\\\" disabled=\\\"true\\\" type=\\\"button\\\" value=\\\"centralBaseURL\\\">/products/details/<input _ngcontent-ng-c1270903566=\\\"\\\" class=\\\"chip\\\" title=\\\"/AmplifyProductReviewPayloadParserOutput/AmplifyProductReviewPayload/payload/metadata/scope/name\\\" readonly=\\\"true\\\" disabled=\\\"true\\\" type=\\\"button\\\" value=\\\"name\\\">/ratings\", \"isSetValue\": false, \"childrenSet\": false, \"hasChildren\": false, \"componentName\": \"Declare vars\", \"dataElementType\": \"string\", \"componentConfigId\": \"7d4c8bb8-0a06-41cb-b488-03c5c40562a5\", \"componentConfigName\": \"Map\"}], \"mapCondition\": {\"isConditionSet\": false, \"sourceTreeIndex\": [], \"targetTreeIndex\": [], \"mapConditionFormValue\": {}}, \"dataElementType\": \"string\", \"variableSubstitution\": true, \"overwritePipelineValue\": false}]}, {\"/Vars/ReviewURL\": [{\"type\": \"setValue\", \"order\": 1, \"target\": {\"path\": \"/Vars/ReviewURL\", \"order\": 1, \"title\": \"ReviewURL\", \"dataElementType\": \"string\"}, \"values\": [{\"id\": \"3b3c060a-88ed-4326-b299-3616da81c35d\", \"key\": \"/Vars/ReviewURL\", \"type\": \"node\", \"order\": 1, \"title\": \"ReviewURL\", \"children\": [], \"setValue\": null, \"editAllow\": true, \"uiElement\": \"<input _ngcontent-ng-c1270903566=\\\"\\\" class=\\\"chip\\\" title=\\\"/Vars/centralBaseURL\\\" readonly=\\\"true\\\" disabled=\\\"true\\\" type=\\\"button\\\" value=\\\"centralBaseURL\\\">/products/details/<input _ngcontent-ng-c1270903566=\\\"\\\" class=\\\"chip\\\" title=\\\"/AmplifyProductReviewPayloadParserOutput/AmplifyProductReviewPayload/payload/metadata/scope/name\\\" readonly=\\\"true\\\" disabled=\\\"true\\\" type=\\\"button\\\" value=\\\"name\\\">/ratings/<input _ngcontent-ng-c1270903566=\\\"\\\" class=\\\"chip\\\" title=\\\"/AmplifyProductReviewPayloadParserOutput/AmplifyProductReviewPayload/payload/name\\\" readonly=\\\"true\\\" disabled=\\\"true\\\" type=\\\"button\\\" value=\\\"name\\\">\", \"isSetValue\": false, \"childrenSet\": false, \"hasChildren\": false, \"componentName\": \"Declare vars\", \"dataElementType\": \"string\", \"componentConfigId\": \"7d4c8bb8-0a06-41cb-b488-03c5c40562a5\", \"componentConfigName\": \"Map\"}], \"mapCondition\": {\"isConditionSet\": false, \"sourceTreeIndex\": [], \"targetTreeIndex\": [], \"mapConditionFormValue\": {}}, \"dataElementType\": \"string\", \"variableSubstitution\": true, \"overwritePipelineValue\": false}]}], \"tracks\": {}, \"transformer\": [{\"inputs\": {\"/STRING_CONCAT_INPUT/concatWith\": [{\"type\": \"map\", \"source\": {\"path\": \"/AmplifyProductReviewPayloadParserOutput/AmplifyProductReviewPayload/payload/spec/comment\", \"title\": \"comment\", \"dataElementType\": \"string\"}, \"target\": {\"path\": \"/STRING_CONCAT_INPUT/concatWith\", \"title\": \"concatWith\", \"dataElementType\": \"string\"}, \"mapCondition\": {\"isConditionSet\": false, \"sourceTreeIndex\": [], \"targetTreeIndex\": [], \"mapConditionFormValue\": {}}}], \"/STRING_CONCAT_INPUT/inputString\": [{\"type\": \"map\", \"source\": {\"path\": \"/Vars/ReviewText\", \"title\": \"ReviewText\", \"dataElementType\": \"string\"}, \"target\": {\"path\": \"/STRING_CONCAT_INPUT/inputString\", \"title\": \"inputString\", \"dataElementType\": \"string\"}, \"mapCondition\": {\"isConditionSet\": false, \"sourceTreeIndex\": [], \"targetTreeIndex\": [], \"mapConditionFormValue\": {}}}]}, \"outputs\": {\"/Vars/ReviewText\": [{\"type\": \"map\", \"source\": {\"path\": \"/STRING_CONCAT_OUTPUT/output\", \"title\": \"output\", \"dataElementType\": \"string\"}, \"target\": {\"path\": \"/Vars/ReviewText\", \"order\": 1, \"title\": \"ReviewText\", \"dataElementType\": \"string\"}, \"mapCondition\": {\"isConditionSet\": false, \"sourceTreeIndex\": [], \"targetTreeIndex\": [], \"mapConditionFormValue\": {}}}]}, \"functionInfo\": {\"id\": \"bd6ba1a8-5b3a-4089-98f9-7eb3b692209b\", \"name\": \"Concat\", \"category\": {\"id\": \"7e335ebf-c122-41de-a87f-8e4cb8f39ff6\"}, \"internalName\": \"STRING_CONCAT\"}}]}",
    "null" : false
  },
  "endpoint_structure_json" : {
    "type" : "jsonb",
    "value" : "{\"maps\": []}",
    "null" : false
  },
  "is_error" : false,
  "no_of_errors" : 0,
  "action_input_type" : null,
  "config_service_id" : null,
  "config_imap_id" : null,
  "config_b2b_document_type_id" : null,
  "config_document_id" : null,
  "add_variables" : {
    "type" : "jsonb",
    "value" : "[]",
    "null" : false
  },
  "drop_variables" : {
    "type" : "jsonb",
    "value" : "[]",
    "null" : false
  },
  "plug_input_structure" : null,
  "plug_output_structure" : null,
  "config_plug_id" : null,
  "override_plug" : false,
  "config_java_service_id" : null,
  "service_tag" : "EMPTY",
  "endpoint_tag" : "EMPTY",
  "config_service_tag" : "EMPTY",
  "config_imap_tag" : "EMPTY",
  "config_b2b_document_type_tag" : "EMPTY",
  "active" : true,
  "parent_component_config_service_tag" : "EMPTY",
  "service_project_id" : "5e4ed772-e812-4368-9b48-c95ba4e3ec23",
  "service_project_tag" : "EMPTY",
  "config_service_project_id" : null,
  "config_service_project_tag" : "EMPTY",
  "config_imap_project_id" : null,
  "config_imap_project_tag" : "EMPTY",
  "config_b2b_document_type_project_id" : null,
  "config_b2b_document_type_project_tag" : "EMPTY",
  "endpoint_project_id" : null,
  "endpoint_project_tag" : "EMPTY",
  "config_plug_tag" : "EMPTY",
  "config_plug_project_id" : null,
  "config_plug_project_tag" : "EMPTY",
  "config_java_service_tag" : "EMPTY",
  "config_java_service_project_id" : null,
  "config_java_service_project_tag" : "EMPTY",
  "disabled" : false,
  "config" : null,
  "config_b2b_document_type_project_mode_id" : "112c1cb8-4b9e-4d1a-a042-0bd031dc7d05",
  "config_imap_project_mode_id" : "112c1cb8-4b9e-4d1a-a042-0bd031dc7d05",
  "config_java_service_project_mode_id" : "112c1cb8-4b9e-4d1a-a042-0bd031dc7d05",
  "config_plug_project_mode_id" : "112c1cb8-4b9e-4d1a-a042-0bd031dc7d05",
  "config_service_project_mode_id" : "112c1cb8-4b9e-4d1a-a042-0bd031dc7d05",
  "endpoint_project_mode_id" : "112c1cb8-4b9e-4d1a-a042-0bd031dc7d05",
  "service_project_mode_id" : "112c1cb8-4b9e-4d1a-a042-0bd031dc7d05",
  "parent_component_config_service_project_mode_id" : "112c1cb8-4b9e-4d1a-a042-0bd031dc7d05",
  "is_audit" : true,
  "keys_with_order" : null
}