{
  "component_config_id" : "64ea3e6b-e6b3-4991-a3e3-28a3060d4f0f",
  "endpoint_config_json" : {
    "type" : "jsonb",
    "value" : "{\"crossRef\": [], \"services\": [], \"multistep\": [], \"operations\": []}",
    "null" : false
  },
  "input_config_json" : {
    "type" : "jsonb",
    "value" : "{\"crossRef\": [], \"services\": [], \"multistep\": [], \"operations\": [{\"map\": {\"id\": \"d1baf392-0ed3-4403-b519-1b974cb599c1\", \"root\": true, \"type\": \"map\", \"cached\": false, \"source\": \"/MSTeamsBodySection\", \"target\": \"/Add Fact to SectionInput/MSTeamsBodySection\", \"mapNull\": false, \"disabled\": false, \"extractXml\": false, \"extractJson\": false, \"targetOrder\": 1.0, \"mapEmptyString\": false}}, {\"map\": {\"id\": \"0c60a53a-22b5-466e-bfa0-b07a1de477a6\", \"root\": false, \"type\": \"setValue\", \"cached\": false, \"target\": \"/Add Fact to SectionInput/FactName\", \"mapNull\": false, \"disabled\": false, \"extractXml\": false, \"extractJson\": false, \"targetOrder\": 1.0, \"targetValue\": \"Detailed Report:\", \"mapEmptyString\": false, \"targetJavaType\": \"java.lang.String\", \"variableSubstitution\": false}}, {\"map\": {\"id\": \"6433c37a-6fd1-485a-82b2-774f9f39be3f\", \"root\": false, \"type\": \"setValue\", \"cached\": false, \"target\": \"/Add Fact to SectionInput/FactValue\", \"mapNull\": false, \"disabled\": false, \"extractXml\": false, \"extractJson\": false, \"targetOrder\": 1.0, \"targetValue\": \"[View](%{/Vars/ReportBaseURL}%/%{/AmazonS3CreateObjectOutput/response/key}%)\", \"mapEmptyString\": false, \"targetJavaType\": \"java.lang.String\", \"variableSubstitution\": true}}]}",
    "null" : false
  },
  "output_config_json" : {
    "type" : "jsonb",
    "value" : "{\"crossRef\": [], \"services\": [], \"multistep\": [], \"operations\": [{\"map\": {\"id\": \"9142bc78-a7fb-419b-9198-d3c05bc5bc5b\", \"root\": true, \"type\": \"map\", \"cached\": false, \"source\": \"/Add Fact to SectionOutput\", \"target\": \"/Add Fact to SectionOutput\", \"mapNull\": false, \"disabled\": false, \"extractXml\": false, \"extractJson\": false, \"targetOrder\": 1.0, \"mapEmptyString\": false}}, {\"map\": {\"id\": \"bb2325ab-8ec7-455c-8d27-a3f774e35413\", \"root\": true, \"type\": \"map\", \"cached\": false, \"source\": \"/Add Fact to SectionOutput/MSTeamsBodySection\", \"target\": \"/MSTeamsBodySection\", \"mapNull\": false, \"disabled\": false, \"extractXml\": false, \"extractJson\": false, \"targetOrder\": 2.0, \"mapEmptyString\": false}}]}",
    "null" : false
  },
  "component_id" : "756d919f-1b1f-4eab-9f44-2f7b5bbe175c",
  "service_id" : "f445fcfe-69a9-42fa-b75e-a8632dd99678",
  "endpoint_id" : null,
  "parent_component_config_id" : "d7e9b74b-b5a8-4212-ad59-875c915d0b61",
  "component_config_order" : 0.75,
  "action_id" : "8e231fcc-71d0-43f6-9303-70dcb0ca6080",
  "name" : "Add report fact to section",
  "description" : "",
  "override_endpoint" : false,
  "input_structure_json" : {
    "type" : "jsonb",
    "value" : "{\"maps\": [{\"/Add Fact to SectionInput/MSTeamsBodySection\": [{\"type\": \"map\", \"source\": {\"path\": \"/MSTeamsBodySection\", \"title\": \"MSTeamsBodySection\", \"dataElementType\": \"document\"}, \"target\": {\"path\": \"/Add Fact to SectionInput/MSTeamsBodySection\", \"order\": 1, \"title\": \"MSTeamsBodySection\", \"dataElementType\": \"document\"}, \"mapCondition\": {\"isConditionSet\": false, \"sourceTreeIndex\": [], \"targetTreeIndex\": [], \"mapConditionFormValue\": {}}}]}, {\"/Add Fact to SectionInput/FactName\": [{\"type\": \"setValue\", \"target\": {\"path\": \"/Add Fact to SectionInput/FactName\", \"order\": 1, \"title\": \"FactName\", \"dataElementType\": \"string\"}, \"values\": [{\"id\": \"c952061e-391e-4ce1-9108-4b719856b06f\", \"key\": \"/Add Fact to SectionInput/FactName\", \"type\": \"node\", \"order\": 1, \"title\": \"FactName\", \"children\": [], \"setValue\": null, \"uiElement\": \"Detailed Report:\", \"isSetValue\": false, \"childrenSet\": false, \"hasChildren\": false, \"dataElementType\": \"string\"}], \"mapCondition\": {\"isConditionSet\": false, \"sourceTreeIndex\": [], \"targetTreeIndex\": [], \"mapConditionFormValue\": {}}, \"variableSubstitution\": false, \"overwritePipelineValue\": false}]}, {\"/Add Fact to SectionInput/FactValue\": [{\"type\": \"setValue\", \"target\": {\"path\": \"/Add Fact to SectionInput/FactValue\", \"order\": 1, \"title\": \"FactValue\", \"dataElementType\": \"string\"}, \"values\": [{\"id\": \"828c2af8-0d97-4811-b3f2-add347ccc699\", \"key\": \"/Add Fact to SectionInput/FactValue\", \"type\": \"node\", \"order\": 1, \"title\": \"FactValue\", \"children\": [], \"setValue\": null, \"uiElement\": \"[View](<input _ngcontent-ng-c1270903566=\\\"\\\" class=\\\"chip\\\" title=\\\"/Vars/ReportBaseURL\\\" readonly=\\\"true\\\" disabled=\\\"true\\\" type=\\\"button\\\" value=\\\"ReportBaseURL\\\">/<input _ngcontent-ng-c1270903566=\\\"\\\" class=\\\"chip\\\" title=\\\"/AmazonS3CreateObjectOutput/response/key\\\" readonly=\\\"true\\\" disabled=\\\"true\\\" type=\\\"button\\\" value=\\\"key\\\">)\", \"isSetValue\": false, \"childrenSet\": false, \"hasChildren\": false, \"dataElementType\": \"string\"}], \"mapCondition\": {\"isConditionSet\": false, \"sourceTreeIndex\": [], \"targetTreeIndex\": [], \"mapConditionFormValue\": {}}, \"variableSubstitution\": true, \"overwritePipelineValue\": false}]}], \"mappedNodes\": [\"/Add Fact to SectionOutputactionOut\", \"/Add Fact to SectionOutputpipeOut\", \"/MSTeamsBodySection pipeIn\", \"/Add Fact to SectionInput/MSTeamsBodySection actionIn\", \"/Add Fact to SectionOutput/MSTeamsBodySection\", \"/MSTeamsBodySectionpipeOut\", \"/Add Fact to SectionInput/FactName actionIn\", \"/Add Fact to SectionInput actionIn\", \"/Add Fact to SectionInput/FactValue actionIn\", \"/Add Fact to SectionInput actionIn\", \"/Add Fact to SectionInput actionIn\", \"/Add Fact to SectionInput actionIn\", \"/Add Fact to SectionInput/FactValue actionIn\", \"/Add Fact to SectionInput actionIn\"]}",
    "null" : false
  },
  "output_structure_json" : {
    "type" : "jsonb",
    "value" : "{\"maps\": [{\"/Add Fact to SectionOutput\": [{\"type\": \"map\", \"source\": {\"path\": \"/Add Fact to SectionOutput\", \"title\": \"Add Fact to SectionOutput\", \"dataElementType\": \"document\"}, \"target\": {\"path\": \"/Add Fact to SectionOutput\", \"order\": 1, \"title\": \"Add Fact to SectionOutput\", \"dataElementType\": \"document\"}, \"mapCondition\": {\"isConditionSet\": false, \"sourceTreeIndex\": [], \"targetTreeIndex\": [], \"mapConditionFormValue\": {}}}]}, {\"/MSTeamsBodySection\": [{\"type\": \"map\", \"source\": {\"path\": \"/Add Fact to SectionOutput/MSTeamsBodySection\", \"title\": \"MSTeamsBodySection\", \"dataElementType\": \"document\"}, \"target\": {\"path\": \"/MSTeamsBodySection\", \"order\": 2, \"title\": \"MSTeamsBodySection\", \"dataElementType\": \"document\"}, \"mapCondition\": {\"isConditionSet\": false, \"sourceTreeIndex\": [], \"targetTreeIndex\": [], \"mapConditionFormValue\": {}}}]}], \"tracks\": {}, \"transformer\": []}",
    "null" : false
  },
  "endpoint_structure_json" : {
    "type" : "jsonb",
    "value" : "{\"maps\": []}",
    "null" : false
  },
  "is_error" : false,
  "no_of_errors" : 0,
  "action_input_type" : null,
  "config_service_id" : "93d4bfd4-9d5e-467b-a7fb-081fc485bbaa",
  "config_imap_id" : null,
  "config_b2b_document_type_id" : null,
  "config_document_id" : null,
  "add_variables" : {
    "type" : "jsonb",
    "value" : "[]",
    "null" : false
  },
  "drop_variables" : {
    "type" : "jsonb",
    "value" : "[]",
    "null" : false
  },
  "plug_input_structure" : null,
  "plug_output_structure" : null,
  "config_plug_id" : null,
  "override_plug" : false,
  "config_java_service_id" : null,
  "service_tag" : "EMPTY",
  "endpoint_tag" : "EMPTY",
  "config_service_tag" : "EMPTY",
  "config_imap_tag" : "EMPTY",
  "config_b2b_document_type_tag" : "EMPTY",
  "active" : true,
  "parent_component_config_service_tag" : "EMPTY",
  "service_project_id" : "5e4ed772-e812-4368-9b48-c95ba4e3ec23",
  "service_project_tag" : "EMPTY",
  "config_service_project_id" : "5e4ed772-e812-4368-9b48-c95ba4e3ec23",
  "config_service_project_tag" : "EMPTY",
  "config_imap_project_id" : null,
  "config_imap_project_tag" : "EMPTY",
  "config_b2b_document_type_project_id" : null,
  "config_b2b_document_type_project_tag" : "EMPTY",
  "endpoint_project_id" : null,
  "endpoint_project_tag" : "EMPTY",
  "config_plug_tag" : "EMPTY",
  "config_plug_project_id" : null,
  "config_plug_project_tag" : "EMPTY",
  "config_java_service_tag" : "EMPTY",
  "config_java_service_project_id" : null,
  "config_java_service_project_tag" : "EMPTY",
  "disabled" : false,
  "config" : {
    "type" : "json",
    "value" : "{\"serviceProjectName\":\"AmplifyCentralIntegrationExamples\"}",
    "null" : false
  },
  "config_b2b_document_type_project_mode_id" : "112c1cb8-4b9e-4d1a-a042-0bd031dc7d05",
  "config_imap_project_mode_id" : "112c1cb8-4b9e-4d1a-a042-0bd031dc7d05",
  "config_java_service_project_mode_id" : "112c1cb8-4b9e-4d1a-a042-0bd031dc7d05",
  "config_plug_project_mode_id" : "112c1cb8-4b9e-4d1a-a042-0bd031dc7d05",
  "config_service_project_mode_id" : "112c1cb8-4b9e-4d1a-a042-0bd031dc7d05",
  "endpoint_project_mode_id" : "112c1cb8-4b9e-4d1a-a042-0bd031dc7d05",
  "service_project_mode_id" : "112c1cb8-4b9e-4d1a-a042-0bd031dc7d05",
  "parent_component_config_service_project_mode_id" : "112c1cb8-4b9e-4d1a-a042-0bd031dc7d05",
  "is_audit" : true,
  "keys_with_order" : null
}