{
  "component_config_id" : "89a804e8-c065-4fcf-887a-ef8c71c277b0",
  "endpoint_config_json" : {
    "type" : "jsonb",
    "value" : "{\"crossRef\": [], \"services\": [], \"multistep\": [], \"operations\": []}",
    "null" : false
  },
  "input_config_json" : {
    "type" : "jsonb",
    "value" : "{\"crossRef\": [], \"services\": [], \"multistep\": [], \"operations\": [{\"map\": {\"id\": \"5155ea44-8b9e-4ab8-b9ab-e8a9bfbafb23\", \"root\": true, \"type\": \"map\", \"cached\": false, \"source\": \"/MSTeamsBodySection\", \"target\": \"/Add Fact to SectionInput/MSTeamsBodySection\", \"mapNull\": false, \"disabled\": false, \"extractXml\": false, \"extractJson\": false, \"targetOrder\": 1.0, \"mapEmptyString\": false}}, {\"map\": {\"id\": \"a596d804-2421-48df-84e8-0841a0cab161\", \"root\": false, \"type\": \"map\", \"cached\": false, \"source\": \"/AmplifyProductReviewPayloadParserOutput/AmplifyProductReviewPayload/payload/spec/comment\", \"target\": \"/Add Fact to SectionInput/FactValue\", \"mapNull\": false, \"disabled\": false, \"extractXml\": false, \"extractJson\": false, \"targetOrder\": 1.0, \"mapEmptyString\": false, \"sourceJavaType\": \"java.lang.String\", \"targetJavaType\": \"java.lang.String\"}}, {\"map\": {\"id\": \"692b6136-b363-4e83-af5c-14678b7994ad\", \"root\": false, \"type\": \"setValue\", \"cached\": false, \"target\": \"/Add Fact to SectionInput/FactName\", \"mapNull\": false, \"disabled\": false, \"extractXml\": false, \"extractJson\": false, \"targetOrder\": 1.0, \"targetValue\": \"Review:\", \"mapEmptyString\": false, \"targetJavaType\": \"java.lang.String\", \"variableSubstitution\": false}}]}",
    "null" : false
  },
  "output_config_json" : {
    "type" : "jsonb",
    "value" : "{\"crossRef\": [], \"services\": [], \"multistep\": [], \"operations\": [{\"map\": {\"id\": \"d4a0461f-0a20-4d5e-b21b-5fe95f2d03d2\", \"root\": true, \"type\": \"map\", \"cached\": false, \"source\": \"/Add Fact to SectionOutput\", \"target\": \"/Add Fact to SectionOutput\", \"mapNull\": false, \"disabled\": false, \"extractXml\": false, \"extractJson\": false, \"targetOrder\": 1.0, \"mapEmptyString\": false}}, {\"map\": {\"id\": \"199b77e1-d651-4379-9b29-dac229deab4f\", \"root\": true, \"type\": \"map\", \"cached\": false, \"source\": \"/Add Fact to SectionOutput/MSTeamsBodySection\", \"target\": \"/MSTeamsBodySection\", \"mapNull\": false, \"disabled\": false, \"extractXml\": false, \"extractJson\": false, \"targetOrder\": 2.0, \"mapEmptyString\": false}}]}",
    "null" : false
  },
  "component_id" : "756d919f-1b1f-4eab-9f44-2f7b5bbe175c",
  "service_id" : "f445fcfe-69a9-42fa-b75e-a8632dd99678",
  "endpoint_id" : null,
  "parent_component_config_id" : null,
  "component_config_order" : 2.75,
  "action_id" : "8e231fcc-71d0-43f6-9303-70dcb0ca6080",
  "name" : "Add Product review comment to section",
  "description" : "",
  "override_endpoint" : false,
  "input_structure_json" : {
    "type" : "jsonb",
    "value" : "{\"maps\": [{\"/Add Fact to SectionInput/MSTeamsBodySection\": [{\"type\": \"map\", \"source\": {\"path\": \"/MSTeamsBodySection\", \"title\": \"MSTeamsBodySection\", \"dataElementType\": \"document\"}, \"target\": {\"path\": \"/Add Fact to SectionInput/MSTeamsBodySection\", \"order\": 1, \"title\": \"MSTeamsBodySection\", \"dataElementType\": \"document\"}, \"mapCondition\": {\"isConditionSet\": false, \"sourceTreeIndex\": [], \"targetTreeIndex\": [], \"mapConditionFormValue\": {}}}]}, {\"/Add Fact to SectionInput/FactName\": [{\"type\": \"setValue\", \"target\": {\"path\": \"/Add Fact to SectionInput/FactName\", \"order\": 1, \"title\": \"FactName\", \"dataElementType\": \"string\"}, \"values\": [{\"id\": \"8e6f2615-b69e-4206-8e7a-6055a0df916b\", \"key\": \"/Add Fact to SectionInput/FactName\", \"type\": \"node\", \"order\": 1, \"title\": \"FactName\", \"children\": [], \"setValue\": null, \"uiElement\": \"Review:\", \"isSetValue\": false, \"childrenSet\": false, \"hasChildren\": false, \"dataElementType\": \"string\"}], \"mapCondition\": {\"isConditionSet\": false, \"sourceTreeIndex\": [], \"targetTreeIndex\": [], \"mapConditionFormValue\": {}}, \"variableSubstitution\": false, \"overwritePipelineValue\": false}]}, {\"/Add Fact to SectionInput/FactValue\": [{\"type\": \"map\", \"source\": {\"path\": \"/AmplifyProductReviewPayloadParserOutput/AmplifyProductReviewPayload/payload/spec/comment\", \"title\": \"comment\", \"dataElementType\": \"string\"}, \"target\": {\"path\": \"/Add Fact to SectionInput/FactValue\", \"order\": 1, \"title\": \"FactValue\", \"dataElementType\": \"string\"}, \"mapCondition\": {\"isConditionSet\": false, \"sourceTreeIndex\": [], \"targetTreeIndex\": [], \"mapConditionFormValue\": {}}}]}], \"mappedNodes\": [\"/Add Fact to SectionOutputactionOut\", \"/Add Fact to SectionOutputpipeOut\", \"/MSTeamsBodySection pipeIn\", \"/Add Fact to SectionInput/MSTeamsBodySection actionIn\", \"/Add Fact to SectionInput/FactName actionIn\", \"/Add Fact to SectionInput actionIn\", \"/AmplifyProductReviewPayloadParserOutput/AmplifyProductReviewPayload/payload/spec/comment pipeIn\", \"/Add Fact to SectionInput/FactValue actionIn\", \"/Add Fact to SectionInput actionIn\", \"/Add Fact to SectionOutput/MSTeamsBodySection\", \"/MSTeamsBodySectionpipeOut\"]}",
    "null" : false
  },
  "output_structure_json" : {
    "type" : "jsonb",
    "value" : "{\"maps\": [{\"/Add Fact to SectionOutput\": [{\"type\": \"map\", \"source\": {\"path\": \"/Add Fact to SectionOutput\", \"title\": \"Add Fact to SectionOutput\", \"dataElementType\": \"document\"}, \"target\": {\"path\": \"/Add Fact to SectionOutput\", \"order\": 1, \"title\": \"Add Fact to SectionOutput\", \"dataElementType\": \"document\"}, \"mapCondition\": {\"isConditionSet\": false, \"sourceTreeIndex\": [], \"targetTreeIndex\": [], \"mapConditionFormValue\": {}}}]}, {\"/MSTeamsBodySection\": [{\"type\": \"map\", \"source\": {\"path\": \"/Add Fact to SectionOutput/MSTeamsBodySection\", \"title\": \"MSTeamsBodySection\", \"dataElementType\": \"document\"}, \"target\": {\"path\": \"/MSTeamsBodySection\", \"order\": 2, \"title\": \"MSTeamsBodySection\", \"dataElementType\": \"document\"}, \"mapCondition\": {\"isConditionSet\": false, \"sourceTreeIndex\": [], \"targetTreeIndex\": [], \"mapConditionFormValue\": {}}}]}], \"tracks\": {}, \"transformer\": []}",
    "null" : false
  },
  "endpoint_structure_json" : {
    "type" : "jsonb",
    "value" : "{\"maps\": []}",
    "null" : false
  },
  "is_error" : false,
  "no_of_errors" : 0,
  "action_input_type" : null,
  "config_service_id" : "93d4bfd4-9d5e-467b-a7fb-081fc485bbaa",
  "config_imap_id" : null,
  "config_b2b_document_type_id" : null,
  "config_document_id" : null,
  "add_variables" : {
    "type" : "jsonb",
    "value" : "[]",
    "null" : false
  },
  "drop_variables" : {
    "type" : "jsonb",
    "value" : "[]",
    "null" : false
  },
  "plug_input_structure" : null,
  "plug_output_structure" : null,
  "config_plug_id" : null,
  "override_plug" : false,
  "config_java_service_id" : null,
  "service_tag" : "EMPTY",
  "endpoint_tag" : "EMPTY",
  "config_service_tag" : "EMPTY",
  "config_imap_tag" : "EMPTY",
  "config_b2b_document_type_tag" : "EMPTY",
  "active" : true,
  "parent_component_config_service_tag" : "EMPTY",
  "service_project_id" : "5e4ed772-e812-4368-9b48-c95ba4e3ec23",
  "service_project_tag" : "EMPTY",
  "config_service_project_id" : "5e4ed772-e812-4368-9b48-c95ba4e3ec23",
  "config_service_project_tag" : "EMPTY",
  "config_imap_project_id" : null,
  "config_imap_project_tag" : "EMPTY",
  "config_b2b_document_type_project_id" : null,
  "config_b2b_document_type_project_tag" : "EMPTY",
  "endpoint_project_id" : null,
  "endpoint_project_tag" : "EMPTY",
  "config_plug_tag" : "EMPTY",
  "config_plug_project_id" : null,
  "config_plug_project_tag" : "EMPTY",
  "config_java_service_tag" : "EMPTY",
  "config_java_service_project_id" : null,
  "config_java_service_project_tag" : "EMPTY",
  "disabled" : false,
  "config" : {
    "type" : "json",
    "value" : "{\"serviceProjectName\":\"AmplifyCentralIntegrationExamples\"}",
    "null" : false
  },
  "config_b2b_document_type_project_mode_id" : "112c1cb8-4b9e-4d1a-a042-0bd031dc7d05",
  "config_imap_project_mode_id" : "112c1cb8-4b9e-4d1a-a042-0bd031dc7d05",
  "config_java_service_project_mode_id" : "112c1cb8-4b9e-4d1a-a042-0bd031dc7d05",
  "config_plug_project_mode_id" : "112c1cb8-4b9e-4d1a-a042-0bd031dc7d05",
  "config_service_project_mode_id" : "112c1cb8-4b9e-4d1a-a042-0bd031dc7d05",
  "endpoint_project_mode_id" : "112c1cb8-4b9e-4d1a-a042-0bd031dc7d05",
  "service_project_mode_id" : "112c1cb8-4b9e-4d1a-a042-0bd031dc7d05",
  "parent_component_config_service_project_mode_id" : "112c1cb8-4b9e-4d1a-a042-0bd031dc7d05",
  "is_audit" : true,
  "keys_with_order" : null
}