{
  "component_config_id" : "5d44d236-102f-4b5f-8d15-eb7d186c12f5",
  "endpoint_config_json" : {
    "type" : "jsonb",
    "value" : "{\"crossRef\": [], \"services\": [], \"multistep\": [], \"operations\": []}",
    "null" : false
  },
  "input_config_json" : {
    "type" : "jsonb",
    "value" : "{\"crossRef\": [], \"services\": [], \"multistep\": [], \"operations\": []}",
    "null" : false
  },
  "output_config_json" : {
    "type" : "jsonb",
    "value" : "{\"crossRef\": [], \"services\": [], \"multistep\": [], \"operations\": [{\"transformer\": {\"id\": \"4b30f6c4-298b-4f18-98b0-0ab7d1d3f00e\", \"name\": \"STRING_CONCAT\", \"type\": \"String\", \"query\": null, \"inputs\": [{\"id\": \"a81bac64-04da-46f8-92c9-ec4c726c5486\", \"root\": false, \"type\": \"map\", \"cached\": false, \"source\": \"/queryString\", \"target\": \"/STRING_CONCAT_INPUT/inputString\", \"mapNull\": false, \"disabled\": false, \"extractXml\": false, \"extractJson\": false, \"mapEmptyString\": false, \"sourceJavaType\": \"java.lang.String\", \"targetJavaType\": \"java.lang.String\"}, {\"id\": \"fe60a3e2-b6de-4e68-8f5c-6dab56edd062\", \"root\": false, \"type\": \"map\", \"cached\": false, \"source\": \"/QuickChartImgGeneratorInput/yAxisArray\", \"target\": \"/STRING_CONCAT_INPUT/concatWith\", \"mapNull\": false, \"disabled\": false, \"extractXml\": false, \"extractJson\": false, \"mapEmptyString\": false, \"sourceJavaType\": \"java.lang.String\", \"targetJavaType\": \"java.lang.String\"}], \"outputs\": [{\"id\": \"f5e0f62c-38b8-4011-a6b3-f4eeba67d8d6\", \"root\": false, \"type\": \"map\", \"cached\": false, \"source\": \"/STRING_CONCAT_OUTPUT/output\", \"target\": \"/queryString\", \"mapNull\": false, \"disabled\": false, \"extractXml\": false, \"extractJson\": false, \"targetOrder\": 1.0, \"mapEmptyString\": false, \"sourceJavaType\": \"java.lang.String\", \"targetJavaType\": \"java.lang.String\"}], \"tableId\": null, \"configId\": null, \"disabled\": false, \"serviceId\": null, \"expression\": null}}]}",
    "null" : false
  },
  "component_id" : "8ac5fe03-27a2-4e6a-a449-6a8893818223",
  "service_id" : "b752eb1d-fa85-4dbc-a147-e7532cf1c21f",
  "endpoint_id" : null,
  "parent_component_config_id" : "7d211f2f-fba7-4195-9605-949555fc49db",
  "component_config_order" : 5.0,
  "action_id" : "06843b78-eab0-45da-afab-8c8277d7553f",
  "name" : "Append to query string",
  "description" : "",
  "override_endpoint" : false,
  "input_structure_json" : {
    "type" : "jsonb",
    "value" : "{\"maps\": [], \"mappedNodes\": [\"/queryString pipeIn\", \"/STRING_CONCAT_INPUT/inputString0\", \"/STRING_CONCAT_OUTPUT/output0\", \"/queryStringpipeOut\", \"/QuickChartImgGeneratorInput/yAxisArray pipeIn\", \"/STRING_CONCAT_INPUT/concatWith0\"]}",
    "null" : false
  },
  "output_structure_json" : {
    "type" : "jsonb",
    "value" : "{\"maps\": [], \"tracks\": {}, \"transformer\": [{\"inputs\": {\"/STRING_CONCAT_INPUT/concatWith\": [{\"type\": \"map\", \"source\": {\"path\": \"/QuickChartImgGeneratorInput/yAxisArray\", \"title\": \"yAxisArray\", \"dataElementType\": \"string\"}, \"target\": {\"path\": \"/STRING_CONCAT_INPUT/concatWith\", \"title\": \"concatWith\", \"dataElementType\": \"string\"}, \"mapCondition\": {\"isConditionSet\": false, \"sourceTreeIndex\": [], \"targetTreeIndex\": [], \"mapConditionFormValue\": {}}}], \"/STRING_CONCAT_INPUT/inputString\": [{\"type\": \"map\", \"source\": {\"path\": \"/queryString\", \"title\": \"queryString\", \"dataElementType\": \"string\"}, \"target\": {\"path\": \"/STRING_CONCAT_INPUT/inputString\", \"title\": \"inputString\", \"dataElementType\": \"string\"}, \"mapCondition\": {\"isConditionSet\": false, \"sourceTreeIndex\": [], \"targetTreeIndex\": [], \"mapConditionFormValue\": {}}}]}, \"outputs\": {\"/queryString\": [{\"type\": \"map\", \"source\": {\"path\": \"/STRING_CONCAT_OUTPUT/output\", \"title\": \"output\", \"dataElementType\": \"string\"}, \"target\": {\"path\": \"/queryString\", \"order\": 1, \"title\": \"queryString\", \"dataElementType\": \"string\"}, \"mapCondition\": {\"isConditionSet\": false, \"sourceTreeIndex\": [], \"targetTreeIndex\": [], \"mapConditionFormValue\": {}}}]}, \"functionInfo\": {\"id\": \"bd6ba1a8-5b3a-4089-98f9-7eb3b692209b\", \"name\": \"Concat\", \"category\": {\"id\": \"7e335ebf-c122-41de-a87f-8e4cb8f39ff6\"}, \"internalName\": \"STRING_CONCAT\"}}]}",
    "null" : false
  },
  "endpoint_structure_json" : {
    "type" : "jsonb",
    "value" : "{\"maps\": []}",
    "null" : false
  },
  "is_error" : false,
  "no_of_errors" : 0,
  "action_input_type" : null,
  "config_service_id" : null,
  "config_imap_id" : null,
  "config_b2b_document_type_id" : null,
  "config_document_id" : null,
  "add_variables" : {
    "type" : "jsonb",
    "value" : "[]",
    "null" : false
  },
  "drop_variables" : {
    "type" : "jsonb",
    "value" : "[]",
    "null" : false
  },
  "plug_input_structure" : null,
  "plug_output_structure" : null,
  "config_plug_id" : null,
  "override_plug" : false,
  "config_java_service_id" : null,
  "service_tag" : "EMPTY",
  "endpoint_tag" : "EMPTY",
  "config_service_tag" : "EMPTY",
  "config_imap_tag" : "EMPTY",
  "config_b2b_document_type_tag" : "EMPTY",
  "active" : true,
  "parent_component_config_service_tag" : "EMPTY",
  "service_project_id" : "5e4ed772-e812-4368-9b48-c95ba4e3ec23",
  "service_project_tag" : "EMPTY",
  "config_service_project_id" : null,
  "config_service_project_tag" : "EMPTY",
  "config_imap_project_id" : null,
  "config_imap_project_tag" : "EMPTY",
  "config_b2b_document_type_project_id" : null,
  "config_b2b_document_type_project_tag" : "EMPTY",
  "endpoint_project_id" : null,
  "endpoint_project_tag" : "EMPTY",
  "config_plug_tag" : "EMPTY",
  "config_plug_project_id" : null,
  "config_plug_project_tag" : "EMPTY",
  "config_java_service_tag" : "EMPTY",
  "config_java_service_project_id" : null,
  "config_java_service_project_tag" : "EMPTY",
  "disabled" : false,
  "config" : null,
  "config_b2b_document_type_project_mode_id" : "112c1cb8-4b9e-4d1a-a042-0bd031dc7d05",
  "config_imap_project_mode_id" : "112c1cb8-4b9e-4d1a-a042-0bd031dc7d05",
  "config_java_service_project_mode_id" : "112c1cb8-4b9e-4d1a-a042-0bd031dc7d05",
  "config_plug_project_mode_id" : "112c1cb8-4b9e-4d1a-a042-0bd031dc7d05",
  "config_service_project_mode_id" : "112c1cb8-4b9e-4d1a-a042-0bd031dc7d05",
  "endpoint_project_mode_id" : "112c1cb8-4b9e-4d1a-a042-0bd031dc7d05",
  "service_project_mode_id" : "112c1cb8-4b9e-4d1a-a042-0bd031dc7d05",
  "parent_component_config_service_project_mode_id" : "112c1cb8-4b9e-4d1a-a042-0bd031dc7d05",
  "is_audit" : true,
  "keys_with_order" : null
}