{
  "component_config_id" : "5479d63e-b6a8-4f37-a8cd-94b3299e5cec",
  "endpoint_config_json" : {
    "type" : "jsonb",
    "value" : "{\"crossRef\": [], \"services\": [], \"multistep\": [], \"operations\": []}",
    "null" : false
  },
  "input_config_json" : {
    "type" : "jsonb",
    "value" : "{\"crossRef\": [], \"services\": [], \"multistep\": [], \"operations\": [{\"map\": {\"id\": \"ab09bef7-2abe-4cd8-9094-2f87959a505d\", \"root\": false, \"type\": \"map\", \"cached\": false, \"source\": \"/AmplifyProductReviewPayloadParserOutput/AmplifyProductReviewPayload/payload/metadata/selfLink\", \"target\": \"/ApproveProductReviewFromSelfLinkInput/ProductReviewSelfLink\", \"mapNull\": false, \"disabled\": false, \"extractXml\": false, \"extractJson\": false, \"targetOrder\": 1.0, \"mapEmptyString\": false, \"sourceJavaType\": \"java.lang.String\", \"targetJavaType\": \"java.lang.String\"}}, {\"map\": {\"id\": \"126d2ecf-14d8-4d2e-9fbf-3722adea2504\", \"root\": false, \"type\": \"setValue\", \"cached\": false, \"target\": \"/ApproveProductReviewFromSelfLinkInput/Comment\", \"mapNull\": false, \"disabled\": false, \"extractXml\": false, \"extractJson\": false, \"targetOrder\": 1.0, \"targetValue\": \"Thanks for the review!\", \"mapEmptyString\": false, \"targetJavaType\": \"java.lang.String\", \"variableSubstitution\": false}}, {\"map\": {\"id\": \"f6fa8fa4-4912-4214-943c-c8f02c2794f5\", \"root\": false, \"type\": \"setValue\", \"cached\": false, \"target\": \"/ApproveProductReviewFromSelfLinkInput/ShouldApprove\", \"mapNull\": false, \"disabled\": false, \"extractXml\": false, \"extractJson\": false, \"targetOrder\": 1.0, \"targetValue\": \"true\", \"mapEmptyString\": false, \"targetJavaType\": \"java.lang.Boolean\", \"variableSubstitution\": false}}]}",
    "null" : false
  },
  "output_config_json" : {
    "type" : "jsonb",
    "value" : "{\"crossRef\": [], \"services\": [], \"multistep\": [], \"operations\": [{\"map\": {\"id\": \"a2a1bb62-3f8f-4be6-8bb7-16e6f333b4c7\", \"root\": true, \"type\": \"map\", \"cached\": false, \"source\": \"/ApproveProductReviewFromSelfLinkOutput\", \"target\": \"/ApproveProductReviewFromSelfLinkOutput\", \"mapNull\": false, \"disabled\": false, \"extractXml\": false, \"extractJson\": false, \"targetOrder\": 1.0, \"mapEmptyString\": false}}]}",
    "null" : false
  },
  "component_id" : "756d919f-1b1f-4eab-9f44-2f7b5bbe175c",
  "service_id" : "f445fcfe-69a9-42fa-b75e-a8632dd99678",
  "endpoint_id" : null,
  "parent_component_config_id" : "9e7ed164-bee9-4d44-acaf-42d4aca37411",
  "component_config_order" : 4.5,
  "action_id" : "8e231fcc-71d0-43f6-9303-70dcb0ca6080",
  "name" : "Approve Review",
  "description" : "",
  "override_endpoint" : false,
  "input_structure_json" : {
    "type" : "jsonb",
    "value" : "{\"maps\": [{\"/ApproveProductReviewFromSelfLinkInput/ProductReviewSelfLink\": [{\"type\": \"map\", \"source\": {\"path\": \"/AmplifyProductReviewPayloadParserOutput/AmplifyProductReviewPayload/payload/metadata/selfLink\", \"title\": \"selfLink\", \"dataElementType\": \"string\"}, \"target\": {\"path\": \"/ApproveProductReviewFromSelfLinkInput/ProductReviewSelfLink\", \"order\": 1, \"title\": \"ProductReviewSelfLink\", \"dataElementType\": \"string\"}, \"mapCondition\": {\"isConditionSet\": false, \"sourceTreeIndex\": [], \"targetTreeIndex\": [], \"mapConditionFormValue\": {}}}]}, {\"/ApproveProductReviewFromSelfLinkInput/Comment\": [{\"type\": \"setValue\", \"target\": {\"path\": \"/ApproveProductReviewFromSelfLinkInput/Comment\", \"order\": 1, \"title\": \"Comment\", \"dataElementType\": \"string\"}, \"values\": [{\"id\": \"35d57b1e-09c5-4919-ab0a-49134ca66951\", \"key\": \"/ApproveProductReviewFromSelfLinkInput/Comment\", \"type\": \"node\", \"order\": 1, \"title\": \"Comment\", \"children\": [], \"setValue\": null, \"uiElement\": \"Thanks for the review!\", \"isSetValue\": false, \"childrenSet\": false, \"hasChildren\": false, \"dataElementType\": \"string\"}], \"mapCondition\": {\"isConditionSet\": false, \"sourceTreeIndex\": [], \"targetTreeIndex\": [], \"mapConditionFormValue\": {}}, \"variableSubstitution\": false, \"overwritePipelineValue\": false}]}, {\"/ApproveProductReviewFromSelfLinkInput/ShouldApprove\": [{\"type\": \"setValue\", \"target\": {\"path\": \"/ApproveProductReviewFromSelfLinkInput/ShouldApprove\", \"order\": 1, \"title\": \"ShouldApprove\", \"dataElementType\": \"boolean\"}, \"values\": [{\"id\": \"c9900d4c-0b23-4284-9d59-392194853635\", \"key\": \"/ApproveProductReviewFromSelfLinkInput/ShouldApprove\", \"type\": \"node\", \"order\": 1, \"title\": \"ShouldApprove\", \"children\": [], \"setValue\": \"true\", \"uiElement\": \"true\", \"isSetValue\": false, \"childrenSet\": false, \"hasChildren\": false, \"dataElementType\": \"boolean\"}], \"mapCondition\": {\"isConditionSet\": false, \"sourceTreeIndex\": [], \"targetTreeIndex\": [], \"mapConditionFormValue\": {}}, \"variableSubstitution\": false, \"overwritePipelineValue\": false}]}], \"mappedNodes\": [\"/ApproveProductReviewFromSelfLinkOutputactionOut\", \"/ApproveProductReviewFromSelfLinkOutputpipeOut\", \"/AmplifyProductReviewPayloadParserOutput/AmplifyProductReviewPayload/payload/metadata/selfLink pipeIn\", \"/ApproveProductReviewFromSelfLinkInput/ProductReviewSelfLink actionIn\", \"/ApproveProductReviewFromSelfLinkInput/Comment actionIn\", \"/ApproveProductReviewFromSelfLinkInput actionIn\", \"/ApproveProductReviewFromSelfLinkInput/ShouldApprove actionIn\", \"/ApproveProductReviewFromSelfLinkInput actionIn\"]}",
    "null" : false
  },
  "output_structure_json" : {
    "type" : "jsonb",
    "value" : "{\"maps\": [{\"/ApproveProductReviewFromSelfLinkOutput\": [{\"type\": \"map\", \"source\": {\"path\": \"/ApproveProductReviewFromSelfLinkOutput\", \"title\": \"ApproveProductReviewFromSelfLinkOutput\", \"dataElementType\": \"document\"}, \"target\": {\"path\": \"/ApproveProductReviewFromSelfLinkOutput\", \"order\": 1, \"title\": \"ApproveProductReviewFromSelfLinkOutput\", \"dataElementType\": \"document\"}, \"mapCondition\": {\"isConditionSet\": false, \"sourceTreeIndex\": [], \"targetTreeIndex\": [], \"mapConditionFormValue\": {}}}]}], \"tracks\": {}, \"transformer\": []}",
    "null" : false
  },
  "endpoint_structure_json" : {
    "type" : "jsonb",
    "value" : "{\"maps\": []}",
    "null" : false
  },
  "is_error" : false,
  "no_of_errors" : 0,
  "action_input_type" : null,
  "config_service_id" : "9734079d-b254-47ba-a2a8-6cf35076fcb9",
  "config_imap_id" : null,
  "config_b2b_document_type_id" : null,
  "config_document_id" : null,
  "add_variables" : {
    "type" : "jsonb",
    "value" : "[]",
    "null" : false
  },
  "drop_variables" : {
    "type" : "jsonb",
    "value" : "[]",
    "null" : false
  },
  "plug_input_structure" : null,
  "plug_output_structure" : null,
  "config_plug_id" : null,
  "override_plug" : false,
  "config_java_service_id" : null,
  "service_tag" : "EMPTY",
  "endpoint_tag" : "EMPTY",
  "config_service_tag" : "EMPTY",
  "config_imap_tag" : "EMPTY",
  "config_b2b_document_type_tag" : "EMPTY",
  "active" : true,
  "parent_component_config_service_tag" : "EMPTY",
  "service_project_id" : "5e4ed772-e812-4368-9b48-c95ba4e3ec23",
  "service_project_tag" : "EMPTY",
  "config_service_project_id" : "15dcb596-cc03-4642-b9df-9dc44a64ee86",
  "config_service_project_tag" : "EMPTY",
  "config_imap_project_id" : null,
  "config_imap_project_tag" : "EMPTY",
  "config_b2b_document_type_project_id" : null,
  "config_b2b_document_type_project_tag" : "EMPTY",
  "endpoint_project_id" : null,
  "endpoint_project_tag" : "EMPTY",
  "config_plug_tag" : "EMPTY",
  "config_plug_project_id" : null,
  "config_plug_project_tag" : "EMPTY",
  "config_java_service_tag" : "EMPTY",
  "config_java_service_project_id" : null,
  "config_java_service_project_tag" : "EMPTY",
  "disabled" : false,
  "config" : {
    "type" : "json",
    "value" : "{\"serviceProjectName\":\"AmplifyCentralIntegrationUtils\"}",
    "null" : false
  },
  "config_b2b_document_type_project_mode_id" : "112c1cb8-4b9e-4d1a-a042-0bd031dc7d05",
  "config_imap_project_mode_id" : "112c1cb8-4b9e-4d1a-a042-0bd031dc7d05",
  "config_java_service_project_mode_id" : "112c1cb8-4b9e-4d1a-a042-0bd031dc7d05",
  "config_plug_project_mode_id" : "112c1cb8-4b9e-4d1a-a042-0bd031dc7d05",
  "config_service_project_mode_id" : "112c1cb8-4b9e-4d1a-a042-0bd031dc7d05",
  "endpoint_project_mode_id" : "112c1cb8-4b9e-4d1a-a042-0bd031dc7d05",
  "service_project_mode_id" : "112c1cb8-4b9e-4d1a-a042-0bd031dc7d05",
  "parent_component_config_service_project_mode_id" : "112c1cb8-4b9e-4d1a-a042-0bd031dc7d05",
  "is_audit" : true,
  "keys_with_order" : null
}