{
  "component_config_id" : "bbac12c8-eb97-40c2-8bba-f9021507279c",
  "endpoint_config_json" : null,
  "input_config_json" : {
    "type" : "jsonb",
    "value" : "{\"expression\": \"%{/AmplifySubscriptionWebhookPayloadParserOutput/AmplifySubscriptionWebhookPayload/type}% == \\\"SubResourceUpdated\\\" && %{/AmplifySubscriptionWebhookPayloadParserOutput/AmplifySubscriptionWebhookPayload/metadata/subresource}% == \\\"state\\\" && %{/AmplifySubscriptionWebhookPayloadParserOutput/AmplifySubscriptionWebhookPayload/payload/state/name}% == \\\"archived\\\" && %{/AmplifySubscriptionWebhookPayloadParserOutput/AmplifySubscriptionWebhookPayload/payload/kind}% == \\\"Subscription\\\" \"}",
    "null" : false
  },
  "output_config_json" : null,
  "component_id" : "506cb924-5f12-4aee-8567-9f51db3679ae",
  "service_id" : "e8853ee9-6f7f-4b76-b211-7f454691bd84",
  "endpoint_id" : null,
  "parent_component_config_id" : "ee889352-d8b3-4d9a-bf5a-ac2bb5c1ab5c",
  "component_config_order" : 1.5,
  "action_id" : null,
  "name" : "",
  "description" : null,
  "override_endpoint" : false,
  "input_structure_json" : {
    "type" : "jsonb",
    "value" : "{\"fields\": [{\"id\": \"c01bd863-723f-458a-bc4b-f560b50b9ee2\", \"path\": \"%{/AmplifySubscriptionWebhookPayloadParserOutput/AmplifySubscriptionWebhookPayload/type}%\", \"field\": \"/AmplifySubscriptionWebhookPayloadParserOutput/AmplifySubscriptionWebhookPayload/type\", \"value\": \"SubResourceUpdated\", \"isGroup\": false, \"children\": null, \"operator\": \"==\", \"operation\": \"&&\", \"isTreeChecked\": false, \"dataElementType\": \"string\"}, {\"id\": \"4afd3a56-8e8a-43fd-8f06-563881548159\", \"path\": \"%{/AmplifySubscriptionWebhookPayloadParserOutput/AmplifySubscriptionWebhookPayload/metadata/subresource}%\", \"field\": \"/AmplifySubscriptionWebhookPayloadParserOutput/AmplifySubscriptionWebhookPayload/metadata/subresource\", \"value\": \"state\", \"isGroup\": false, \"children\": null, \"operator\": \"==\", \"operation\": \"&&\", \"isTreeChecked\": false, \"dataElementType\": \"string\"}, {\"id\": \"596b41bb-8df8-48ee-bf6e-887f8b555eb2\", \"path\": \"%{/AmplifySubscriptionWebhookPayloadParserOutput/AmplifySubscriptionWebhookPayload/payload/state/name}%\", \"field\": \"/AmplifySubscriptionWebhookPayloadParserOutput/AmplifySubscriptionWebhookPayload/payload/state/name\", \"value\": \"archived\", \"isGroup\": false, \"children\": null, \"operator\": \"==\", \"operation\": \"&&\", \"isTreeChecked\": false, \"dataElementType\": \"string\"}, {\"id\": \"5f182485-3140-4ada-a910-f70f5db1e288\", \"path\": \"%{/AmplifySubscriptionWebhookPayloadParserOutput/AmplifySubscriptionWebhookPayload/payload/kind}%\", \"field\": \"/AmplifySubscriptionWebhookPayloadParserOutput/AmplifySubscriptionWebhookPayload/payload/kind\", \"value\": \"Subscription\", \"isGroup\": false, \"children\": null, \"operator\": \"==\", \"operation\": \"&&\", \"isTreeChecked\": false, \"dataElementType\": \"string\"}]}",
    "null" : false
  },
  "output_structure_json" : null,
  "endpoint_structure_json" : null,
  "is_error" : false,
  "no_of_errors" : null,
  "action_input_type" : null,
  "config_service_id" : null,
  "config_imap_id" : null,
  "config_b2b_document_type_id" : null,
  "config_document_id" : null,
  "add_variables" : null,
  "drop_variables" : null,
  "plug_input_structure" : null,
  "plug_output_structure" : null,
  "config_plug_id" : null,
  "override_plug" : false,
  "config_java_service_id" : null,
  "service_tag" : "EMPTY",
  "endpoint_tag" : "EMPTY",
  "config_service_tag" : "EMPTY",
  "config_imap_tag" : "EMPTY",
  "config_b2b_document_type_tag" : "EMPTY",
  "active" : true,
  "parent_component_config_service_tag" : "EMPTY",
  "service_project_id" : "5e4ed772-e812-4368-9b48-c95ba4e3ec23",
  "service_project_tag" : "EMPTY",
  "config_service_project_id" : null,
  "config_service_project_tag" : "EMPTY",
  "config_imap_project_id" : null,
  "config_imap_project_tag" : "EMPTY",
  "config_b2b_document_type_project_id" : null,
  "config_b2b_document_type_project_tag" : "EMPTY",
  "endpoint_project_id" : null,
  "endpoint_project_tag" : "EMPTY",
  "config_plug_tag" : "EMPTY",
  "config_plug_project_id" : null,
  "config_plug_project_tag" : "EMPTY",
  "config_java_service_tag" : "EMPTY",
  "config_java_service_project_id" : null,
  "config_java_service_project_tag" : "EMPTY",
  "disabled" : false,
  "config" : null,
  "config_b2b_document_type_project_mode_id" : "112c1cb8-4b9e-4d1a-a042-0bd031dc7d05",
  "config_imap_project_mode_id" : "112c1cb8-4b9e-4d1a-a042-0bd031dc7d05",
  "config_java_service_project_mode_id" : "112c1cb8-4b9e-4d1a-a042-0bd031dc7d05",
  "config_plug_project_mode_id" : "112c1cb8-4b9e-4d1a-a042-0bd031dc7d05",
  "config_service_project_mode_id" : "112c1cb8-4b9e-4d1a-a042-0bd031dc7d05",
  "endpoint_project_mode_id" : "112c1cb8-4b9e-4d1a-a042-0bd031dc7d05",
  "service_project_mode_id" : "112c1cb8-4b9e-4d1a-a042-0bd031dc7d05",
  "parent_component_config_service_project_mode_id" : "112c1cb8-4b9e-4d1a-a042-0bd031dc7d05",
  "is_audit" : true,
  "keys_with_order" : null
}