{
  "component_config_id" : "73460f08-136e-4753-8fae-5de693a204fc",
  "endpoint_config_json" : {
    "type" : "jsonb",
    "value" : "{\"crossRef\": [], \"services\": [], \"multistep\": [], \"operations\": []}",
    "null" : false
  },
  "input_config_json" : {
    "type" : "jsonb",
    "value" : "{\"crossRef\": [], \"services\": [], \"multistep\": [], \"operations\": [{\"map\": {\"id\": \"dd55c3f1-ba24-4b54-bff1-3a10c334fa30\", \"root\": true, \"type\": \"map\", \"cached\": false, \"source\": \"/AmplifySubscriptionWebhookPayloadParserOutput/AmplifySubscriptionWebhookPayload\", \"target\": \"/isConsumerOrgSubscriptionRequestFromWHInput/AmplifyWHSubscriptionRequest\", \"mapNull\": false, \"disabled\": false, \"extractXml\": false, \"extractJson\": false, \"targetOrder\": 1.0, \"mapEmptyString\": false}}]}",
    "null" : false
  },
  "output_config_json" : {
    "type" : "jsonb",
    "value" : "{\"crossRef\": [], \"services\": [], \"multistep\": [], \"operations\": [{\"map\": {\"id\": \"0fda1c57-7b7f-4578-abe0-73938ccb71ac\", \"root\": true, \"type\": \"map\", \"cached\": false, \"source\": \"/isConsumerOrgSubscriptionRequestFromWHOutput\", \"target\": \"/isConsumerOrgSubscriptionRequestFromWHOutput\", \"mapNull\": false, \"disabled\": false, \"extractXml\": false, \"extractJson\": false, \"targetOrder\": 1.0, \"mapEmptyString\": false}}]}",
    "null" : false
  },
  "component_id" : "756d919f-1b1f-4eab-9f44-2f7b5bbe175c",
  "service_id" : "f3ba8e96-dbf9-426b-8082-95a6cc6f2152",
  "endpoint_id" : null,
  "parent_component_config_id" : "307ed64e-7b5a-42a7-9a59-0cf34284a1a5",
  "component_config_order" : 1.8203125,
  "action_id" : "8e231fcc-71d0-43f6-9303-70dcb0ca6080",
  "name" : "Check if request is from consumer org",
  "description" : "",
  "override_endpoint" : false,
  "input_structure_json" : {
    "type" : "jsonb",
    "value" : "{\"maps\": [{\"/isConsumerOrgSubscriptionRequestFromWHInput/AmplifyWHSubscriptionRequest\": [{\"type\": \"map\", \"source\": {\"path\": \"/AmplifySubscriptionWebhookPayloadParserOutput/AmplifySubscriptionWebhookPayload\", \"title\": \"AmplifySubscriptionWebhookPayload\", \"dataElementType\": \"document\"}, \"target\": {\"path\": \"/isConsumerOrgSubscriptionRequestFromWHInput/AmplifyWHSubscriptionRequest\", \"order\": 1, \"title\": \"AmplifyWHSubscriptionRequest\", \"dataElementType\": \"document\"}, \"mapCondition\": {\"isConditionSet\": false, \"sourceTreeIndex\": [], \"targetTreeIndex\": [], \"mapConditionFormValue\": {}}}]}], \"mappedNodes\": [\"/AmplifySubscriptionWebhookPayloadParserOutput/AmplifySubscriptionWebhookPayload pipeIn\", \"/isConsumerOrgSubscriptionRequestFromWHInput/AmplifyWHSubscriptionRequest actionIn\"]}",
    "null" : false
  },
  "output_structure_json" : {
    "type" : "jsonb",
    "value" : "{\"maps\": [{\"/isConsumerOrgSubscriptionRequestFromWHOutput\": [{\"type\": \"map\", \"source\": {\"path\": \"/isConsumerOrgSubscriptionRequestFromWHOutput\", \"title\": \"isConsumerOrgSubscriptionRequestFromWHOutput\", \"dataElementType\": \"document\"}, \"target\": {\"path\": \"/isConsumerOrgSubscriptionRequestFromWHOutput\", \"order\": 1, \"title\": \"isConsumerOrgSubscriptionRequestFromWHOutput\", \"dataElementType\": \"document\"}, \"mapCondition\": {\"isConditionSet\": false, \"sourceTreeIndex\": [], \"targetTreeIndex\": [], \"mapConditionFormValue\": {}}}]}], \"tracks\": {}, \"transformer\": []}",
    "null" : false
  },
  "endpoint_structure_json" : {
    "type" : "jsonb",
    "value" : "{\"maps\": []}",
    "null" : false
  },
  "is_error" : false,
  "no_of_errors" : 0,
  "action_input_type" : null,
  "config_service_id" : "3ebdb699-5758-4bdb-8658-b397f487bb7a",
  "config_imap_id" : null,
  "config_b2b_document_type_id" : null,
  "config_document_id" : null,
  "add_variables" : {
    "type" : "jsonb",
    "value" : "[]",
    "null" : false
  },
  "drop_variables" : {
    "type" : "jsonb",
    "value" : "[]",
    "null" : false
  },
  "plug_input_structure" : null,
  "plug_output_structure" : null,
  "config_plug_id" : null,
  "override_plug" : false,
  "config_java_service_id" : null,
  "service_tag" : "EMPTY",
  "endpoint_tag" : "EMPTY",
  "config_service_tag" : "EMPTY",
  "config_imap_tag" : "EMPTY",
  "config_b2b_document_type_tag" : "EMPTY",
  "active" : true,
  "parent_component_config_service_tag" : "EMPTY",
  "service_project_id" : "5e4ed772-e812-4368-9b48-c95ba4e3ec23",
  "service_project_tag" : "EMPTY",
  "config_service_project_id" : "15dcb596-cc03-4642-b9df-9dc44a64ee86",
  "config_service_project_tag" : "EMPTY",
  "config_imap_project_id" : null,
  "config_imap_project_tag" : "EMPTY",
  "config_b2b_document_type_project_id" : null,
  "config_b2b_document_type_project_tag" : "EMPTY",
  "endpoint_project_id" : null,
  "endpoint_project_tag" : "EMPTY",
  "config_plug_tag" : "EMPTY",
  "config_plug_project_id" : null,
  "config_plug_project_tag" : "EMPTY",
  "config_java_service_tag" : "EMPTY",
  "config_java_service_project_id" : null,
  "config_java_service_project_tag" : "EMPTY",
  "disabled" : false,
  "config" : {
    "type" : "json",
    "value" : "{\"serviceProjectName\":\"AmplifyCentralIntegrationUtils\"}",
    "null" : false
  },
  "config_b2b_document_type_project_mode_id" : "112c1cb8-4b9e-4d1a-a042-0bd031dc7d05",
  "config_imap_project_mode_id" : "112c1cb8-4b9e-4d1a-a042-0bd031dc7d05",
  "config_java_service_project_mode_id" : "112c1cb8-4b9e-4d1a-a042-0bd031dc7d05",
  "config_plug_project_mode_id" : "112c1cb8-4b9e-4d1a-a042-0bd031dc7d05",
  "config_service_project_mode_id" : "112c1cb8-4b9e-4d1a-a042-0bd031dc7d05",
  "endpoint_project_mode_id" : "112c1cb8-4b9e-4d1a-a042-0bd031dc7d05",
  "service_project_mode_id" : "112c1cb8-4b9e-4d1a-a042-0bd031dc7d05",
  "parent_component_config_service_project_mode_id" : "112c1cb8-4b9e-4d1a-a042-0bd031dc7d05",
  "is_audit" : true,
  "keys_with_order" : null
}