{
  "component_config_id" : "48fb183e-af5c-46b1-9687-b698d57d78f6",
  "endpoint_config_json" : null,
  "input_config_json" : null,
  "output_config_json" : null,
  "component_id" : "503a6be6-3ef4-4a13-ae2f-5a9f785376dc",
  "service_id" : "642fc8df-9cc5-4205-bc80-03a2ac7fac32",
  "endpoint_id" : null,
  "parent_component_config_id" : "6d3fc167-1ae4-4695-9607-b53ba1c1dba2",
  "component_config_order" : 1.77734375,
  "action_id" : "b5f5e3e1-976e-47c7-911f-24b69e4a085c",
  "name" : "Check pii detected",
  "description" : null,
  "override_endpoint" : false,
  "input_structure_json" : null,
  "output_structure_json" : null,
  "endpoint_structure_json" : null,
  "is_error" : false,
  "no_of_errors" : null,
  "action_input_type" : null,
  "config_service_id" : null,
  "config_imap_id" : null,
  "config_b2b_document_type_id" : null,
  "config_document_id" : null,
  "add_variables" : null,
  "drop_variables" : null,
  "plug_input_structure" : null,
  "plug_output_structure" : null,
  "config_plug_id" : null,
  "override_plug" : false,
  "config_java_service_id" : null,
  "service_tag" : "EMPTY",
  "endpoint_tag" : "EMPTY",
  "config_service_tag" : "EMPTY",
  "config_imap_tag" : "EMPTY",
  "config_b2b_document_type_tag" : "EMPTY",
  "active" : true,
  "parent_component_config_service_tag" : "EMPTY",
  "service_project_id" : "5e4ed772-e812-4368-9b48-c95ba4e3ec23",
  "service_project_tag" : "EMPTY",
  "config_service_project_id" : null,
  "config_service_project_tag" : "EMPTY",
  "config_imap_project_id" : null,
  "config_imap_project_tag" : "EMPTY",
  "config_b2b_document_type_project_id" : null,
  "config_b2b_document_type_project_tag" : "EMPTY",
  "endpoint_project_id" : null,
  "endpoint_project_tag" : "EMPTY",
  "config_plug_tag" : "EMPTY",
  "config_plug_project_id" : null,
  "config_plug_project_tag" : "EMPTY",
  "config_java_service_tag" : "EMPTY",
  "config_java_service_project_id" : null,
  "config_java_service_project_tag" : "EMPTY",
  "disabled" : false,
  "config" : null,
  "config_b2b_document_type_project_mode_id" : "112c1cb8-4b9e-4d1a-a042-0bd031dc7d05",
  "config_imap_project_mode_id" : "112c1cb8-4b9e-4d1a-a042-0bd031dc7d05",
  "config_java_service_project_mode_id" : "112c1cb8-4b9e-4d1a-a042-0bd031dc7d05",
  "config_plug_project_mode_id" : "112c1cb8-4b9e-4d1a-a042-0bd031dc7d05",
  "config_service_project_mode_id" : "112c1cb8-4b9e-4d1a-a042-0bd031dc7d05",
  "endpoint_project_mode_id" : "112c1cb8-4b9e-4d1a-a042-0bd031dc7d05",
  "service_project_mode_id" : "112c1cb8-4b9e-4d1a-a042-0bd031dc7d05",
  "parent_component_config_service_project_mode_id" : "112c1cb8-4b9e-4d1a-a042-0bd031dc7d05",
  "is_audit" : true,
  "keys_with_order" : null
}