{
  "component_config_id" : "6cbd4119-af07-4330-a53c-3cb47b22dd95",
  "endpoint_config_json" : {
    "type" : "jsonb",
    "value" : "{\"crossRef\": [], \"services\": [], \"multistep\": [], \"operations\": []}",
    "null" : false
  },
  "input_config_json" : {
    "type" : "jsonb",
    "value" : "{\"crossRef\": [], \"services\": [], \"multistep\": [], \"operations\": [{\"map\": {\"id\": \"4ff884a2-60ea-407d-9d6a-92bfd9b3c6f6\", \"root\": false, \"type\": \"map\", \"cached\": false, \"source\": \"/AmplifySubscriptionWebhookPayloadParserOutput/AmplifySubscriptionWebhookPayload/payload/metadata/selfLink\", \"target\": \"/CreateRequestInput/insert/selflink\", \"mapNull\": false, \"disabled\": false, \"extractXml\": false, \"extractJson\": false, \"targetOrder\": 11.0, \"mapEmptyString\": false, \"sourceJavaType\": \"java.lang.String\", \"targetJavaType\": \"java.lang.String\"}}, {\"map\": {\"id\": \"75f0fbbe-40b1-4a9d-b3c1-93a2d2a5fee6\", \"root\": false, \"type\": \"map\", \"cached\": false, \"source\": \"/Vars/IncidentTitle\", \"target\": \"/CreateRequestInput/insert/name\", \"mapNull\": false, \"disabled\": false, \"extractXml\": false, \"extractJson\": false, \"targetOrder\": 15.0, \"mapEmptyString\": false, \"sourceJavaType\": \"java.lang.String\", \"targetJavaType\": \"java.lang.String\"}}, {\"map\": {\"id\": \"7e35fab1-9a02-4057-8ecf-e434aaca6ef0\", \"root\": false, \"type\": \"map\", \"cached\": false, \"source\": \"/Vars/IncidentDescription\", \"target\": \"/CreateRequestInput/insert/description\", \"mapNull\": false, \"disabled\": false, \"extractXml\": false, \"extractJson\": false, \"targetOrder\": 5.0, \"mapEmptyString\": false, \"sourceJavaType\": \"java.lang.String\", \"targetJavaType\": \"java.lang.String\"}}]}",
    "null" : false
  },
  "output_config_json" : {
    "type" : "jsonb",
    "value" : "{\"crossRef\": [], \"services\": [], \"multistep\": [], \"operations\": [{\"map\": {\"id\": \"9e96cf8f-3d40-447f-945b-ce477c79bbb9\", \"root\": true, \"type\": \"map\", \"cached\": false, \"source\": \"/CreateRequestOutput\", \"target\": \"/CreateRequestOutput\", \"mapNull\": false, \"disabled\": false, \"extractXml\": false, \"extractJson\": false, \"targetOrder\": 1.0, \"mapEmptyString\": false}}]}",
    "null" : false
  },
  "component_id" : "cc61a11e-a5c3-4b06-9d74-38b62b63f51e",
  "service_id" : "86b3a8c7-1c2e-4fe4-b89c-e842a84f1593",
  "endpoint_id" : "4d3c0dd9-82f2-4f92-942a-2b24b8cc926e",
  "parent_component_config_id" : "39cc66d6-5c7c-4a0c-9a74-aa25269bd0ff",
  "component_config_order" : 0.625,
  "action_id" : "19a9e8cc-912d-11ea-bb37-0242ac130002",
  "name" : "Create request",
  "description" : "",
  "override_endpoint" : false,
  "input_structure_json" : {
    "type" : "jsonb",
    "value" : "{\"maps\": [{\"/CreateRequestInput/insert/selflink\": [{\"type\": \"map\", \"source\": {\"path\": \"/AmplifySubscriptionWebhookPayloadParserOutput/AmplifySubscriptionWebhookPayload/payload/metadata/selfLink\", \"title\": \"selfLink\", \"dataElementType\": \"string\"}, \"target\": {\"path\": \"/CreateRequestInput/insert/selflink\", \"order\": 11, \"title\": \"selflink\", \"dataElementType\": \"string\"}, \"mapCondition\": {\"isConditionSet\": false, \"sourceTreeIndex\": [], \"targetTreeIndex\": [], \"mapConditionFormValue\": {}}}]}, {\"/CreateRequestInput/insert/name\": [{\"type\": \"map\", \"source\": {\"path\": \"/Vars/IncidentTitle\", \"title\": \"IncidentTitle\", \"dataElementType\": \"string\"}, \"target\": {\"path\": \"/CreateRequestInput/insert/name\", \"order\": 15, \"title\": \"name\", \"dataElementType\": \"string\"}, \"mapCondition\": {\"isConditionSet\": false, \"sourceTreeIndex\": [], \"targetTreeIndex\": [], \"mapConditionFormValue\": {}}}]}, {\"/CreateRequestInput/insert/description\": [{\"type\": \"map\", \"source\": {\"path\": \"/Vars/IncidentDescription\", \"title\": \"IncidentDescription\", \"dataElementType\": \"string\"}, \"target\": {\"path\": \"/CreateRequestInput/insert/description\", \"order\": 5, \"title\": \"description\", \"dataElementType\": \"string\"}, \"mapCondition\": {\"isConditionSet\": false, \"sourceTreeIndex\": [], \"targetTreeIndex\": [], \"mapConditionFormValue\": {}}}]}], \"mappedNodes\": [\"/CreateRequestOutputactionOut\", \"/CreateRequestOutputpipeOut\", \"/AmplifySubscriptionWebhookPayloadParserOutput/AmplifySubscriptionWebhookPayload/payload/metadata/selfLink pipeIn\", \"/CreateRequestInput/insert/selflink actionIn\", \"/Vars/IncidentTitle pipeIn\", \"/CreateRequestInput/insert/name actionIn\", \"/Vars/IncidentDescription pipeIn\", \"/CreateRequestInput/insert/description actionIn\"]}",
    "null" : false
  },
  "output_structure_json" : {
    "type" : "jsonb",
    "value" : "{\"maps\": [{\"/CreateRequestOutput\": [{\"type\": \"map\", \"source\": {\"path\": \"/CreateRequestOutput\", \"title\": \"CreateRequestOutput\", \"dataElementType\": \"document\"}, \"target\": {\"path\": \"/CreateRequestOutput\", \"order\": 1, \"title\": \"CreateRequestOutput\", \"dataElementType\": \"document\"}, \"mapCondition\": {\"isConditionSet\": false, \"sourceTreeIndex\": [], \"targetTreeIndex\": [], \"mapConditionFormValue\": {}}}]}], \"tracks\": {}, \"transformer\": []}",
    "null" : false
  },
  "endpoint_structure_json" : {
    "type" : "jsonb",
    "value" : "{\"maps\": []}",
    "null" : false
  },
  "is_error" : false,
  "no_of_errors" : 0,
  "action_input_type" : null,
  "config_service_id" : null,
  "config_imap_id" : null,
  "config_b2b_document_type_id" : null,
  "config_document_id" : null,
  "add_variables" : {
    "type" : "jsonb",
    "value" : "[]",
    "null" : false
  },
  "drop_variables" : {
    "type" : "jsonb",
    "value" : "[]",
    "null" : false
  },
  "plug_input_structure" : null,
  "plug_output_structure" : null,
  "config_plug_id" : "c2ec39a4-c3e6-4413-8e6d-694aac4f0ebf",
  "override_plug" : false,
  "config_java_service_id" : null,
  "service_tag" : "EMPTY",
  "endpoint_tag" : "EMPTY",
  "config_service_tag" : "EMPTY",
  "config_imap_tag" : "EMPTY",
  "config_b2b_document_type_tag" : "EMPTY",
  "active" : true,
  "parent_component_config_service_tag" : "EMPTY",
  "service_project_id" : "5e4ed772-e812-4368-9b48-c95ba4e3ec23",
  "service_project_tag" : "EMPTY",
  "config_service_project_id" : null,
  "config_service_project_tag" : "EMPTY",
  "config_imap_project_id" : null,
  "config_imap_project_tag" : "EMPTY",
  "config_b2b_document_type_project_id" : null,
  "config_b2b_document_type_project_tag" : "EMPTY",
  "endpoint_project_id" : "5e4ed772-e812-4368-9b48-c95ba4e3ec23",
  "endpoint_project_tag" : "EMPTY",
  "config_plug_tag" : "EMPTY",
  "config_plug_project_id" : "5e4ed772-e812-4368-9b48-c95ba4e3ec23",
  "config_plug_project_tag" : "EMPTY",
  "config_java_service_tag" : "EMPTY",
  "config_java_service_project_id" : null,
  "config_java_service_project_tag" : "EMPTY",
  "disabled" : false,
  "config" : {
    "type" : "json",
    "value" : "{\"objectId\":null,\"version\":null,\"objectApiId\":null}",
    "null" : false
  },
  "config_b2b_document_type_project_mode_id" : "112c1cb8-4b9e-4d1a-a042-0bd031dc7d05",
  "config_imap_project_mode_id" : "112c1cb8-4b9e-4d1a-a042-0bd031dc7d05",
  "config_java_service_project_mode_id" : "112c1cb8-4b9e-4d1a-a042-0bd031dc7d05",
  "config_plug_project_mode_id" : "112c1cb8-4b9e-4d1a-a042-0bd031dc7d05",
  "config_service_project_mode_id" : "112c1cb8-4b9e-4d1a-a042-0bd031dc7d05",
  "endpoint_project_mode_id" : "112c1cb8-4b9e-4d1a-a042-0bd031dc7d05",
  "service_project_mode_id" : "112c1cb8-4b9e-4d1a-a042-0bd031dc7d05",
  "parent_component_config_service_project_mode_id" : "112c1cb8-4b9e-4d1a-a042-0bd031dc7d05",
  "is_audit" : true,
  "keys_with_order" : null
}