{
  "component_config_id" : "782b540b-bf74-40a6-9606-49f5feb7025b",
  "endpoint_config_json" : {
    "type" : "jsonb",
    "value" : "{\"crossRef\": [], \"services\": [], \"multistep\": [], \"operations\": []}",
    "null" : false
  },
  "input_config_json" : {
    "type" : "jsonb",
    "value" : "{\"crossRef\": [], \"services\": [], \"multistep\": [], \"operations\": [{\"map\": {\"id\": \"f1ca1b6c-2ee4-47ed-9ba4-dbe2ca8e0f0a\", \"root\": false, \"type\": \"map\", \"cached\": false, \"source\": \"/Vars/IncidentTitle\", \"target\": \"/CreateIncidentInput/insert/short_description\", \"mapNull\": false, \"disabled\": false, \"extractXml\": false, \"extractJson\": false, \"targetOrder\": 27.0, \"mapEmptyString\": false, \"sourceJavaType\": \"java.lang.String\", \"targetJavaType\": \"java.lang.String\"}}, {\"map\": {\"id\": \"4c20ed5b-8a1d-4133-9566-20579abbf3a7\", \"root\": false, \"type\": \"map\", \"cached\": false, \"source\": \"/Vars/IncidentDescription\", \"target\": \"/CreateIncidentInput/insert/description\", \"mapNull\": false, \"disabled\": false, \"extractXml\": false, \"extractJson\": false, \"targetOrder\": 80.0, \"mapEmptyString\": false, \"sourceJavaType\": \"java.lang.String\", \"targetJavaType\": \"java.lang.String\"}}, {\"map\": {\"id\": \"db9cc1e4-9e05-4c24-8f12-31ae99275730\", \"root\": false, \"type\": \"map\", \"cached\": false, \"source\": \"/AmplifyWebhookPayloadParserOutput/AmplifyWebhookPayload/payload/metadata/selfLink\", \"target\": \"/CreateIncidentInput/insert/u_mp_subscription_approval_selflink\", \"mapNull\": false, \"disabled\": false, \"extractXml\": false, \"extractJson\": false, \"targetOrder\": 77.0, \"mapEmptyString\": false, \"sourceJavaType\": \"java.lang.String\", \"targetJavaType\": \"java.lang.String\"}}, {\"map\": {\"id\": \"2e1a783e-3acf-4235-8419-0d2331263043\", \"root\": false, \"type\": \"setValue\", \"cached\": false, \"target\": \"/CreateIncidentInput/insert/caller_id\", \"mapNull\": false, \"disabled\": false, \"extractXml\": false, \"extractJson\": false, \"targetOrder\": 72.0, \"targetValue\": \"admin\", \"mapEmptyString\": false, \"targetJavaType\": \"java.lang.String\", \"variableSubstitution\": false}}, {\"map\": {\"id\": \"0330d130-7a3e-4808-8fdb-48c31ae6d1e4\", \"root\": false, \"type\": \"setValue\", \"cached\": false, \"target\": \"/CreateIncidentInput/insert/comments\", \"mapNull\": false, \"disabled\": false, \"extractXml\": false, \"extractJson\": false, \"targetOrder\": 92.0, \"targetValue\": \"Created by Amplify Integration\", \"mapEmptyString\": false, \"targetJavaType\": \"java.lang.String\", \"variableSubstitution\": false}}]}",
    "null" : false
  },
  "output_config_json" : {
    "type" : "jsonb",
    "value" : "{\"crossRef\": [], \"services\": [], \"multistep\": [], \"operations\": [{\"map\": {\"id\": \"7f3e97d5-d1e0-42ee-88a9-b0935c5037d5\", \"root\": true, \"type\": \"map\", \"cached\": false, \"source\": \"/CreateIncidentOutput\", \"target\": \"/CreateIncidentOutput\", \"mapNull\": false, \"disabled\": false, \"extractXml\": false, \"extractJson\": false, \"targetOrder\": 1.0, \"mapEmptyString\": false}}]}",
    "null" : false
  },
  "component_id" : "cc61a11e-a5c3-4b06-9d74-38b62b63f51e",
  "service_id" : "e8853ee9-6f7f-4b76-b211-7f454691bd84",
  "endpoint_id" : "4d3c0dd9-82f2-4f92-942a-2b24b8cc926e",
  "parent_component_config_id" : "27569855-2287-4073-9e6b-09e24e393a30",
  "component_config_order" : 0.5,
  "action_id" : "19a9e8cc-912d-11ea-bb37-0242ac130002",
  "name" : "Create incident",
  "description" : "",
  "override_endpoint" : false,
  "input_structure_json" : {
    "type" : "jsonb",
    "value" : "{\"maps\": [{\"/CreateIncidentInput/insert/caller_id\": [{\"type\": \"setValue\", \"target\": {\"path\": \"/CreateIncidentInput/insert/caller_id\", \"order\": 72, \"title\": \"caller_id\", \"dataElementType\": \"string\"}, \"values\": [{\"id\": \"13f88447-7f04-4cb9-85de-ce795225489e\", \"key\": \"/CreateIncidentInput/insert/caller_id\", \"type\": \"string\", \"order\": 72, \"title\": \"caller_id\", \"setValue\": null, \"uiElement\": \"admin\", \"isSetValue\": false, \"childrenSet\": false, \"hasChildren\": false, \"dataElementType\": \"string\"}], \"mapCondition\": {\"isConditionSet\": false, \"sourceTreeIndex\": [], \"targetTreeIndex\": [], \"mapConditionFormValue\": {}}, \"variableSubstitution\": false, \"overwritePipelineValue\": false}]}, {\"/CreateIncidentInput/insert/short_description\": [{\"type\": \"map\", \"source\": {\"path\": \"/Vars/IncidentTitle\", \"title\": \"IncidentTitle\", \"dataElementType\": \"string\"}, \"target\": {\"path\": \"/CreateIncidentInput/insert/short_description\", \"order\": 27, \"title\": \"short_description\", \"dataElementType\": \"string\"}, \"mapCondition\": {\"isConditionSet\": false, \"sourceTreeIndex\": [], \"targetTreeIndex\": [], \"mapConditionFormValue\": {}}}]}, {\"/CreateIncidentInput/insert/description\": [{\"type\": \"map\", \"source\": {\"path\": \"/Vars/IncidentDescription\", \"title\": \"IncidentDescription\", \"dataElementType\": \"string\"}, \"target\": {\"path\": \"/CreateIncidentInput/insert/description\", \"order\": 80, \"title\": \"description\", \"dataElementType\": \"string\"}, \"mapCondition\": {\"isConditionSet\": false, \"sourceTreeIndex\": [], \"targetTreeIndex\": [], \"mapConditionFormValue\": {}}}]}, {\"/CreateIncidentInput/insert/comments\": [{\"type\": \"setValue\", \"target\": {\"path\": \"/CreateIncidentInput/insert/comments\", \"order\": 92, \"title\": \"comments\", \"dataElementType\": \"string\"}, \"values\": [{\"id\": \"d61e77c9-13c0-40c2-967d-84b41a330484\", \"key\": \"/CreateIncidentInput/insert/comments\", \"type\": \"string\", \"order\": 92, \"title\": \"comments\", \"setValue\": null, \"uiElement\": \"Created by Amplify Integration\", \"isSetValue\": false, \"childrenSet\": false, \"hasChildren\": false, \"dataElementType\": \"string\"}], \"mapCondition\": {\"isConditionSet\": false, \"sourceTreeIndex\": [], \"targetTreeIndex\": [], \"mapConditionFormValue\": {}}, \"variableSubstitution\": false, \"overwritePipelineValue\": false}]}, {\"/CreateIncidentInput/insert/u_mp_subscription_approval_selflink\": [{\"type\": \"map\", \"source\": {\"path\": \"/AmplifyWebhookPayloadParserOutput/AmplifyWebhookPayload/payload/metadata/selfLink\", \"title\": \"selfLink\", \"dataElementType\": \"string\"}, \"target\": {\"path\": \"/CreateIncidentInput/insert/u_mp_subscription_approval_selflink\", \"order\": 77, \"title\": \"u_mp_subscription_approval_selflink\", \"dataElementType\": \"string\"}, \"mapCondition\": {\"isConditionSet\": false, \"sourceTreeIndex\": [], \"targetTreeIndex\": [], \"mapConditionFormValue\": {}}}]}], \"mappedNodes\": [\"/CreateIncidentOutputactionOut\", \"/CreateIncidentOutputpipeOut\", \"/CreateIncidentInput/insert/caller_id actionIn\", \"/CreateIncidentInput/insert actionIn\", \"/CreateIncidentInput actionIn\", \"/Vars/IncidentTitle pipeIn\", \"/CreateIncidentInput/insert/short_description actionIn\", \"/Vars/IncidentDescription pipeIn\", \"/CreateIncidentInput/insert/description actionIn\", \"/CreateIncidentInput/insert/comments actionIn\", \"/CreateIncidentInput/insert actionIn\", \"/CreateIncidentInput actionIn\", \"/CreateIncidentInput/insert actionIn\", \"/CreateIncidentInput actionIn\", \"/CreateIncidentInput/insert actionIn\", \"/CreateIncidentInput actionIn\", \"/AmplifyWebhookPayloadParserOutput/AmplifyWebhookPayload/payload/metadata/selfLink pipeIn\", \"/CreateIncidentInput/insert/u_mp_subscription_approval_selflink actionIn\"]}",
    "null" : false
  },
  "output_structure_json" : {
    "type" : "jsonb",
    "value" : "{\"maps\": [{\"/CreateIncidentOutput\": [{\"type\": \"map\", \"source\": {\"path\": \"/CreateIncidentOutput\", \"title\": \"CreateIncidentOutput\", \"dataElementType\": \"document\"}, \"target\": {\"path\": \"/CreateIncidentOutput\", \"order\": 1, \"title\": \"CreateIncidentOutput\", \"dataElementType\": \"document\"}, \"mapCondition\": {\"isConditionSet\": false, \"sourceTreeIndex\": [], \"targetTreeIndex\": [], \"mapConditionFormValue\": {}}}]}], \"transformer\": []}",
    "null" : false
  },
  "endpoint_structure_json" : {
    "type" : "jsonb",
    "value" : "{\"maps\": []}",
    "null" : false
  },
  "is_error" : false,
  "no_of_errors" : 0,
  "action_input_type" : null,
  "config_service_id" : null,
  "config_imap_id" : null,
  "config_b2b_document_type_id" : null,
  "config_document_id" : null,
  "add_variables" : {
    "type" : "jsonb",
    "value" : "[]",
    "null" : false
  },
  "drop_variables" : {
    "type" : "jsonb",
    "value" : "[]",
    "null" : false
  },
  "plug_input_structure" : null,
  "plug_output_structure" : null,
  "config_plug_id" : "7a3f3881-af66-4d5f-8c10-194555d4604d",
  "override_plug" : false,
  "config_java_service_id" : null,
  "service_tag" : "EMPTY",
  "endpoint_tag" : "EMPTY",
  "config_service_tag" : "EMPTY",
  "config_imap_tag" : "EMPTY",
  "config_b2b_document_type_tag" : "EMPTY",
  "active" : true,
  "parent_component_config_service_tag" : "EMPTY",
  "service_project_id" : "5e4ed772-e812-4368-9b48-c95ba4e3ec23",
  "service_project_tag" : "EMPTY",
  "config_service_project_id" : null,
  "config_service_project_tag" : "EMPTY",
  "config_imap_project_id" : null,
  "config_imap_project_tag" : "EMPTY",
  "config_b2b_document_type_project_id" : null,
  "config_b2b_document_type_project_tag" : "EMPTY",
  "endpoint_project_id" : "5e4ed772-e812-4368-9b48-c95ba4e3ec23",
  "endpoint_project_tag" : "EMPTY",
  "config_plug_tag" : "EMPTY",
  "config_plug_project_id" : "5e4ed772-e812-4368-9b48-c95ba4e3ec23",
  "config_plug_project_tag" : "EMPTY",
  "config_java_service_tag" : "EMPTY",
  "config_java_service_project_id" : null,
  "config_java_service_project_tag" : "EMPTY",
  "disabled" : false,
  "config" : {
    "type" : "json",
    "value" : "{\"objectId\":null,\"version\":null,\"objectApiId\":null}",
    "null" : false
  },
  "config_b2b_document_type_project_mode_id" : "112c1cb8-4b9e-4d1a-a042-0bd031dc7d05",
  "config_imap_project_mode_id" : "112c1cb8-4b9e-4d1a-a042-0bd031dc7d05",
  "config_java_service_project_mode_id" : "112c1cb8-4b9e-4d1a-a042-0bd031dc7d05",
  "config_plug_project_mode_id" : "112c1cb8-4b9e-4d1a-a042-0bd031dc7d05",
  "config_service_project_mode_id" : "112c1cb8-4b9e-4d1a-a042-0bd031dc7d05",
  "endpoint_project_mode_id" : "112c1cb8-4b9e-4d1a-a042-0bd031dc7d05",
  "service_project_mode_id" : "112c1cb8-4b9e-4d1a-a042-0bd031dc7d05",
  "parent_component_config_service_project_mode_id" : "112c1cb8-4b9e-4d1a-a042-0bd031dc7d05",
  "is_audit" : true,
  "keys_with_order" : null
}