{
  "component_config_id" : "2fa28e2e-c6e5-40de-89d6-ec5666471a00",
  "endpoint_config_json" : {
    "type" : "jsonb",
    "value" : "{\"crossRef\": [], \"services\": [], \"multistep\": [], \"operations\": []}",
    "null" : false
  },
  "input_config_json" : {
    "type" : "jsonb",
    "value" : "{\"crossRef\": [], \"services\": [], \"multistep\": [], \"operations\": [{\"map\": {\"id\": \"2197cf5b-18b8-4eb3-85ec-be8a2c712e28\", \"root\": false, \"type\": \"map\", \"cached\": false, \"source\": \"/Vars/IncidentTitle\", \"target\": \"/CreateIncidentInput/insert/short_description\", \"mapNull\": false, \"disabled\": false, \"extractXml\": false, \"extractJson\": false, \"targetOrder\": 27.0, \"mapEmptyString\": false, \"sourceJavaType\": \"java.lang.String\", \"targetJavaType\": \"java.lang.String\"}}, {\"map\": {\"id\": \"ffb64511-3a9e-424d-9a0c-35f8934fb719\", \"root\": false, \"type\": \"map\", \"cached\": false, \"source\": \"/Vars/IncidentDescription\", \"target\": \"/CreateIncidentInput/insert/description\", \"mapNull\": false, \"disabled\": false, \"extractXml\": false, \"extractJson\": false, \"targetOrder\": 80.0, \"mapEmptyString\": false, \"sourceJavaType\": \"java.lang.String\", \"targetJavaType\": \"java.lang.String\"}}, {\"map\": {\"id\": \"87191cee-649a-4781-bc46-8b8bad0a5bb8\", \"root\": false, \"type\": \"map\", \"cached\": false, \"source\": \"/AmplifySubscriptionWebhookPayloadParserOutput/AmplifySubscriptionWebhookPayload/payload/metadata/selfLink\", \"target\": \"/CreateIncidentInput/insert/u_mp_subscription_approval_selflink\", \"mapNull\": false, \"disabled\": false, \"extractXml\": false, \"extractJson\": false, \"targetOrder\": 77.0, \"mapEmptyString\": false, \"sourceJavaType\": \"java.lang.String\", \"targetJavaType\": \"java.lang.String\"}}, {\"map\": {\"id\": \"5e6b2d90-121e-4d7e-810b-ec929408dfd4\", \"root\": false, \"type\": \"setValue\", \"cached\": false, \"target\": \"/CreateIncidentInput/insert/caller_id\", \"mapNull\": false, \"disabled\": false, \"extractXml\": false, \"extractJson\": false, \"targetOrder\": 72.0, \"targetValue\": \"admin\", \"mapEmptyString\": false, \"targetJavaType\": \"java.lang.String\", \"variableSubstitution\": false}}, {\"map\": {\"id\": \"56c06f18-4de8-4211-949a-2b9dbf29b7aa\", \"root\": false, \"type\": \"setValue\", \"cached\": false, \"target\": \"/CreateIncidentInput/insert/comments\", \"mapNull\": false, \"disabled\": false, \"extractXml\": false, \"extractJson\": false, \"targetOrder\": 92.0, \"targetValue\": \"Created by Amplify Integration\", \"mapEmptyString\": false, \"targetJavaType\": \"java.lang.String\", \"variableSubstitution\": false}}]}",
    "null" : false
  },
  "output_config_json" : {
    "type" : "jsonb",
    "value" : "{\"crossRef\": [], \"services\": [], \"multistep\": [], \"operations\": [{\"map\": {\"id\": \"c3334d7e-13dd-480f-815b-44ac8fd7d083\", \"root\": true, \"type\": \"map\", \"cached\": false, \"source\": \"/CreateIncidentOutput\", \"target\": \"/CreateIncidentOutput\", \"mapNull\": false, \"disabled\": false, \"extractXml\": false, \"extractJson\": false, \"targetOrder\": 1.0, \"mapEmptyString\": false}}]}",
    "null" : false
  },
  "component_id" : "cc61a11e-a5c3-4b06-9d74-38b62b63f51e",
  "service_id" : "d9012278-1dff-44ee-a77c-d3cbc3134599",
  "endpoint_id" : "4d3c0dd9-82f2-4f92-942a-2b24b8cc926e",
  "parent_component_config_id" : "2b78498a-37e5-4148-84fe-79d33382563e",
  "component_config_order" : 0.5,
  "action_id" : "19a9e8cc-912d-11ea-bb37-0242ac130002",
  "name" : "Create incident",
  "description" : "",
  "override_endpoint" : false,
  "input_structure_json" : {
    "type" : "jsonb",
    "value" : "{\"maps\": [{\"/CreateIncidentInput/insert/caller_id\": [{\"type\": \"setValue\", \"target\": {\"path\": \"/CreateIncidentInput/insert/caller_id\", \"order\": 72, \"title\": \"caller_id\", \"dataElementType\": \"string\"}, \"values\": [{\"id\": \"13f88447-7f04-4cb9-85de-ce795225489e\", \"key\": \"/CreateIncidentInput/insert/caller_id\", \"type\": \"string\", \"order\": 72, \"title\": \"caller_id\", \"setValue\": null, \"uiElement\": \"admin\", \"isSetValue\": false, \"childrenSet\": false, \"hasChildren\": false, \"dataElementType\": \"string\"}], \"mapCondition\": {\"isConditionSet\": false, \"sourceTreeIndex\": [], \"targetTreeIndex\": [], \"mapConditionFormValue\": {}}, \"variableSubstitution\": false, \"overwritePipelineValue\": false}]}, {\"/CreateIncidentInput/insert/short_description\": [{\"type\": \"map\", \"source\": {\"path\": \"/Vars/IncidentTitle\", \"title\": \"IncidentTitle\", \"dataElementType\": \"string\"}, \"target\": {\"path\": \"/CreateIncidentInput/insert/short_description\", \"order\": 27, \"title\": \"short_description\", \"dataElementType\": \"string\"}, \"mapCondition\": {\"isConditionSet\": false, \"sourceTreeIndex\": [], \"targetTreeIndex\": [], \"mapConditionFormValue\": {}}}]}, {\"/CreateIncidentInput/insert/description\": [{\"type\": \"map\", \"source\": {\"path\": \"/Vars/IncidentDescription\", \"title\": \"IncidentDescription\", \"dataElementType\": \"string\"}, \"target\": {\"path\": \"/CreateIncidentInput/insert/description\", \"order\": 80, \"title\": \"description\", \"dataElementType\": \"string\"}, \"mapCondition\": {\"isConditionSet\": false, \"sourceTreeIndex\": [], \"targetTreeIndex\": [], \"mapConditionFormValue\": {}}}]}, {\"/CreateIncidentInput/insert/comments\": [{\"type\": \"setValue\", \"target\": {\"path\": \"/CreateIncidentInput/insert/comments\", \"order\": 92, \"title\": \"comments\", \"dataElementType\": \"string\"}, \"values\": [{\"id\": \"d61e77c9-13c0-40c2-967d-84b41a330484\", \"key\": \"/CreateIncidentInput/insert/comments\", \"type\": \"string\", \"order\": 92, \"title\": \"comments\", \"setValue\": null, \"uiElement\": \"Created by Amplify Integration\", \"isSetValue\": false, \"childrenSet\": false, \"hasChildren\": false, \"dataElementType\": \"string\"}], \"mapCondition\": {\"isConditionSet\": false, \"sourceTreeIndex\": [], \"targetTreeIndex\": [], \"mapConditionFormValue\": {}}, \"variableSubstitution\": false, \"overwritePipelineValue\": false}]}, {\"/CreateIncidentInput/insert/u_mp_subscription_approval_selflink\": [{\"type\": \"map\", \"source\": {\"path\": \"/AmplifySubscriptionWebhookPayloadParserOutput/AmplifySubscriptionWebhookPayload/payload/metadata/selfLink\", \"title\": \"selfLink\", \"dataElementType\": \"string\"}, \"target\": {\"path\": \"/CreateIncidentInput/insert/u_mp_subscription_approval_selflink\", \"order\": 77, \"title\": \"u_mp_subscription_approval_selflink\", \"dataElementType\": \"string\"}, \"mapCondition\": {\"isConditionSet\": false, \"sourceTreeIndex\": [], \"targetTreeIndex\": [], \"mapConditionFormValue\": {}}}]}], \"mappedNodes\": [\"/CreateIncidentOutputactionOut\", \"/CreateIncidentOutputpipeOut\", \"/CreateIncidentInput/insert/caller_id actionIn\", \"/Vars/IncidentTitle pipeIn\", \"/CreateIncidentInput/insert/short_description actionIn\", \"/Vars/IncidentDescription pipeIn\", \"/CreateIncidentInput/insert/description actionIn\", \"/CreateIncidentInput/insert/comments actionIn\", \"/AmplifySubscriptionWebhookPayloadParserOutput/AmplifySubscriptionWebhookPayload/payload/metadata/selfLink pipeIn\", \"/CreateIncidentInput/insert/u_mp_subscription_approval_selflink actionIn\"]}",
    "null" : false
  },
  "output_structure_json" : {
    "type" : "jsonb",
    "value" : "{\"maps\": [{\"/CreateIncidentOutput\": [{\"type\": \"map\", \"source\": {\"path\": \"/CreateIncidentOutput\", \"title\": \"CreateIncidentOutput\", \"dataElementType\": \"document\"}, \"target\": {\"path\": \"/CreateIncidentOutput\", \"order\": 1, \"title\": \"CreateIncidentOutput\", \"dataElementType\": \"document\"}, \"mapCondition\": {\"isConditionSet\": false, \"sourceTreeIndex\": [], \"targetTreeIndex\": [], \"mapConditionFormValue\": {}}}]}], \"tracks\": {}, \"transformer\": []}",
    "null" : false
  },
  "endpoint_structure_json" : {
    "type" : "jsonb",
    "value" : "{\"maps\": []}",
    "null" : false
  },
  "is_error" : false,
  "no_of_errors" : 0,
  "action_input_type" : null,
  "config_service_id" : null,
  "config_imap_id" : null,
  "config_b2b_document_type_id" : null,
  "config_document_id" : null,
  "add_variables" : {
    "type" : "jsonb",
    "value" : "[]",
    "null" : false
  },
  "drop_variables" : {
    "type" : "jsonb",
    "value" : "[]",
    "null" : false
  },
  "plug_input_structure" : null,
  "plug_output_structure" : null,
  "config_plug_id" : "7a3f3881-af66-4d5f-8c10-194555d4604d",
  "override_plug" : false,
  "config_java_service_id" : null,
  "service_tag" : "EMPTY",
  "endpoint_tag" : "EMPTY",
  "config_service_tag" : "EMPTY",
  "config_imap_tag" : "EMPTY",
  "config_b2b_document_type_tag" : "EMPTY",
  "active" : true,
  "parent_component_config_service_tag" : "EMPTY",
  "service_project_id" : "5e4ed772-e812-4368-9b48-c95ba4e3ec23",
  "service_project_tag" : "EMPTY",
  "config_service_project_id" : null,
  "config_service_project_tag" : "EMPTY",
  "config_imap_project_id" : null,
  "config_imap_project_tag" : "EMPTY",
  "config_b2b_document_type_project_id" : null,
  "config_b2b_document_type_project_tag" : "EMPTY",
  "endpoint_project_id" : "5e4ed772-e812-4368-9b48-c95ba4e3ec23",
  "endpoint_project_tag" : "EMPTY",
  "config_plug_tag" : "EMPTY",
  "config_plug_project_id" : "5e4ed772-e812-4368-9b48-c95ba4e3ec23",
  "config_plug_project_tag" : "EMPTY",
  "config_java_service_tag" : "EMPTY",
  "config_java_service_project_id" : null,
  "config_java_service_project_tag" : "EMPTY",
  "disabled" : false,
  "config" : {
    "type" : "json",
    "value" : "{\"objectId\":null,\"version\":null,\"objectApiId\":null}",
    "null" : false
  },
  "config_b2b_document_type_project_mode_id" : "112c1cb8-4b9e-4d1a-a042-0bd031dc7d05",
  "config_imap_project_mode_id" : "112c1cb8-4b9e-4d1a-a042-0bd031dc7d05",
  "config_java_service_project_mode_id" : "112c1cb8-4b9e-4d1a-a042-0bd031dc7d05",
  "config_plug_project_mode_id" : "112c1cb8-4b9e-4d1a-a042-0bd031dc7d05",
  "config_service_project_mode_id" : "112c1cb8-4b9e-4d1a-a042-0bd031dc7d05",
  "endpoint_project_mode_id" : "112c1cb8-4b9e-4d1a-a042-0bd031dc7d05",
  "service_project_mode_id" : "112c1cb8-4b9e-4d1a-a042-0bd031dc7d05",
  "parent_component_config_service_project_mode_id" : "112c1cb8-4b9e-4d1a-a042-0bd031dc7d05",
  "is_audit" : true,
  "keys_with_order" : null
}