{
  "component_config_id" : "64d91c48-e71c-49c9-a88c-e5b6f7d4bfcf",
  "endpoint_config_json" : {
    "type" : "jsonb",
    "value" : "{\"crossRef\": [], \"services\": [], \"multistep\": [], \"operations\": []}",
    "null" : false
  },
  "input_config_json" : {
    "type" : "jsonb",
    "value" : "{\"crossRef\": [], \"services\": [], \"multistep\": [], \"operations\": []}",
    "null" : false
  },
  "output_config_json" : {
    "type" : "jsonb",
    "value" : "{\"crossRef\": [], \"services\": [], \"multistep\": [], \"operations\": [{\"map\": {\"id\": \"5fc76545-5505-4ea4-a2e6-20b6ee4f2336\", \"root\": false, \"type\": \"map\", \"cached\": false, \"source\": \"/GetAgentsOutput/Agents/JsonArray/title\", \"target\": \"/AgentReportRow/name\", \"mapNull\": false, \"disabled\": false, \"extractXml\": false, \"extractJson\": false, \"targetOrder\": 1.0, \"mapEmptyString\": false, \"sourceJavaType\": \"java.lang.String\", \"targetJavaType\": \"java.lang.String\"}}, {\"map\": {\"id\": \"f8a7272e-6f07-4e35-98e4-e8fd312926eb\", \"root\": false, \"type\": \"map\", \"cached\": false, \"source\": \"/GetAgentsOutput/Agents/JsonArray/kind\", \"target\": \"/AgentReportRow/type\", \"mapNull\": false, \"disabled\": false, \"extractXml\": false, \"extractJson\": false, \"targetOrder\": 2.0, \"mapEmptyString\": false, \"sourceJavaType\": \"java.lang.String\", \"targetJavaType\": \"java.lang.String\"}}, {\"map\": {\"id\": \"e4b7ad27-3440-4f6b-9135-c3b9c555fc0a\", \"root\": false, \"type\": \"map\", \"cached\": false, \"source\": \"/GetAgentsOutput/Agents/JsonArray/status/state\", \"target\": \"/AgentReportRow/state\", \"mapNull\": false, \"disabled\": false, \"extractXml\": false, \"extractJson\": false, \"targetOrder\": 3.0, \"mapEmptyString\": false, \"sourceJavaType\": \"java.lang.String\", \"targetJavaType\": \"java.lang.String\"}}, {\"map\": {\"id\": \"eebb2fdd-049b-4c40-9a8a-d65dded69c98\", \"root\": false, \"type\": \"map\", \"cached\": false, \"source\": \"/GetAgentsOutput/Agents/JsonArray/status/previousState\", \"target\": \"/AgentReportRow/previousState\", \"mapNull\": false, \"disabled\": false, \"extractXml\": false, \"extractJson\": false, \"targetOrder\": 4.0, \"mapEmptyString\": false, \"sourceJavaType\": \"java.lang.String\", \"targetJavaType\": \"java.lang.String\"}}, {\"map\": {\"id\": \"0fa445a9-a6ab-4643-aab2-1a5301ec2da0\", \"root\": false, \"type\": \"map\", \"cached\": false, \"source\": \"/GetAgentsOutput/Agents/JsonArray/status/version\", \"target\": \"/AgentReportRow/version\", \"mapNull\": false, \"disabled\": false, \"extractXml\": false, \"extractJson\": false, \"targetOrder\": 6.0, \"mapEmptyString\": false, \"sourceJavaType\": \"java.lang.String\", \"targetJavaType\": \"java.lang.String\"}}, {\"map\": {\"id\": \"cafdb572-9830-4f6e-852c-af63ee791139\", \"root\": false, \"type\": \"map\", \"cached\": false, \"source\": \"/GetAgentsOutput/Agents/JsonArray/status/latestAvailableVersion\", \"target\": \"/AgentReportRow/lastActivityTime\", \"mapNull\": false, \"disabled\": false, \"extractXml\": false, \"extractJson\": false, \"targetOrder\": 7.0, \"mapEmptyString\": false, \"sourceJavaType\": \"java.lang.String\", \"targetJavaType\": \"java.lang.String\"}}, {\"map\": {\"id\": \"abd677f5-8d2f-41cd-a9cb-8b85be1368c6\", \"root\": false, \"type\": \"map\", \"cached\": false, \"source\": \"/GetAgentsOutput/Agents/JsonArray/metadata/scope/title\", \"target\": \"/AgentReportRow/environment\", \"mapNull\": false, \"disabled\": false, \"extractXml\": false, \"extractJson\": false, \"targetOrder\": 5.0, \"mapEmptyString\": false, \"sourceJavaType\": \"java.lang.String\", \"targetJavaType\": \"java.lang.String\"}}]}",
    "null" : false
  },
  "component_id" : "8ac5fe03-27a2-4e6a-a449-6a8893818223",
  "service_id" : "3e82a86e-f622-446e-8a95-e10ab726e34f",
  "endpoint_id" : null,
  "parent_component_config_id" : "630b5d8f-e60a-4067-8726-d6a77cd4573b",
  "component_config_order" : 4.0,
  "action_id" : "06843b78-eab0-45da-afab-8c8277d7553f",
  "name" : "Create report row",
  "description" : "",
  "override_endpoint" : false,
  "input_structure_json" : {
    "type" : "jsonb",
    "value" : "{\"maps\": [], \"mappedNodes\": [\"/GetAgentsOutput/Agents/JsonArray/title pipeIn\", \"/AgentReportRow/namepipeOut\", \"/GetAgentsOutput/Agents/JsonArray/kind pipeIn\", \"/AgentReportRow/typepipeOut\", \"/GetAgentsOutput/Agents/JsonArray/status/state pipeIn\", \"/AgentReportRow/statepipeOut\", \"/GetAgentsOutput/Agents/JsonArray/status/previousState pipeIn\", \"/AgentReportRow/previousStatepipeOut\", \"/GetAgentsOutput/Agents/JsonArray/status/version pipeIn\", \"/AgentReportRow/versionpipeOut\", \"/GetAgentsOutput/Agents/JsonArray/status/latestAvailableVersion pipeIn\", \"/AgentReportRow/lastActivityTimepipeOut\", \"/GetAgentsOutput/Agents/JsonArray/metadata/scope/title pipeIn\", \"/AgentReportRow/environmentpipeOut\"]}",
    "null" : false
  },
  "output_structure_json" : {
    "type" : "jsonb",
    "value" : "{\"maps\": [{\"/AgentReportRow/name\": [{\"type\": \"map\", \"source\": {\"path\": \"/GetAgentsOutput/Agents/JsonArray/title\", \"title\": \"title\", \"dataElementType\": \"string\"}, \"target\": {\"path\": \"/AgentReportRow/name\", \"order\": 1, \"title\": \"name\", \"dataElementType\": \"string\"}, \"mapCondition\": {\"isConditionSet\": false, \"sourceTreeIndex\": [], \"targetTreeIndex\": [], \"mapConditionFormValue\": {}}}]}, {\"/AgentReportRow/type\": [{\"type\": \"map\", \"source\": {\"path\": \"/GetAgentsOutput/Agents/JsonArray/kind\", \"title\": \"kind\", \"dataElementType\": \"string\"}, \"target\": {\"path\": \"/AgentReportRow/type\", \"order\": 2, \"title\": \"type\", \"dataElementType\": \"string\"}, \"mapCondition\": {\"isConditionSet\": false, \"sourceTreeIndex\": [], \"targetTreeIndex\": [], \"mapConditionFormValue\": {}}}]}, {\"/AgentReportRow/state\": [{\"type\": \"map\", \"source\": {\"path\": \"/GetAgentsOutput/Agents/JsonArray/status/state\", \"title\": \"state\", \"dataElementType\": \"string\"}, \"target\": {\"path\": \"/AgentReportRow/state\", \"order\": 3, \"title\": \"state\", \"dataElementType\": \"string\"}, \"mapCondition\": {\"isConditionSet\": false, \"sourceTreeIndex\": [], \"targetTreeIndex\": [], \"mapConditionFormValue\": {}}}]}, {\"/AgentReportRow/previousState\": [{\"type\": \"map\", \"source\": {\"path\": \"/GetAgentsOutput/Agents/JsonArray/status/previousState\", \"title\": \"previousState\", \"dataElementType\": \"string\"}, \"target\": {\"path\": \"/AgentReportRow/previousState\", \"order\": 4, \"title\": \"previousState\", \"dataElementType\": \"string\"}, \"mapCondition\": {\"isConditionSet\": false, \"sourceTreeIndex\": [], \"targetTreeIndex\": [], \"mapConditionFormValue\": {}}}]}, {\"/AgentReportRow/version\": [{\"type\": \"map\", \"source\": {\"path\": \"/GetAgentsOutput/Agents/JsonArray/status/version\", \"title\": \"version\", \"dataElementType\": \"string\"}, \"target\": {\"path\": \"/AgentReportRow/version\", \"order\": 6, \"title\": \"version\", \"dataElementType\": \"string\"}, \"mapCondition\": {\"isConditionSet\": false, \"sourceTreeIndex\": [], \"targetTreeIndex\": [], \"mapConditionFormValue\": {}}}]}, {\"/AgentReportRow/lastActivityTime\": [{\"type\": \"map\", \"source\": {\"path\": \"/GetAgentsOutput/Agents/JsonArray/status/latestAvailableVersion\", \"title\": \"latestAvailableVersion\", \"dataElementType\": \"string\"}, \"target\": {\"path\": \"/AgentReportRow/lastActivityTime\", \"order\": 7, \"title\": \"lastActivityTime\", \"dataElementType\": \"string\"}, \"mapCondition\": {\"isConditionSet\": false, \"sourceTreeIndex\": [], \"targetTreeIndex\": [], \"mapConditionFormValue\": {}}}]}, {\"/AgentReportRow/environment\": [{\"type\": \"map\", \"source\": {\"path\": \"/GetAgentsOutput/Agents/JsonArray/metadata/scope/title\", \"title\": \"title\", \"dataElementType\": \"string\"}, \"target\": {\"path\": \"/AgentReportRow/environment\", \"order\": 5, \"title\": \"environment\", \"dataElementType\": \"string\"}, \"mapCondition\": {\"isConditionSet\": false, \"sourceTreeIndex\": [], \"targetTreeIndex\": [], \"mapConditionFormValue\": {}}}]}], \"tracks\": {}, \"transformer\": []}",
    "null" : false
  },
  "endpoint_structure_json" : {
    "type" : "jsonb",
    "value" : "{\"maps\": []}",
    "null" : false
  },
  "is_error" : false,
  "no_of_errors" : 0,
  "action_input_type" : null,
  "config_service_id" : null,
  "config_imap_id" : null,
  "config_b2b_document_type_id" : null,
  "config_document_id" : null,
  "add_variables" : {
    "type" : "jsonb",
    "value" : "[]",
    "null" : false
  },
  "drop_variables" : {
    "type" : "jsonb",
    "value" : "[]",
    "null" : false
  },
  "plug_input_structure" : null,
  "plug_output_structure" : null,
  "config_plug_id" : null,
  "override_plug" : false,
  "config_java_service_id" : null,
  "service_tag" : "EMPTY",
  "endpoint_tag" : "EMPTY",
  "config_service_tag" : "EMPTY",
  "config_imap_tag" : "EMPTY",
  "config_b2b_document_type_tag" : "EMPTY",
  "active" : true,
  "parent_component_config_service_tag" : "EMPTY",
  "service_project_id" : "5e4ed772-e812-4368-9b48-c95ba4e3ec23",
  "service_project_tag" : "EMPTY",
  "config_service_project_id" : null,
  "config_service_project_tag" : "EMPTY",
  "config_imap_project_id" : null,
  "config_imap_project_tag" : "EMPTY",
  "config_b2b_document_type_project_id" : null,
  "config_b2b_document_type_project_tag" : "EMPTY",
  "endpoint_project_id" : null,
  "endpoint_project_tag" : "EMPTY",
  "config_plug_tag" : "EMPTY",
  "config_plug_project_id" : null,
  "config_plug_project_tag" : "EMPTY",
  "config_java_service_tag" : "EMPTY",
  "config_java_service_project_id" : null,
  "config_java_service_project_tag" : "EMPTY",
  "disabled" : false,
  "config" : null,
  "config_b2b_document_type_project_mode_id" : "112c1cb8-4b9e-4d1a-a042-0bd031dc7d05",
  "config_imap_project_mode_id" : "112c1cb8-4b9e-4d1a-a042-0bd031dc7d05",
  "config_java_service_project_mode_id" : "112c1cb8-4b9e-4d1a-a042-0bd031dc7d05",
  "config_plug_project_mode_id" : "112c1cb8-4b9e-4d1a-a042-0bd031dc7d05",
  "config_service_project_mode_id" : "112c1cb8-4b9e-4d1a-a042-0bd031dc7d05",
  "endpoint_project_mode_id" : "112c1cb8-4b9e-4d1a-a042-0bd031dc7d05",
  "service_project_mode_id" : "112c1cb8-4b9e-4d1a-a042-0bd031dc7d05",
  "parent_component_config_service_project_mode_id" : "112c1cb8-4b9e-4d1a-a042-0bd031dc7d05",
  "is_audit" : true,
  "keys_with_order" : null
}