{
  "component_config_id" : "e6c436a2-0c91-4ef8-9b62-e2c9cb74e71f",
  "endpoint_config_json" : {
    "type" : "jsonb",
    "value" : "{\"crossRef\": [], \"services\": [], \"multistep\": [], \"operations\": []}",
    "null" : false
  },
  "input_config_json" : {
    "type" : "jsonb",
    "value" : "{\"crossRef\": [], \"services\": [], \"multistep\": [], \"operations\": [{\"map\": {\"id\": \"d88494d5-8bc3-4b11-be74-e9206d1483e0\", \"root\": false, \"type\": \"setValue\", \"cached\": false, \"target\": \"/CreateIncidentInput/insert/short_description\", \"mapNull\": false, \"disabled\": false, \"extractXml\": false, \"extractJson\": false, \"targetOrder\": 27.0, \"targetValue\": \"[Agent Stopped] %{/ReportAgentStatusInput/Agent/kind}% %{/ReportAgentStatusInput/Agent/title}% %{/ReportAgentStatusInput/Agent/status/state}%\", \"mapEmptyString\": false, \"targetJavaType\": \"java.lang.String\", \"variableSubstitution\": true}}, {\"map\": {\"id\": \"83aa324d-d13e-4593-9530-eb0acdcb053c\", \"root\": false, \"type\": \"setValue\", \"cached\": false, \"target\": \"/CreateIncidentInput/insert/caller_id\", \"mapNull\": false, \"disabled\": false, \"extractXml\": false, \"extractJson\": false, \"targetOrder\": 72.0, \"targetValue\": \"admin\", \"mapEmptyString\": false, \"targetJavaType\": \"java.lang.String\", \"variableSubstitution\": false}}, {\"map\": {\"id\": \"856bff20-674a-40e5-9cf6-62cede111cfd\", \"root\": false, \"type\": \"setValue\", \"cached\": false, \"target\": \"/CreateIncidentInput/insert/description\", \"mapNull\": false, \"disabled\": false, \"extractXml\": false, \"extractJson\": false, \"targetOrder\": 80.0, \"targetValue\": \"Agent Name: %{/ReportAgentStatusInput/Agent/title}%\\nAgent Type: %{/ReportAgentStatusInput/Agent/kind}%\\nAgent Status: %{/ReportAgentStatusInput/Agent/status/state}%\\nEnvironment Name: %{/ReportAgentStatusInput/Agent/metadata/scope/title}%\\nEnvironment URL: %{/ReportAgentStatusInput/AmplifyCentralBaseAddress}%/topology/environments/details/%{/ReportAgentStatusInput/Agent/metadata/scope/name}%\", \"mapEmptyString\": false, \"targetJavaType\": \"java.lang.String\", \"variableSubstitution\": true}}]}",
    "null" : false
  },
  "output_config_json" : {
    "type" : "jsonb",
    "value" : "{\"crossRef\": [], \"services\": [], \"multistep\": [], \"operations\": [{\"map\": {\"id\": \"24cc4471-d714-446d-b9d6-e5ca9714d417\", \"root\": true, \"type\": \"map\", \"cached\": false, \"source\": \"/CreateIncidentOutput\", \"target\": \"/CreateIncidentOutput\", \"mapNull\": false, \"disabled\": false, \"extractXml\": false, \"extractJson\": false, \"targetOrder\": 1.0, \"mapEmptyString\": false}}]}",
    "null" : false
  },
  "component_id" : "cc61a11e-a5c3-4b06-9d74-38b62b63f51e",
  "service_id" : "74e9db42-98d6-4127-823a-bb05471b39c4",
  "endpoint_id" : "4d3c0dd9-82f2-4f92-942a-2b24b8cc926e",
  "parent_component_config_id" : "5bac586a-afba-4372-ba03-576ec6ed08e7",
  "component_config_order" : 1.0,
  "action_id" : "19a9e8cc-912d-11ea-bb37-0242ac130002",
  "name" : "Create incident",
  "description" : "",
  "override_endpoint" : false,
  "input_structure_json" : {
    "type" : "jsonb",
    "value" : "{\"maps\": [{\"/CreateIncidentInput/insert/short_description\": [{\"type\": \"setValue\", \"target\": {\"path\": \"/CreateIncidentInput/insert/short_description\", \"order\": 27, \"title\": \"short_description\", \"dataElementType\": \"string\"}, \"values\": [{\"id\": \"972b0cb1-fbf6-4673-a54b-546becedcf83\", \"key\": \"/CreateIncidentInput/insert/short_description\", \"type\": \"string\", \"order\": 27, \"title\": \"short_description\", \"setValue\": null, \"uiElement\": \"[Agent Stopped] <input _ngcontent-ng-c1270903566=\\\"\\\" class=\\\"chip\\\" title=\\\"/ReportAgentStatusInput/Agent/kind\\\" readonly=\\\"true\\\" disabled=\\\"true\\\" type=\\\"button\\\" value=\\\"kind\\\"> <input _ngcontent-ng-c1270903566=\\\"\\\" class=\\\"chip\\\" title=\\\"/ReportAgentStatusInput/Agent/title\\\" readonly=\\\"true\\\" disabled=\\\"true\\\" type=\\\"button\\\" value=\\\"title\\\"> <input _ngcontent-ng-c1270903566=\\\"\\\" class=\\\"chip\\\" title=\\\"/ReportAgentStatusInput/Agent/status/state\\\" readonly=\\\"true\\\" disabled=\\\"true\\\" type=\\\"button\\\" value=\\\"state\\\">\", \"isSetValue\": false, \"childrenSet\": false, \"hasChildren\": false, \"dataElementType\": \"string\"}], \"mapCondition\": {\"isConditionSet\": false, \"sourceTreeIndex\": [], \"targetTreeIndex\": [], \"mapConditionFormValue\": {}}, \"variableSubstitution\": true, \"overwritePipelineValue\": false}]}, {\"/CreateIncidentInput/insert/caller_id\": [{\"type\": \"setValue\", \"target\": {\"path\": \"/CreateIncidentInput/insert/caller_id\", \"order\": 72, \"title\": \"caller_id\", \"dataElementType\": \"string\"}, \"values\": [{\"id\": \"c0c5f575-23e6-4c8f-bbd2-83dc9886b15c\", \"key\": \"/CreateIncidentInput/insert/caller_id\", \"type\": \"string\", \"order\": 72, \"title\": \"caller_id\", \"setValue\": null, \"uiElement\": \"admin\", \"isSetValue\": false, \"childrenSet\": false, \"hasChildren\": false, \"dataElementType\": \"string\"}], \"mapCondition\": {\"isConditionSet\": false, \"sourceTreeIndex\": [], \"targetTreeIndex\": [], \"mapConditionFormValue\": {}}, \"variableSubstitution\": false, \"overwritePipelineValue\": false}]}, {\"/CreateIncidentInput/insert/description\": [{\"type\": \"setValue\", \"target\": {\"path\": \"/CreateIncidentInput/insert/description\", \"order\": 80, \"title\": \"description\", \"dataElementType\": \"string\"}, \"values\": [{\"id\": \"0b6144ad-fc4c-4399-b566-e9a5e64f3f92\", \"key\": \"/CreateIncidentInput/insert/description\", \"type\": \"string\", \"order\": 80, \"title\": \"description\", \"setValue\": null, \"uiElement\": \"Agent Name: <input _ngcontent-ng-c1270903566=\\\"\\\" class=\\\"chip\\\" title=\\\"/ReportAgentStatusInput/Agent/title\\\" readonly=\\\"true\\\" disabled=\\\"true\\\" type=\\\"button\\\" value=\\\"title\\\"><br>Agent Type: <input _ngcontent-ng-c1270903566=\\\"\\\" class=\\\"chip\\\" title=\\\"/ReportAgentStatusInput/Agent/kind\\\" readonly=\\\"true\\\" disabled=\\\"true\\\" type=\\\"button\\\" value=\\\"kind\\\"><br>Agent Status: <input _ngcontent-ng-c1270903566=\\\"\\\" class=\\\"chip\\\" title=\\\"/ReportAgentStatusInput/Agent/status/state\\\" readonly=\\\"true\\\" disabled=\\\"true\\\" type=\\\"button\\\" value=\\\"state\\\"><br>Environment Name: <input _ngcontent-ng-c1270903566=\\\"\\\" class=\\\"chip\\\" title=\\\"/ReportAgentStatusInput/Agent/metadata/scope/title\\\" readonly=\\\"true\\\" disabled=\\\"true\\\" type=\\\"button\\\" value=\\\"title\\\"><br>Environment URL: <input _ngcontent-ng-c1270903566=\\\"\\\" class=\\\"chip\\\" title=\\\"/ReportAgentStatusInput/AmplifyCentralBaseAddress\\\" readonly=\\\"true\\\" disabled=\\\"true\\\" type=\\\"button\\\" value=\\\"AmplifyCentralBaseAddress\\\">/topology/environments/details/<input _ngcontent-ng-c1270903566=\\\"\\\" class=\\\"chip\\\" title=\\\"/ReportAgentStatusInput/Agent/metadata/scope/name\\\" readonly=\\\"true\\\" disabled=\\\"true\\\" type=\\\"button\\\" value=\\\"name\\\">\", \"isSetValue\": false, \"childrenSet\": false, \"hasChildren\": false, \"dataElementType\": \"string\"}], \"mapCondition\": {\"isConditionSet\": false, \"sourceTreeIndex\": [], \"targetTreeIndex\": [], \"mapConditionFormValue\": {}}, \"variableSubstitution\": true, \"overwritePipelineValue\": false}]}], \"mappedNodes\": [\"/CreateIncidentOutputactionOut\", \"/CreateIncidentOutputpipeOut\", \"/CreateIncidentInput/insert/short_description actionIn\", \"/CreateIncidentInput/insert actionIn\", \"/CreateIncidentInput actionIn\", \"/CreateIncidentInput/insert/caller_id actionIn\", \"/CreateIncidentInput/insert actionIn\", \"/CreateIncidentInput actionIn\", \"/CreateIncidentInput/insert actionIn\", \"/CreateIncidentInput actionIn\", \"/CreateIncidentInput/insert actionIn\", \"/CreateIncidentInput actionIn\", \"/CreateIncidentInput/insert/description actionIn\", \"/CreateIncidentInput/insert actionIn\", \"/CreateIncidentInput actionIn\", \"/CreateIncidentInput/insert actionIn\", \"/CreateIncidentInput actionIn\", \"/CreateIncidentInput/insert actionIn\", \"/CreateIncidentInput actionIn\", \"/CreateIncidentInput/insert actionIn\", \"/CreateIncidentInput actionIn\", \"/CreateIncidentInput/insert/description actionIn\", \"/CreateIncidentInput/insert actionIn\", \"/CreateIncidentInput actionIn\"]}",
    "null" : false
  },
  "output_structure_json" : {
    "type" : "jsonb",
    "value" : "{\"maps\": [{\"/CreateIncidentOutput\": [{\"type\": \"map\", \"source\": {\"path\": \"/CreateIncidentOutput\", \"title\": \"CreateIncidentOutput\", \"dataElementType\": \"document\"}, \"target\": {\"path\": \"/CreateIncidentOutput\", \"order\": 1, \"title\": \"CreateIncidentOutput\", \"dataElementType\": \"document\"}, \"mapCondition\": {\"isConditionSet\": false, \"sourceTreeIndex\": [], \"targetTreeIndex\": [], \"mapConditionFormValue\": {}}}]}], \"tracks\": {}, \"transformer\": []}",
    "null" : false
  },
  "endpoint_structure_json" : {
    "type" : "jsonb",
    "value" : "{\"maps\": []}",
    "null" : false
  },
  "is_error" : false,
  "no_of_errors" : 0,
  "action_input_type" : null,
  "config_service_id" : null,
  "config_imap_id" : null,
  "config_b2b_document_type_id" : null,
  "config_document_id" : null,
  "add_variables" : {
    "type" : "jsonb",
    "value" : "[]",
    "null" : false
  },
  "drop_variables" : {
    "type" : "jsonb",
    "value" : "[]",
    "null" : false
  },
  "plug_input_structure" : null,
  "plug_output_structure" : null,
  "config_plug_id" : "7a3f3881-af66-4d5f-8c10-194555d4604d",
  "override_plug" : false,
  "config_java_service_id" : null,
  "service_tag" : "EMPTY",
  "endpoint_tag" : "EMPTY",
  "config_service_tag" : "EMPTY",
  "config_imap_tag" : "EMPTY",
  "config_b2b_document_type_tag" : "EMPTY",
  "active" : true,
  "parent_component_config_service_tag" : "EMPTY",
  "service_project_id" : "5e4ed772-e812-4368-9b48-c95ba4e3ec23",
  "service_project_tag" : "EMPTY",
  "config_service_project_id" : null,
  "config_service_project_tag" : "EMPTY",
  "config_imap_project_id" : null,
  "config_imap_project_tag" : "EMPTY",
  "config_b2b_document_type_project_id" : null,
  "config_b2b_document_type_project_tag" : "EMPTY",
  "endpoint_project_id" : "5e4ed772-e812-4368-9b48-c95ba4e3ec23",
  "endpoint_project_tag" : "EMPTY",
  "config_plug_tag" : "EMPTY",
  "config_plug_project_id" : "5e4ed772-e812-4368-9b48-c95ba4e3ec23",
  "config_plug_project_tag" : "EMPTY",
  "config_java_service_tag" : "EMPTY",
  "config_java_service_project_id" : null,
  "config_java_service_project_tag" : "EMPTY",
  "disabled" : false,
  "config" : {
    "type" : "json",
    "value" : "{\"objectId\":null,\"version\":null,\"objectApiId\":null}",
    "null" : false
  },
  "config_b2b_document_type_project_mode_id" : "112c1cb8-4b9e-4d1a-a042-0bd031dc7d05",
  "config_imap_project_mode_id" : "112c1cb8-4b9e-4d1a-a042-0bd031dc7d05",
  "config_java_service_project_mode_id" : "112c1cb8-4b9e-4d1a-a042-0bd031dc7d05",
  "config_plug_project_mode_id" : "112c1cb8-4b9e-4d1a-a042-0bd031dc7d05",
  "config_service_project_mode_id" : "112c1cb8-4b9e-4d1a-a042-0bd031dc7d05",
  "endpoint_project_mode_id" : "112c1cb8-4b9e-4d1a-a042-0bd031dc7d05",
  "service_project_mode_id" : "112c1cb8-4b9e-4d1a-a042-0bd031dc7d05",
  "parent_component_config_service_project_mode_id" : "112c1cb8-4b9e-4d1a-a042-0bd031dc7d05",
  "is_audit" : true,
  "keys_with_order" : null
}