{
  "component_config_id" : "276a00de-cd84-43cc-9549-b65145602fea",
  "endpoint_config_json" : {
    "type" : "jsonb",
    "value" : "{\"crossRef\": [], \"services\": [], \"multistep\": [], \"operations\": []}",
    "null" : false
  },
  "input_config_json" : {
    "type" : "jsonb",
    "value" : "{\"crossRef\": [], \"services\": [], \"multistep\": [], \"operations\": []}",
    "null" : false
  },
  "output_config_json" : {
    "type" : "jsonb",
    "value" : "{\"crossRef\": [], \"services\": [], \"multistep\": [], \"operations\": [{\"map\": {\"id\": \"a1059964-66be-40be-8e53-a5f747717915\", \"root\": false, \"type\": \"setValue\", \"cached\": false, \"target\": \"/Vars/TestReportContents\", \"mapNull\": false, \"disabled\": false, \"extractXml\": false, \"extractJson\": false, \"targetOrder\": 1.0, \"targetValue\": \"<!DOCTYPE html>\\n<html lang=\\\"en\\\" dir=\\\"ltr\\\">\\n\\n<head>\\n  <title>Marketplace Product Moderated Review Report</title>\\n  <!-- Latest compiled and minified CSS -->\\n  <meta charset=\\\"utf-8\\\">\\n  <meta name=\\\"viewport\\\" content=\\\"width=device-width, initial-scale=1\\\">\\n  <link rel=\\\"stylesheet\\\" href=\\\"https://maxcdn.bootstrapcdn.com/bootstrap/3.4.1/css/bootstrap.min.css\\\">\\n  <script src=\\\"https://ajax.googleapis.com/ajax/libs/jquery/3.7.1/jquery.min.js\\\"></script>\\n  <script src=\\\"https://maxcdn.bootstrapcdn.com/bootstrap/3.4.1/js/bootstrap.min.js\\\"></script>\\n</head>\\n\\n<body>\\n  <div class=\\\"container\\\">\\n    <img src=\\\"https://i.imgur.com/3Tv4B5p.jpg\\\">\\n  </div>\\n  <div class=\\\"container\\\">\\n    <h3>Marketplace Product Moderated Review Report</h3>\\n  <div class=\\\"container\\\">\\n    <h3>Summary:</h3>\\n    Product Name: <a href=\\\"https://www.google.com\\\">Finance Starter</a><br>\\n    Review Title: <a href=\\\"https://www.google.com\\\">Extremely Satisfied</a><br>\\n    Review Comment: This API is terrible<br>\\n    Sentiment: <a href=\\\"https://www.google.com\\\">NEGATIVE</a><br>\\n    Toxicity: <a href=\\\"https://www.google.com\\\">0.6104000210762024</a><br>\\n    Pii: <a href=\\\"https://www.google.com\\\">Detected</a><br>\\n  </div>\\n  <div class=\\\"container\\\">\\n    <h3>Sentiment Analysis Details:</h3>\\n    Sentiment: NEGATIVE<br>\\n    SentimentScore:<br>\\n    Mixed: 0.000014975868907640688<br>\\n    Negative: 0.999790608882904<br>\\n    Neutral: 0.00013510121789295226<br>\\n    Positive: 0.000059342717577237636<br>\\n  </div>\\n\\n  <div class=\\\"container\\\">\\n    <h3>Toxic Content Details:</h3>\\n    Toxicity: 0.6104000210762024<br>\\n    PROFANITY: 0.2320999950170517<br>\\n    HATE_SPEECH: 0.3871000111103058<br>\\n    INSULT: 0.27410000562667847<br>\\n    GRAPHIC: 0.19539999961853027<br>\\n    HARASSMENT_OR_ABUSE: 0.19480000436306<br>\\n    SEXUAL: 0.17229999601840973<br>\\n    VIOLENCE_OR_THREAT: 0.921999990940094<br>\\n  </div>\\n\\n  <div class=\\\"container\\\">\\n    <h3>PII Content Details:</h3>\\n    NAME: 0.9999961256980896<br>\\n    CREDIT_DEBIT_NUMBER: 0.9999864101409912<br>\\n    ADDRESS: 0.9999668598175049<br>\\n  </div>\\n\\n</div>\\n</body>\\n\\n</html>\\n\", \"mapEmptyString\": false, \"targetJavaType\": \"java.lang.String\", \"variableSubstitution\": false}}, {\"map\": {\"id\": \"1c440ef2-8b9f-4657-933f-17c4600e8a00\", \"root\": false, \"type\": \"setValue\", \"cached\": false, \"target\": \"/GenerateHTMLReviewModerationReportOutput/ModerationReportHTML\", \"mapNull\": false, \"disabled\": false, \"extractXml\": false, \"extractJson\": false, \"targetOrder\": 1.0, \"targetValue\": \"<!DOCTYPE html>\\n<html lang=\\\"en\\\" dir=\\\"ltr\\\">\\n\\n<head>\\n  <title>Marketplace Product Moderated Review Report</title>\\n  <!-- Latest compiled and minified CSS -->\\n  <meta charset=\\\"utf-8\\\">\\n  <meta name=\\\"viewport\\\" content=\\\"width=device-width, initial-scale=1\\\">\\n  <link rel=\\\"stylesheet\\\" href=\\\"https://maxcdn.bootstrapcdn.com/bootstrap/3.4.1/css/bootstrap.min.css\\\">\\n  <script src=\\\"https://ajax.googleapis.com/ajax/libs/jquery/3.7.1/jquery.min.js\\\"></script>\\n  <script src=\\\"https://maxcdn.bootstrapcdn.com/bootstrap/3.4.1/js/bootstrap.min.js\\\"></script>\\n</head>\\n\\n<body>\\n  <div class=\\\"container\\\">\\n    <img src=\\\"https://i.imgur.com/3Tv4B5p.jpg\\\">\\n  </div>\\n  <div class=\\\"container\\\">\\n    <h3>Marketplace Product Moderated Review Report</h3>\\n  <div class=\\\"container\\\">\\n    <h3>Summary:</h3>\\n    Product Name: <a href=\\\"%{/GenerateHTMLReviewModerationReportInput/ProductURL}%\\\">%{/GenerateHTMLReviewModerationReportInput/ProductName}%</a><br>\\n    Review Title: <a href=\\\"%{/GenerateHTMLReviewModerationReportInput/ReviewURL}%\\\">%{/GenerateHTMLReviewModerationReportInput/ReviewTitle}%</a><br>\\n    Review Comment: %{/GenerateHTMLReviewModerationReportInput/ReviewComment}%<br>\", \"mapEmptyString\": false, \"targetJavaType\": \"java.lang.String\", \"variableSubstitution\": true}}]}",
    "null" : false
  },
  "component_id" : "8ac5fe03-27a2-4e6a-a449-6a8893818223",
  "service_id" : "642fc8df-9cc5-4205-bc80-03a2ac7fac32",
  "endpoint_id" : null,
  "parent_component_config_id" : null,
  "component_config_order" : 0.5,
  "action_id" : "06843b78-eab0-45da-afab-8c8277d7553f",
  "name" : "Declare vars",
  "description" : "",
  "override_endpoint" : false,
  "input_structure_json" : {
    "type" : "jsonb",
    "value" : "{\"maps\": [], \"mappedNodes\": [\"/Vars/TestReportContentspipeOut\", \"/VarspipeOut\", \"/VarspipeOut\", \"/GenerateHTMLReviewModerationReportOutput/ModerationReportHTMLpipeOut\", \"/GenerateHTMLReviewModerationReportOutputpipeOut\", \"/GenerateHTMLReviewModerationReportOutput/ModerationReportHTMLpipeOut\", \"/GenerateHTMLReviewModerationReportOutputpipeOut\", \"/GenerateHTMLReviewModerationReportOutput/ModerationReportHTMLpipeOut\", \"/GenerateHTMLReviewModerationReportOutputpipeOut\"]}",
    "null" : false
  },
  "output_structure_json" : {
    "type" : "jsonb",
    "value" : "{\"maps\": [{\"/Vars/TestReportContents\": [{\"type\": \"setValue\", \"order\": 1, \"target\": {\"path\": \"/Vars/TestReportContents\", \"order\": 1, \"title\": \"TestReportContents\", \"dataElementType\": \"string\"}, \"values\": [{\"id\": \"4e44b009-60dd-46a9-b552-8ddea78a5d3d\", \"key\": \"/Vars/TestReportContents\", \"type\": \"node\", \"order\": 1, \"title\": \"TestReportContents\", \"children\": [], \"setValue\": null, \"editAllow\": true, \"uiElement\": \"&lt;!DOCTYPE html&gt;\\n&lt;html lang=\\\"en\\\" dir=\\\"ltr\\\"&gt;\\n\\n&lt;head&gt;\\n  &lt;title&gt;Marketplace Product Moderated Review Report&lt;/title&gt;\\n  &lt;!-- Latest compiled and minified CSS --&gt;\\n  &lt;meta charset=\\\"utf-8\\\"&gt;\\n  &lt;meta name=\\\"viewport\\\" content=\\\"width=device-width, initial-scale=1\\\"&gt;\\n  &lt;link rel=\\\"stylesheet\\\" href=\\\"https://maxcdn.bootstrapcdn.com/bootstrap/3.4.1/css/bootstrap.min.css\\\"&gt;\\n  &lt;script src=\\\"https://ajax.googleapis.com/ajax/libs/jquery/3.7.1/jquery.min.js\\\"&gt;&lt;/script&gt;\\n  &lt;script src=\\\"https://maxcdn.bootstrapcdn.com/bootstrap/3.4.1/js/bootstrap.min.js\\\"&gt;&lt;/script&gt;\\n&lt;/head&gt;\\n\\n&lt;body&gt;\\n  &lt;div class=\\\"container\\\"&gt;\\n    &lt;img src=\\\"https://i.imgur.com/3Tv4B5p.jpg\\\"&gt;\\n  &lt;/div&gt;\\n  &lt;div class=\\\"container\\\"&gt;\\n    &lt;h3&gt;Marketplace Product Moderated Review Report&lt;/h3&gt;\\n  &lt;div class=\\\"container\\\"&gt;\\n    &lt;h3&gt;Summary:&lt;/h3&gt;\\n    Product Name: &lt;a href=\\\"https://www.google.com\\\"&gt;Finance Starter&lt;/a&gt;&lt;br&gt;\\n    Review Title: &lt;a href=\\\"https://www.google.com\\\"&gt;Extremely Satisfied&lt;/a&gt;&lt;br&gt;\\n    Review Comment: This API is terrible&lt;br&gt;\\n    Sentiment: &lt;a href=\\\"https://www.google.com\\\"&gt;NEGATIVE&lt;/a&gt;&lt;br&gt;\\n    Toxicity: &lt;a href=\\\"https://www.google.com\\\"&gt;0.6104000210762024&lt;/a&gt;&lt;br&gt;\\n    Pii: &lt;a href=\\\"https://www.google.com\\\"&gt;Detected&lt;/a&gt;&lt;br&gt;\\n  &lt;/div&gt;\\n  &lt;div class=\\\"container\\\"&gt;\\n    &lt;h3&gt;Sentiment Analysis Details:&lt;/h3&gt;\\n    Sentiment: NEGATIVE&lt;br&gt;\\n    SentimentScore:&lt;br&gt;\\n    Mixed: 0.000014975868907640688&lt;br&gt;\\n    Negative: 0.999790608882904&lt;br&gt;\\n    Neutral: 0.00013510121789295226&lt;br&gt;\\n    Positive: 0.000059342717577237636&lt;br&gt;\\n  &lt;/div&gt;\\n\\n  &lt;div class=\\\"container\\\"&gt;\\n    &lt;h3&gt;Toxic Content Details:&lt;/h3&gt;\\n    Toxicity: 0.6104000210762024&lt;br&gt;\\n    PROFANITY: 0.2320999950170517&lt;br&gt;\\n    HATE_SPEECH: 0.3871000111103058&lt;br&gt;\\n    INSULT: 0.27410000562667847&lt;br&gt;\\n    GRAPHIC: 0.19539999961853027&lt;br&gt;\\n    HARASSMENT_OR_ABUSE: 0.19480000436306&lt;br&gt;\\n    SEXUAL: 0.17229999601840973&lt;br&gt;\\n    VIOLENCE_OR_THREAT: 0.921999990940094&lt;br&gt;\\n  &lt;/div&gt;\\n\\n  &lt;div class=\\\"container\\\"&gt;\\n    &lt;h3&gt;PII Content Details:&lt;/h3&gt;\\n    NAME: 0.9999961256980896&lt;br&gt;\\n    CREDIT_DEBIT_NUMBER: 0.9999864101409912&lt;br&gt;\\n    ADDRESS: 0.9999668598175049&lt;br&gt;\\n  &lt;/div&gt;\\n\\n&lt;/div&gt;\\n&lt;/body&gt;\\n\\n&lt;/html&gt;\\n\", \"isSetValue\": false, \"dataElementType\": \"string\", \"componentConfigId\": \"276a00de-cd84-43cc-9549-b65145602fea\", \"componentConfigName\": \"Map\"}], \"mapCondition\": {\"isConditionSet\": false, \"sourceTreeIndex\": [], \"targetTreeIndex\": [], \"mapConditionFormValue\": {}}, \"dataElementType\": \"string\", \"variableSubstitution\": false, \"overwritePipelineValue\": false}]}, {\"/GenerateHTMLReviewModerationReportOutput/ModerationReportHTML\": [{\"type\": \"setValue\", \"order\": 1, \"target\": {\"path\": \"/GenerateHTMLReviewModerationReportOutput/ModerationReportHTML\", \"order\": 1, \"title\": \"ModerationReportHTML\", \"dataElementType\": \"string\"}, \"values\": [{\"id\": \"1ae537a7-6a3a-4d2a-80b5-6c838438a14a\", \"key\": \"/GenerateHTMLReviewModerationReportOutput/ModerationReportHTML\", \"type\": \"node\", \"order\": 1, \"title\": \"ModerationReportHTML\", \"children\": [], \"setValue\": null, \"editAllow\": true, \"uiElement\": \"&lt;!DOCTYPE html&gt;\\n&lt;html lang=\\\"en\\\" dir=\\\"ltr\\\"&gt;\\n\\n&lt;head&gt;\\n  &lt;title&gt;Marketplace Product Moderated Review Report&lt;/title&gt;\\n  &lt;!-- Latest compiled and minified CSS --&gt;\\n  &lt;meta charset=\\\"utf-8\\\"&gt;\\n  &lt;meta name=\\\"viewport\\\" content=\\\"width=device-width, initial-scale=1\\\"&gt;\\n  &lt;link rel=\\\"stylesheet\\\" href=\\\"https://maxcdn.bootstrapcdn.com/bootstrap/3.4.1/css/bootstrap.min.css\\\"&gt;\\n  &lt;script src=\\\"https://ajax.googleapis.com/ajax/libs/jquery/3.7.1/jquery.min.js\\\"&gt;&lt;/script&gt;\\n  &lt;script src=\\\"https://maxcdn.bootstrapcdn.com/bootstrap/3.4.1/js/bootstrap.min.js\\\"&gt;&lt;/script&gt;\\n&lt;/head&gt;\\n\\n&lt;body&gt;\\n  &lt;div class=\\\"container\\\"&gt;\\n    &lt;img src=\\\"https://i.imgur.com/3Tv4B5p.jpg\\\"&gt;\\n  &lt;/div&gt;\\n  &lt;div class=\\\"container\\\"&gt;\\n    &lt;h3&gt;Marketplace Product Moderated Review Report&lt;/h3&gt;\\n  &lt;div class=\\\"container\\\"&gt;\\n    &lt;h3&gt;Summary:&lt;/h3&gt;\\n    Product Name: &lt;a href=\\\"<input _ngcontent-ng-c1270903566=\\\"\\\" class=\\\"chip\\\" title=\\\"/GenerateHTMLReviewModerationReportInput/ProductURL\\\" readonly=\\\"true\\\" disabled=\\\"true\\\" type=\\\"button\\\" value=\\\"ProductURL\\\">\\\"&gt;<input _ngcontent-ng-c1270903566=\\\"\\\" class=\\\"chip\\\" title=\\\"/GenerateHTMLReviewModerationReportInput/ProductName\\\" readonly=\\\"true\\\" disabled=\\\"true\\\" type=\\\"button\\\" value=\\\"ProductName\\\">&lt;/a&gt;&lt;br&gt;\\n    Review Title: &lt;a href=\\\"<input _ngcontent-ng-c1270903566=\\\"\\\" class=\\\"chip\\\" title=\\\"/GenerateHTMLReviewModerationReportInput/ReviewURL\\\" readonly=\\\"true\\\" disabled=\\\"true\\\" type=\\\"button\\\" value=\\\"ReviewURL\\\">\\\"&gt;<input _ngcontent-ng-c1270903566=\\\"\\\" class=\\\"chip\\\" title=\\\"/GenerateHTMLReviewModerationReportInput/ReviewTitle\\\" readonly=\\\"true\\\" disabled=\\\"true\\\" type=\\\"button\\\" value=\\\"ReviewTitle\\\">&lt;/a&gt;&lt;br&gt;\\n    Review Comment: <input _ngcontent-ng-c1270903566=\\\"\\\" class=\\\"chip\\\" title=\\\"/GenerateHTMLReviewModerationReportInput/ReviewComment\\\" readonly=\\\"true\\\" disabled=\\\"true\\\" type=\\\"button\\\" value=\\\"ReviewComment\\\">&lt;br&gt;\", \"isSetValue\": false, \"childrenSet\": false, \"hasChildren\": false, \"dataElementType\": \"string\"}], \"mapCondition\": {\"isConditionSet\": false, \"sourceTreeIndex\": [], \"targetTreeIndex\": [], \"mapConditionFormValue\": {}}, \"dataElementType\": \"string\", \"variableSubstitution\": true, \"overwritePipelineValue\": false}]}], \"tracks\": {}, \"transformer\": []}",
    "null" : false
  },
  "endpoint_structure_json" : {
    "type" : "jsonb",
    "value" : "{\"maps\": []}",
    "null" : false
  },
  "is_error" : false,
  "no_of_errors" : 0,
  "action_input_type" : null,
  "config_service_id" : null,
  "config_imap_id" : null,
  "config_b2b_document_type_id" : null,
  "config_document_id" : null,
  "add_variables" : {
    "type" : "jsonb",
    "value" : "[{\"id\": \"6c29f0c5-1902-49e9-a2ec-c78cba13e828\", \"key\": \"/Vars\", \"type\": \"node\", \"order\": 1, \"title\": \"Vars\", \"value\": {\"type\": \"array\"}, \"children\": [{\"id\": \"5e086672-b242-40a8-9e5c-77ebb592f760\", \"key\": \"/Vars/TestReportContents\", \"type\": \"node\", \"order\": 1, \"title\": \"TestReportContents\", \"value\": {\"type\": \"string\"}, \"children\": [], \"editAllow\": true, \"dataElementType\": \"string\", \"componentConfigId\": \"276a00de-cd84-43cc-9549-b65145602fea\", \"componentConfigName\": \"Map\"}], \"editAllow\": true, \"dataElementType\": \"document\", \"componentConfigId\": \"276a00de-cd84-43cc-9549-b65145602fea\", \"componentConfigName\": \"Map\"}]",
    "null" : false
  },
  "drop_variables" : {
    "type" : "jsonb",
    "value" : "[]",
    "null" : false
  },
  "plug_input_structure" : null,
  "plug_output_structure" : null,
  "config_plug_id" : null,
  "override_plug" : false,
  "config_java_service_id" : null,
  "service_tag" : "EMPTY",
  "endpoint_tag" : "EMPTY",
  "config_service_tag" : "EMPTY",
  "config_imap_tag" : "EMPTY",
  "config_b2b_document_type_tag" : "EMPTY",
  "active" : true,
  "parent_component_config_service_tag" : "EMPTY",
  "service_project_id" : "5e4ed772-e812-4368-9b48-c95ba4e3ec23",
  "service_project_tag" : "EMPTY",
  "config_service_project_id" : null,
  "config_service_project_tag" : "EMPTY",
  "config_imap_project_id" : null,
  "config_imap_project_tag" : "EMPTY",
  "config_b2b_document_type_project_id" : null,
  "config_b2b_document_type_project_tag" : "EMPTY",
  "endpoint_project_id" : null,
  "endpoint_project_tag" : "EMPTY",
  "config_plug_tag" : "EMPTY",
  "config_plug_project_id" : null,
  "config_plug_project_tag" : "EMPTY",
  "config_java_service_tag" : "EMPTY",
  "config_java_service_project_id" : null,
  "config_java_service_project_tag" : "EMPTY",
  "disabled" : false,
  "config" : null,
  "config_b2b_document_type_project_mode_id" : "112c1cb8-4b9e-4d1a-a042-0bd031dc7d05",
  "config_imap_project_mode_id" : "112c1cb8-4b9e-4d1a-a042-0bd031dc7d05",
  "config_java_service_project_mode_id" : "112c1cb8-4b9e-4d1a-a042-0bd031dc7d05",
  "config_plug_project_mode_id" : "112c1cb8-4b9e-4d1a-a042-0bd031dc7d05",
  "config_service_project_mode_id" : "112c1cb8-4b9e-4d1a-a042-0bd031dc7d05",
  "endpoint_project_mode_id" : "112c1cb8-4b9e-4d1a-a042-0bd031dc7d05",
  "service_project_mode_id" : "112c1cb8-4b9e-4d1a-a042-0bd031dc7d05",
  "parent_component_config_service_project_mode_id" : "112c1cb8-4b9e-4d1a-a042-0bd031dc7d05",
  "is_audit" : true,
  "keys_with_order" : null
}