{
  "component_config_id" : "70e1a887-d911-40e5-bdfb-aa459df51770",
  "endpoint_config_json" : {
    "type" : "jsonb",
    "value" : "{\"crossRef\": [], \"services\": [], \"multistep\": [], \"operations\": []}",
    "null" : false
  },
  "input_config_json" : {
    "type" : "jsonb",
    "value" : "{\"crossRef\": [], \"services\": [], \"multistep\": [], \"operations\": []}",
    "null" : false
  },
  "output_config_json" : {
    "type" : "jsonb",
    "value" : "{\"crossRef\": [], \"services\": [], \"multistep\": [], \"operations\": [{\"map\": {\"id\": \"881211a8-a9db-4f4a-b464-b775fe5c4751\", \"root\": false, \"type\": \"setValue\", \"cached\": false, \"target\": \"/Vars/stateArray/@{0}\", \"mapNull\": false, \"disabled\": false, \"extractXml\": false, \"extractJson\": false, \"targetOrder\": 1.0, \"targetValue\": \"pending\", \"mapEmptyString\": false, \"targetJavaType\": \"java.lang.String\", \"variableSubstitution\": false}}, {\"map\": {\"id\": \"c5236e16-cdef-4d71-bf55-395ccd7cf367\", \"root\": false, \"type\": \"setValue\", \"cached\": false, \"target\": \"/Vars/stateArray/@{1}\", \"mapNull\": false, \"disabled\": false, \"extractXml\": false, \"extractJson\": false, \"targetOrder\": 1.0, \"targetValue\": \"approved\", \"mapEmptyString\": false, \"targetJavaType\": \"java.lang.String\", \"variableSubstitution\": false}}, {\"map\": {\"id\": \"b1e61be3-99bb-454f-b914-dd1a4cabd78d\", \"root\": false, \"type\": \"setValue\", \"cached\": false, \"target\": \"/Vars/stateArray/@{2}\", \"mapNull\": false, \"disabled\": false, \"extractXml\": false, \"extractJson\": false, \"targetOrder\": 1.0, \"targetValue\": \"rejected\", \"mapEmptyString\": false, \"targetJavaType\": \"java.lang.String\", \"variableSubstitution\": false}}, {\"map\": {\"id\": \"b0aad1ed-f717-41e1-9b37-a8453cc693b5\", \"root\": false, \"type\": \"setValue\", \"cached\": false, \"target\": \"/Vars/stateArray/@{3}\", \"mapNull\": false, \"disabled\": false, \"extractXml\": false, \"extractJson\": false, \"targetOrder\": 1.0, \"targetValue\": \"archived\", \"mapEmptyString\": false, \"targetJavaType\": \"java.lang.String\", \"variableSubstitution\": false}}]}",
    "null" : false
  },
  "component_id" : "8ac5fe03-27a2-4e6a-a449-6a8893818223",
  "service_id" : "e191bfd2-b4ac-4dfc-96ab-34666a26290b",
  "endpoint_id" : null,
  "parent_component_config_id" : null,
  "component_config_order" : 2.0,
  "action_id" : "06843b78-eab0-45da-afab-8c8277d7553f",
  "name" : "Declare vars",
  "description" : "",
  "override_endpoint" : false,
  "input_structure_json" : {
    "type" : "jsonb",
    "value" : "{\"maps\": [], \"mappedNodes\": [\"/Vars/stateArray[]pipeOut\", \"/VarspipeOut\", \"/VarspipeOut\"]}",
    "null" : false
  },
  "output_structure_json" : {
    "type" : "jsonb",
    "value" : "{\"maps\": [{\"/Vars/stateArray[]\": [{\"type\": \"setValue\", \"order\": 1, \"target\": {\"path\": \"/Vars/stateArray[]\", \"order\": 1, \"title\": \"stateArray\", \"dataElementType\": \"stringArray\"}, \"values\": [{\"id\": \"30c86ded-a1f7-44e3-bf23-51b74f371329\", \"key\": \"/Vars/stateArray[]\", \"type\": \"node\", \"order\": 1, \"title\": \"stateArray\", \"isLeaf\": false, \"children\": [{\"id\": \"34223651-cd91-4d9b-a1f2-f6f1d81e5fd0\", \"key\": 0, \"node\": {\"id\": \"30c86ded-a1f7-44e3-bf23-51b74f371329\", \"key\": \"/Vars/stateArray[]\", \"type\": \"node\", \"order\": 1, \"title\": \"stateArray\", \"isLeaf\": false, \"setValue\": null, \"editAllow\": true, \"dataElementType\": \"stringArray\", \"componentConfigId\": \"70e1a887-d911-40e5-bdfb-aa459df51770\", \"componentConfigName\": \"Map\"}, \"type\": \"index\", \"title\": \"0\", \"isLeaf\": true, \"setValue\": \"\", \"uiElement\": \"pending\", \"isSetValue\": false, \"dataElementType\": \"index\"}, {\"id\": \"8d997269-6927-4a75-89f2-ac16fdae8cd1\", \"key\": 1, \"node\": {\"id\": \"30c86ded-a1f7-44e3-bf23-51b74f371329\", \"key\": \"/Vars/stateArray[]\", \"type\": \"node\", \"order\": 1, \"title\": \"stateArray\", \"isLeaf\": false, \"setValue\": null, \"editAllow\": true, \"dataElementType\": \"stringArray\", \"componentConfigId\": \"70e1a887-d911-40e5-bdfb-aa459df51770\", \"componentConfigName\": \"Map\"}, \"type\": \"index\", \"title\": \"1\", \"isLeaf\": true, \"setValue\": \"\", \"uiElement\": \"approved\", \"isSetValue\": false, \"dataElementType\": \"index\"}, {\"id\": \"910cd56b-0a07-4e29-b137-817c83d79517\", \"key\": 2, \"node\": {\"id\": \"30c86ded-a1f7-44e3-bf23-51b74f371329\", \"key\": \"/Vars/stateArray[]\", \"type\": \"node\", \"order\": 1, \"title\": \"stateArray\", \"isLeaf\": false, \"setValue\": null, \"editAllow\": true, \"dataElementType\": \"stringArray\", \"componentConfigId\": \"70e1a887-d911-40e5-bdfb-aa459df51770\", \"componentConfigName\": \"Map\"}, \"type\": \"index\", \"title\": \"2\", \"isLeaf\": true, \"setValue\": \"\", \"uiElement\": \"rejected\", \"isSetValue\": false, \"dataElementType\": \"index\"}, {\"id\": \"5fbb1da7-2438-4f30-9afc-93da6d0475f6\", \"key\": 3, \"node\": {\"id\": \"30c86ded-a1f7-44e3-bf23-51b74f371329\", \"key\": \"/Vars/stateArray[]\", \"type\": \"node\", \"order\": 1, \"title\": \"stateArray\", \"isLeaf\": false, \"setValue\": null, \"editAllow\": true, \"dataElementType\": \"stringArray\", \"componentConfigId\": \"70e1a887-d911-40e5-bdfb-aa459df51770\", \"componentConfigName\": \"Map\"}, \"type\": \"index\", \"title\": \"3\", \"isLeaf\": true, \"setValue\": \"\", \"uiElement\": \"archived\", \"isSetValue\": false, \"dataElementType\": \"index\"}], \"setValue\": null, \"editAllow\": true, \"dataElementType\": \"stringArray\", \"componentConfigId\": \"70e1a887-d911-40e5-bdfb-aa459df51770\", \"componentConfigName\": \"Map\"}], \"mapCondition\": {\"isConditionSet\": false, \"sourceTreeIndex\": [], \"targetTreeIndex\": [{\"key\": 1, \"title\": \"Vars\", \"isLeaf\": false, \"isArray\": false, \"children\": [{\"key\": 2, \"title\": \"stateArray\", \"isLeaf\": false, \"isArray\": true, \"parentKey\": 1, \"arrayIndex\": null}], \"parentKey\": 0}], \"mapConditionFormValue\": {}}, \"dataElementType\": \"stringArray\", \"variableSubstitution\": false, \"overwritePipelineValue\": false}]}], \"tracks\": {}, \"transformer\": []}",
    "null" : false
  },
  "endpoint_structure_json" : {
    "type" : "jsonb",
    "value" : "{\"maps\": []}",
    "null" : false
  },
  "is_error" : false,
  "no_of_errors" : 0,
  "action_input_type" : null,
  "config_service_id" : null,
  "config_imap_id" : null,
  "config_b2b_document_type_id" : null,
  "config_document_id" : null,
  "add_variables" : {
    "type" : "jsonb",
    "value" : "[{\"id\": \"a689aa46-58c7-4668-93c7-db7e56eeb642\", \"key\": \"/Vars\", \"type\": \"node\", \"order\": 1, \"title\": \"Vars\", \"value\": {\"type\": \"array\"}, \"children\": [{\"id\": \"fa268ae5-0730-4dec-902c-5806a5c10617\", \"key\": \"/Vars/stateArray[]\", \"type\": \"node\", \"order\": 1, \"title\": \"stateArray\", \"value\": {\"type\": \"array\"}, \"children\": [], \"editAllow\": true, \"componentName\": \"Declare vars\", \"dataElementType\": \"stringArray\", \"componentConfigId\": \"70e1a887-d911-40e5-bdfb-aa459df51770\", \"componentConfigName\": \"Map\"}, {\"id\": \"ed3645fb-cef6-48e0-a7fa-41e4c822d00d\", \"key\": \"/Vars/stateCountArray[]\", \"type\": \"node\", \"order\": 1, \"title\": \"stateCountArray\", \"value\": {\"type\": \"array\"}, \"children\": [], \"editAllow\": true, \"componentName\": \"Declare vars\", \"dataElementType\": \"stringArray\", \"componentConfigId\": \"70e1a887-d911-40e5-bdfb-aa459df51770\", \"componentConfigName\": \"Map\"}], \"editAllow\": true, \"componentName\": \"Declare vars\", \"dataElementType\": \"document\", \"componentConfigId\": \"70e1a887-d911-40e5-bdfb-aa459df51770\", \"componentConfigName\": \"Map\"}, {\"id\": \"d4984084-22ef-4da9-be1d-9c2ff14c495e\", \"key\": \"/APIresponse\", \"type\": \"node\", \"order\": 1, \"title\": \"APIresponse\", \"value\": {\"type\": \"array\"}, \"children\": [{\"id\": \"9023be94-a028-4fc6-a166-23d4f16fcad6\", \"key\": \"/APIresponse/image\", \"type\": \"node\", \"order\": 1, \"title\": \"image\", \"value\": {\"type\": \"string\"}, \"children\": [], \"editAllow\": true, \"componentName\": \"Declare vars\", \"dataElementType\": \"string\", \"componentConfigId\": \"70e1a887-d911-40e5-bdfb-aa459df51770\", \"componentConfigName\": \"Map\"}, {\"id\": \"86c38c1e-757d-418b-a86a-8071a41a6401\", \"key\": \"/APIresponse/states[]\", \"type\": \"node\", \"order\": 1, \"title\": \"states\", \"value\": {\"type\": \"array\"}, \"children\": [], \"editAllow\": true, \"componentName\": \"Declare vars\", \"dataElementType\": \"stringArray\", \"componentConfigId\": \"70e1a887-d911-40e5-bdfb-aa459df51770\", \"componentConfigName\": \"Map\"}, {\"id\": \"dbc01375-cd3c-41ea-948c-6440e75fd04b\", \"key\": \"/APIresponse/statesCounts[]\", \"type\": \"node\", \"order\": 1, \"title\": \"statesCounts\", \"value\": {\"type\": \"array\"}, \"children\": [], \"editAllow\": true, \"componentName\": \"Declare vars\", \"dataElementType\": \"stringArray\", \"componentConfigId\": \"70e1a887-d911-40e5-bdfb-aa459df51770\", \"componentConfigName\": \"Map\"}], \"editAllow\": true, \"componentName\": \"Declare vars\", \"dataElementType\": \"document\", \"componentConfigId\": \"70e1a887-d911-40e5-bdfb-aa459df51770\", \"componentConfigName\": \"Map\"}]",
    "null" : false
  },
  "drop_variables" : {
    "type" : "jsonb",
    "value" : "[]",
    "null" : false
  },
  "plug_input_structure" : null,
  "plug_output_structure" : null,
  "config_plug_id" : null,
  "override_plug" : false,
  "config_java_service_id" : null,
  "service_tag" : "EMPTY",
  "endpoint_tag" : "EMPTY",
  "config_service_tag" : "EMPTY",
  "config_imap_tag" : "EMPTY",
  "config_b2b_document_type_tag" : "EMPTY",
  "active" : true,
  "parent_component_config_service_tag" : "EMPTY",
  "service_project_id" : "5e4ed772-e812-4368-9b48-c95ba4e3ec23",
  "service_project_tag" : "EMPTY",
  "config_service_project_id" : null,
  "config_service_project_tag" : "EMPTY",
  "config_imap_project_id" : null,
  "config_imap_project_tag" : "EMPTY",
  "config_b2b_document_type_project_id" : null,
  "config_b2b_document_type_project_tag" : "EMPTY",
  "endpoint_project_id" : null,
  "endpoint_project_tag" : "EMPTY",
  "config_plug_tag" : "EMPTY",
  "config_plug_project_id" : null,
  "config_plug_project_tag" : "EMPTY",
  "config_java_service_tag" : "EMPTY",
  "config_java_service_project_id" : null,
  "config_java_service_project_tag" : "EMPTY",
  "disabled" : false,
  "config" : null,
  "config_b2b_document_type_project_mode_id" : "112c1cb8-4b9e-4d1a-a042-0bd031dc7d05",
  "config_imap_project_mode_id" : "112c1cb8-4b9e-4d1a-a042-0bd031dc7d05",
  "config_java_service_project_mode_id" : "112c1cb8-4b9e-4d1a-a042-0bd031dc7d05",
  "config_plug_project_mode_id" : "112c1cb8-4b9e-4d1a-a042-0bd031dc7d05",
  "config_service_project_mode_id" : "112c1cb8-4b9e-4d1a-a042-0bd031dc7d05",
  "endpoint_project_mode_id" : "112c1cb8-4b9e-4d1a-a042-0bd031dc7d05",
  "service_project_mode_id" : "112c1cb8-4b9e-4d1a-a042-0bd031dc7d05",
  "parent_component_config_service_project_mode_id" : "112c1cb8-4b9e-4d1a-a042-0bd031dc7d05",
  "is_audit" : true,
  "keys_with_order" : null
}