{
  "component_config_id" : "88523f83-f815-4a88-9c62-952d6edad856",
  "endpoint_config_json" : {
    "type" : "jsonb",
    "value" : "{\"crossRef\": [], \"services\": [], \"multistep\": [], \"operations\": []}",
    "null" : false
  },
  "input_config_json" : {
    "type" : "jsonb",
    "value" : "{\"crossRef\": [], \"services\": [], \"multistep\": [], \"operations\": []}",
    "null" : false
  },
  "output_config_json" : {
    "type" : "jsonb",
    "value" : "{\"crossRef\": [], \"services\": [], \"multistep\": [], \"operations\": [{\"map\": {\"id\": \"1571682f-d64e-4a31-bcd2-04b87143023f\", \"root\": false, \"type\": \"setValue\", \"cached\": false, \"target\": \"/Vars/StyleVal\", \"mapNull\": false, \"disabled\": false, \"extractXml\": false, \"extractJson\": false, \"targetOrder\": 1.0, \"targetValue\": \"social\", \"mapEmptyString\": false, \"targetJavaType\": \"java.lang.String\", \"variableSubstitution\": false}}, {\"map\": {\"id\": \"9ae8ec61-8776-4e6f-8060-2dc635a4c8c3\", \"root\": false, \"type\": \"setValue\", \"cached\": false, \"target\": \"/Vars/SchemaVersionVal\", \"mapNull\": false, \"disabled\": false, \"extractXml\": false, \"extractJson\": false, \"targetOrder\": 1.0, \"targetValue\": \"1\", \"mapEmptyString\": false, \"targetJavaType\": \"java.lang.Float\", \"variableSubstitution\": false}}, {\"map\": {\"id\": \"0eaf8da6-3667-4497-b5bf-51b9ce5c758a\", \"root\": false, \"type\": \"setValue\", \"cached\": false, \"target\": \"/Vars/LabelVal\", \"mapNull\": false, \"disabled\": false, \"extractXml\": false, \"extractJson\": false, \"targetOrder\": 1.0, \"targetValue\": \"API Calls\", \"mapEmptyString\": false, \"targetJavaType\": \"java.lang.String\", \"variableSubstitution\": false}}, {\"map\": {\"id\": \"6c12a7e8-405e-4ff0-9d75-c42ea972ac55\", \"root\": false, \"type\": \"setValue\", \"cached\": false, \"target\": \"/Vars/MessageVal\", \"mapNull\": false, \"disabled\": false, \"extractXml\": false, \"extractJson\": false, \"targetOrder\": 1.0, \"targetValue\": \"Success: -, Client Errors: -, Server Errors: -\", \"mapEmptyString\": false, \"targetJavaType\": \"java.lang.String\", \"variableSubstitution\": false}}]}",
    "null" : false
  },
  "component_id" : "8ac5fe03-27a2-4e6a-a449-6a8893818223",
  "service_id" : "8acdc48b-0e2a-4c37-90fb-0142276ecc8c",
  "endpoint_id" : null,
  "parent_component_config_id" : null,
  "component_config_order" : 1.0,
  "action_id" : "06843b78-eab0-45da-afab-8c8277d7553f",
  "name" : "Declare Vars",
  "description" : "",
  "override_endpoint" : false,
  "input_structure_json" : {
    "type" : "jsonb",
    "value" : "{\"maps\": [], \"mappedNodes\": [\"/Vars/StyleValpipeOut\", \"/VarspipeOut\", \"/Vars/SchemaVersionValpipeOut\", \"/VarspipeOut\", \"/Vars/LabelValpipeOut\", \"/VarspipeOut\", \"/Vars/MessageValpipeOut\", \"/VarspipeOut\", \"/VarspipeOut\", \"/VarspipeOut\", \"/VarspipeOut\", \"/VarspipeOut\", \"/Vars/MessageValpipeOut\", \"/VarspipeOut\"]}",
    "null" : false
  },
  "output_structure_json" : {
    "type" : "jsonb",
    "value" : "{\"maps\": [{\"/Vars/StyleVal\": [{\"type\": \"setValue\", \"order\": 1, \"target\": {\"path\": \"/Vars/StyleVal\", \"order\": 1, \"title\": \"StyleVal\", \"dataElementType\": \"string\"}, \"values\": [{\"id\": \"b24217bf-3f05-452f-b8a6-33c59bee8f43\", \"key\": \"/Vars/StyleVal\", \"type\": \"node\", \"order\": 1, \"title\": \"StyleVal\", \"children\": [], \"setValue\": null, \"editAllow\": true, \"uiElement\": \"social\", \"isSetValue\": false, \"dataElementType\": \"string\", \"componentConfigId\": \"88523f83-f815-4a88-9c62-952d6edad856\", \"componentConfigName\": \"Map\"}], \"mapCondition\": {\"isConditionSet\": false, \"sourceTreeIndex\": [], \"targetTreeIndex\": [], \"mapConditionFormValue\": {}}, \"dataElementType\": \"string\", \"variableSubstitution\": false, \"overwritePipelineValue\": false}]}, {\"/Vars/SchemaVersionVal\": [{\"type\": \"setValue\", \"order\": 1, \"target\": {\"path\": \"/Vars/SchemaVersionVal\", \"order\": 1, \"title\": \"SchemaVersionVal\", \"dataElementType\": \"number\"}, \"values\": [{\"id\": \"ff9f772c-b3ab-41d3-b043-17ef638661b6\", \"key\": \"/Vars/SchemaVersionVal\", \"type\": \"node\", \"order\": 1, \"title\": \"SchemaVersionVal\", \"children\": [], \"setValue\": null, \"editAllow\": true, \"uiElement\": \"1\", \"isSetValue\": false, \"dataElementType\": \"number\", \"componentConfigId\": \"88523f83-f815-4a88-9c62-952d6edad856\", \"componentConfigName\": \"Map\"}], \"mapCondition\": {\"isConditionSet\": false, \"sourceTreeIndex\": [], \"targetTreeIndex\": [], \"mapConditionFormValue\": {}}, \"dataElementType\": \"number\", \"variableSubstitution\": false, \"overwritePipelineValue\": false}]}, {\"/Vars/LabelVal\": [{\"type\": \"setValue\", \"order\": 1, \"target\": {\"path\": \"/Vars/LabelVal\", \"order\": 1, \"title\": \"LabelVal\", \"dataElementType\": \"string\"}, \"values\": [{\"id\": \"0c573424-ac7a-4d3e-977f-dc2547c0dfd1\", \"key\": \"/Vars/LabelVal\", \"type\": \"node\", \"order\": 1, \"title\": \"LabelVal\", \"children\": [], \"setValue\": null, \"editAllow\": true, \"uiElement\": \"API Calls\", \"isSetValue\": false, \"dataElementType\": \"string\", \"componentConfigId\": \"88523f83-f815-4a88-9c62-952d6edad856\", \"componentConfigName\": \"Map\"}], \"mapCondition\": {\"isConditionSet\": false, \"sourceTreeIndex\": [], \"targetTreeIndex\": [], \"mapConditionFormValue\": {}}, \"dataElementType\": \"string\", \"variableSubstitution\": false, \"overwritePipelineValue\": false}]}, {\"/Vars/MessageVal\": [{\"type\": \"setValue\", \"order\": 1, \"target\": {\"path\": \"/Vars/MessageVal\", \"order\": 1, \"title\": \"MessageVal\", \"dataElementType\": \"string\"}, \"values\": [{\"id\": \"a45df009-3819-4cc8-ae47-b731b831d570\", \"key\": \"/Vars/MessageVal\", \"type\": \"node\", \"order\": 1, \"title\": \"MessageVal\", \"children\": [], \"setValue\": null, \"editAllow\": true, \"uiElement\": \"Success: -, Client Errors: -, Server Errors: -\", \"isSetValue\": false, \"dataElementType\": \"string\", \"componentConfigId\": \"88523f83-f815-4a88-9c62-952d6edad856\", \"componentConfigName\": \"Map\"}], \"mapCondition\": {\"isConditionSet\": false, \"sourceTreeIndex\": [], \"targetTreeIndex\": [], \"mapConditionFormValue\": {}}, \"dataElementType\": \"string\", \"variableSubstitution\": false, \"overwritePipelineValue\": false}]}], \"tracks\": {}, \"transformer\": []}",
    "null" : false
  },
  "endpoint_structure_json" : {
    "type" : "jsonb",
    "value" : "{\"maps\": []}",
    "null" : false
  },
  "is_error" : false,
  "no_of_errors" : 0,
  "action_input_type" : null,
  "config_service_id" : null,
  "config_imap_id" : null,
  "config_b2b_document_type_id" : null,
  "config_document_id" : null,
  "add_variables" : {
    "type" : "jsonb",
    "value" : "[{\"id\": \"4979a7f8-96d4-4d6f-999b-374a8b2de002\", \"key\": \"/Vars\", \"type\": \"node\", \"order\": 1, \"title\": \"Vars\", \"value\": {\"type\": \"array\"}, \"children\": [{\"id\": \"47244287-19d2-4765-b8f2-2514338505bc\", \"key\": \"/Vars/SchemaVersionVal\", \"type\": \"node\", \"order\": 1, \"title\": \"SchemaVersionVal\", \"value\": {\"type\": \"number\"}, \"children\": [], \"editAllow\": true, \"componentName\": \"Declare Vars\", \"dataElementType\": \"number\", \"componentConfigId\": \"88523f83-f815-4a88-9c62-952d6edad856\", \"componentConfigName\": \"Map\"}, {\"id\": \"5b6e30d1-cc85-43b7-80ea-d5957504c731\", \"key\": \"/Vars/LabelVal\", \"type\": \"node\", \"order\": 1, \"title\": \"LabelVal\", \"value\": {\"type\": \"string\"}, \"children\": [], \"editAllow\": true, \"componentName\": \"Declare Vars\", \"dataElementType\": \"string\", \"componentConfigId\": \"88523f83-f815-4a88-9c62-952d6edad856\", \"componentConfigName\": \"Map\"}, {\"id\": \"dfaf8556-30a7-4db3-813c-1d6db33318ec\", \"key\": \"/Vars/MessageVal\", \"type\": \"node\", \"order\": 1, \"title\": \"MessageVal\", \"value\": {\"type\": \"string\"}, \"children\": [], \"editAllow\": true, \"componentName\": \"Declare Vars\", \"dataElementType\": \"string\", \"componentConfigId\": \"88523f83-f815-4a88-9c62-952d6edad856\", \"componentConfigName\": \"Map\"}, {\"id\": \"bb071d52-8a53-4eb5-9c40-38be2ed94a75\", \"key\": \"/Vars/ColorVal\", \"type\": \"node\", \"order\": 1, \"title\": \"ColorVal\", \"value\": {\"type\": \"string\"}, \"children\": [], \"editAllow\": true, \"componentName\": \"Declare Vars\", \"dataElementType\": \"string\", \"componentConfigId\": \"88523f83-f815-4a88-9c62-952d6edad856\", \"componentConfigName\": \"Map\"}, {\"id\": \"e129b2ce-4be0-4973-8f32-31e5a40937c0\", \"key\": \"/Vars/LabelColorVal\", \"type\": \"node\", \"order\": 1, \"title\": \"LabelColorVal\", \"value\": {\"type\": \"string\"}, \"children\": [], \"editAllow\": true, \"componentName\": \"Declare Vars\", \"dataElementType\": \"string\", \"componentConfigId\": \"88523f83-f815-4a88-9c62-952d6edad856\", \"componentConfigName\": \"Map\"}, {\"id\": \"8ec2d166-ee2e-4dbb-a212-da3d4dd5ed8c\", \"key\": \"/Vars/IsErrorVal\", \"type\": \"node\", \"order\": 1, \"title\": \"IsErrorVal\", \"value\": {\"type\": \"string\"}, \"children\": [], \"editAllow\": true, \"componentName\": \"Declare Vars\", \"dataElementType\": \"string\", \"componentConfigId\": \"88523f83-f815-4a88-9c62-952d6edad856\", \"componentConfigName\": \"Map\"}, {\"id\": \"22a913f8-b449-4d37-bc78-6c001c0c4e45\", \"key\": \"/Vars/NamedLogoVal\", \"type\": \"node\", \"order\": 1, \"title\": \"NamedLogoVal\", \"value\": {\"type\": \"string\"}, \"children\": [], \"editAllow\": true, \"componentName\": \"Declare Vars\", \"dataElementType\": \"string\", \"componentConfigId\": \"88523f83-f815-4a88-9c62-952d6edad856\", \"componentConfigName\": \"Map\"}, {\"id\": \"8d28dd30-f81d-436a-822a-1d177d76f5e2\", \"key\": \"/Vars/LogoSvgVal\", \"type\": \"node\", \"order\": 1, \"title\": \"LogoSvgVal\", \"value\": {\"type\": \"string\"}, \"children\": [], \"editAllow\": true, \"componentName\": \"Declare Vars\", \"dataElementType\": \"string\", \"componentConfigId\": \"88523f83-f815-4a88-9c62-952d6edad856\", \"componentConfigName\": \"Map\"}, {\"id\": \"7e30c81a-5058-4f67-8986-270521228051\", \"key\": \"/Vars/LogoColorVal\", \"type\": \"node\", \"order\": 1, \"title\": \"LogoColorVal\", \"value\": {\"type\": \"string\"}, \"children\": [], \"editAllow\": true, \"componentName\": \"Declare Vars\", \"dataElementType\": \"string\", \"componentConfigId\": \"88523f83-f815-4a88-9c62-952d6edad856\", \"componentConfigName\": \"Map\"}, {\"id\": \"480db734-6e15-4d99-947a-0eaf8238387b\", \"key\": \"/Vars/LogoWidthVal\", \"type\": \"node\", \"order\": 1, \"title\": \"LogoWidthVal\", \"value\": {\"type\": \"string\"}, \"children\": [], \"editAllow\": true, \"componentName\": \"Declare Vars\", \"dataElementType\": \"string\", \"componentConfigId\": \"88523f83-f815-4a88-9c62-952d6edad856\", \"componentConfigName\": \"Map\"}, {\"id\": \"ce8fa67c-39c3-4589-a6ee-f0a1c6f273ca\", \"key\": \"/Vars/LogoPositionVal\", \"type\": \"node\", \"order\": 1, \"title\": \"LogoPositionVal\", \"value\": {\"type\": \"string\"}, \"children\": [], \"editAllow\": true, \"componentName\": \"Declare Vars\", \"dataElementType\": \"string\", \"componentConfigId\": \"88523f83-f815-4a88-9c62-952d6edad856\", \"componentConfigName\": \"Map\"}, {\"id\": \"928cdf3f-357f-47b5-b9c2-d1f18d8ab2f5\", \"key\": \"/Vars/StyleVal\", \"type\": \"node\", \"order\": 1, \"title\": \"StyleVal\", \"value\": {\"type\": \"string\"}, \"children\": [], \"editAllow\": true, \"componentName\": \"Declare Vars\", \"dataElementType\": \"string\", \"componentConfigId\": \"88523f83-f815-4a88-9c62-952d6edad856\", \"componentConfigName\": \"Map\"}], \"editAllow\": true, \"componentName\": \"Declare Vars\", \"dataElementType\": \"document\", \"componentConfigId\": \"88523f83-f815-4a88-9c62-952d6edad856\", \"componentConfigName\": \"Map\"}]",
    "null" : false
  },
  "drop_variables" : {
    "type" : "jsonb",
    "value" : "[]",
    "null" : false
  },
  "plug_input_structure" : null,
  "plug_output_structure" : null,
  "config_plug_id" : null,
  "override_plug" : false,
  "config_java_service_id" : null,
  "service_tag" : "EMPTY",
  "endpoint_tag" : "EMPTY",
  "config_service_tag" : "EMPTY",
  "config_imap_tag" : "EMPTY",
  "config_b2b_document_type_tag" : "EMPTY",
  "active" : true,
  "parent_component_config_service_tag" : "EMPTY",
  "service_project_id" : "5e4ed772-e812-4368-9b48-c95ba4e3ec23",
  "service_project_tag" : "EMPTY",
  "config_service_project_id" : null,
  "config_service_project_tag" : "EMPTY",
  "config_imap_project_id" : null,
  "config_imap_project_tag" : "EMPTY",
  "config_b2b_document_type_project_id" : null,
  "config_b2b_document_type_project_tag" : "EMPTY",
  "endpoint_project_id" : null,
  "endpoint_project_tag" : "EMPTY",
  "config_plug_tag" : "EMPTY",
  "config_plug_project_id" : null,
  "config_plug_project_tag" : "EMPTY",
  "config_java_service_tag" : "EMPTY",
  "config_java_service_project_id" : null,
  "config_java_service_project_tag" : "EMPTY",
  "disabled" : false,
  "config" : null,
  "config_b2b_document_type_project_mode_id" : "112c1cb8-4b9e-4d1a-a042-0bd031dc7d05",
  "config_imap_project_mode_id" : "112c1cb8-4b9e-4d1a-a042-0bd031dc7d05",
  "config_java_service_project_mode_id" : "112c1cb8-4b9e-4d1a-a042-0bd031dc7d05",
  "config_plug_project_mode_id" : "112c1cb8-4b9e-4d1a-a042-0bd031dc7d05",
  "config_service_project_mode_id" : "112c1cb8-4b9e-4d1a-a042-0bd031dc7d05",
  "endpoint_project_mode_id" : "112c1cb8-4b9e-4d1a-a042-0bd031dc7d05",
  "service_project_mode_id" : "112c1cb8-4b9e-4d1a-a042-0bd031dc7d05",
  "parent_component_config_service_project_mode_id" : "112c1cb8-4b9e-4d1a-a042-0bd031dc7d05",
  "is_audit" : true,
  "keys_with_order" : null
}