{
  "component_config_id" : "7d4c8bb8-0a06-41cb-b488-03c5c40562a5",
  "endpoint_config_json" : {
    "type" : "jsonb",
    "value" : "{\"crossRef\": [], \"services\": [], \"multistep\": [], \"operations\": []}",
    "null" : false
  },
  "input_config_json" : {
    "type" : "jsonb",
    "value" : "{\"crossRef\": [], \"services\": [], \"multistep\": [], \"operations\": []}",
    "null" : false
  },
  "output_config_json" : {
    "type" : "jsonb",
    "value" : "{\"crossRef\": [], \"services\": [], \"multistep\": [], \"operations\": [{\"transformer\": {\"id\": \"4ca48561-12f3-4c84-ab02-3c7dd666e4a2\", \"name\": \"STRING_CONCAT\", \"type\": \"String\", \"query\": null, \"inputs\": [{\"id\": \"5987e7ca-e4ff-4c13-8b48-39deac46648a\", \"root\": false, \"type\": \"map\", \"cached\": false, \"source\": \"/AmplifyProductReviewPayloadParserOutput/AmplifyProductReviewPayload/payload/title\", \"target\": \"/STRING_CONCAT_INPUT/inputString\", \"mapNull\": false, \"disabled\": false, \"extractXml\": false, \"extractJson\": false, \"mapEmptyString\": false, \"sourceJavaType\": \"java.lang.String\", \"targetJavaType\": \"java.lang.String\"}, {\"id\": \"ce75966b-7cf8-44cd-b6e4-aecfd3e2bfad\", \"root\": false, \"type\": \"setValue\", \"cached\": false, \"target\": \"/STRING_CONCAT_INPUT/concatWith\", \"mapNull\": false, \"disabled\": false, \"extractXml\": false, \"extractJson\": false, \"targetValue\": \" \", \"mapEmptyString\": false, \"targetJavaType\": \"java.lang.String\", \"variableSubstitution\": false}], \"outputs\": [{\"id\": \"7b530ef0-ccf8-406f-8dad-7fa27a6d6587\", \"root\": false, \"type\": \"map\", \"cached\": false, \"source\": \"/STRING_CONCAT_OUTPUT/output\", \"target\": \"/Vars/ReviewText\", \"mapNull\": false, \"disabled\": false, \"extractXml\": false, \"extractJson\": false, \"targetOrder\": 1.0, \"mapEmptyString\": false, \"sourceJavaType\": \"java.lang.String\", \"targetJavaType\": \"java.lang.String\"}], \"tableId\": null, \"configId\": null, \"disabled\": false, \"serviceId\": null, \"expression\": null}}, {\"transformer\": {\"id\": \"c54baeb9-9532-410f-8e2d-636c1673d538\", \"name\": \"STRING_REPLACE\", \"type\": \"String\", \"query\": null, \"inputs\": [{\"id\": \"c9236fbc-fc57-4a7d-b48d-68368aafa30d\", \"root\": false, \"type\": \"map\", \"cached\": false, \"source\": \"/LastRunDt-AmplifyCentralIntegrationExamples-Marketplace Review Notifier Approver\", \"target\": \"/STRING_REPLACE_INPUT/inputString\", \"mapNull\": false, \"disabled\": false, \"extractXml\": false, \"extractJson\": false, \"mapEmptyString\": false, \"sourceJavaType\": \"java.lang.String\", \"targetJavaType\": \"java.lang.String\"}, {\"id\": \"60189d05-00ac-4b5b-a8ce-ac5b162f0299\", \"root\": false, \"type\": \"setValue\", \"cached\": false, \"target\": \"/STRING_REPLACE_INPUT/replaceWith\", \"mapNull\": false, \"disabled\": false, \"extractXml\": false, \"extractJson\": false, \"targetValue\": \"-\", \"mapEmptyString\": false, \"targetJavaType\": \"java.lang.String\", \"variableSubstitution\": false}, {\"id\": \"637becb6-fb22-48f6-950f-9388ee2acaba\", \"root\": false, \"type\": \"setValue\", \"cached\": false, \"target\": \"/STRING_REPLACE_INPUT/searchValue\", \"mapNull\": false, \"disabled\": false, \"extractXml\": false, \"extractJson\": false, \"targetValue\": \" \", \"mapEmptyString\": false, \"targetJavaType\": \"java.lang.String\", \"variableSubstitution\": false}], \"outputs\": [{\"id\": \"6c96396f-8b82-4965-984b-345e03ecbcaf\", \"root\": false, \"type\": \"map\", \"cached\": false, \"source\": \"/STRING_REPLACE_OUTPUT/output\", \"target\": \"/Vars/DtTmStamp\", \"mapNull\": false, \"disabled\": false, \"extractXml\": false, \"extractJson\": false, \"targetOrder\": 1.0, \"mapEmptyString\": false, \"sourceJavaType\": \"java.lang.String\", \"targetJavaType\": \"java.lang.String\"}], \"tableId\": null, \"configId\": null, \"disabled\": false, \"serviceId\": null, \"expression\": null}}, {\"map\": {\"id\": \"8199c60a-7ba9-4ba2-89cf-2df26e7b606e\", \"root\": false, \"type\": \"map\", \"cached\": false, \"source\": \"/AmplifyProductReviewPayloadParserOutput/AmplifyProductReviewPayload/payload/title\", \"target\": \"/Vars/Review Title\", \"mapNull\": false, \"disabled\": false, \"extractXml\": false, \"extractJson\": false, \"targetOrder\": 1.0, \"mapEmptyString\": false, \"sourceJavaType\": \"java.lang.String\", \"targetJavaType\": \"java.lang.String\"}}, {\"map\": {\"id\": \"4b5f1c24-2066-43d9-b074-53e2fc55611e\", \"root\": false, \"type\": \"map\", \"cached\": false, \"source\": \"/AmplifyProductReviewPayloadParserOutput/AmplifyProductReviewPayload/payload/spec/comment\", \"target\": \"/Vars/ReviewComment\", \"mapNull\": false, \"disabled\": false, \"extractXml\": false, \"extractJson\": false, \"targetOrder\": 1.0, \"mapEmptyString\": false, \"sourceJavaType\": \"java.lang.String\", \"targetJavaType\": \"java.lang.String\"}}, {\"map\": {\"id\": \"8e9cfac6-9209-4228-b263-f176e998fa31\", \"root\": false, \"type\": \"map\", \"cached\": false, \"source\": \"/AmplifyProductReviewPayloadParserOutput/AmplifyProductReviewPayload/payload/metadata/selfLink\", \"target\": \"/Vars/ReviewSelfLink\", \"mapNull\": false, \"disabled\": false, \"extractXml\": false, \"extractJson\": false, \"targetOrder\": 1.0, \"mapEmptyString\": false, \"sourceJavaType\": \"java.lang.String\", \"targetJavaType\": \"java.lang.String\"}}, {\"map\": {\"id\": \"f85140e3-2767-4138-82bc-0e3df9da9734\", \"root\": false, \"type\": \"map\", \"cached\": false, \"source\": \"/AmplifyProductReviewPayloadParserOutput/AmplifyProductReviewPayload/payload/metadata/scope/title\", \"target\": \"/Vars/ProductName\", \"mapNull\": false, \"disabled\": false, \"extractXml\": false, \"extractJson\": false, \"targetOrder\": 1.0, \"mapEmptyString\": false, \"sourceJavaType\": \"java.lang.String\", \"targetJavaType\": \"java.lang.String\"}}, {\"map\": {\"id\": \"484636fc-47d5-4db6-8ce8-a606024be78c\", \"root\": false, \"type\": \"setValue\", \"cached\": false, \"target\": \"/MSTeamsBody/@type\", \"mapNull\": false, \"disabled\": false, \"extractXml\": false, \"extractJson\": false, \"targetOrder\": 1.0, \"targetValue\": \"MessageCard\", \"mapEmptyString\": false, \"targetJavaType\": \"java.lang.String\", \"variableSubstitution\": false}}, {\"map\": {\"id\": \"f3bcc3d0-006f-4b59-926c-065f3b7ed555\", \"root\": false, \"type\": \"setValue\", \"cached\": false, \"target\": \"/MSTeamsBody/@context\", \"mapNull\": false, \"disabled\": false, \"extractXml\": false, \"extractJson\": false, \"targetOrder\": 2.0, \"targetValue\": \"http://schema.org/extensions\", \"mapEmptyString\": false, \"targetJavaType\": \"java.lang.String\", \"variableSubstitution\": false}}, {\"map\": {\"id\": \"78bd209a-c59c-4dbc-958c-0a46b2278a42\", \"root\": false, \"type\": \"setValue\", \"cached\": false, \"target\": \"/MSTeamsBody/themeColor\", \"mapNull\": false, \"disabled\": false, \"extractXml\": false, \"extractJson\": false, \"targetOrder\": 3.0, \"targetValue\": \"0076D7\", \"mapEmptyString\": false, \"targetJavaType\": \"java.lang.String\", \"variableSubstitution\": false}}, {\"map\": {\"id\": \"0e6c4297-d3d0-4501-8671-d7080559fb1e\", \"root\": false, \"type\": \"setValue\", \"cached\": false, \"target\": \"/MSTeamsBody/summary\", \"mapNull\": false, \"disabled\": false, \"extractXml\": false, \"extractJson\": false, \"targetOrder\": 4.0, \"targetValue\": \"Marketplace Product Review\", \"mapEmptyString\": false, \"targetJavaType\": \"java.lang.String\", \"variableSubstitution\": false}}, {\"map\": {\"id\": \"23d7e2d2-26a3-440b-b2d3-8f0459c9816e\", \"root\": false, \"type\": \"setValue\", \"cached\": false, \"target\": \"/Vars/shouldNotify\", \"mapNull\": false, \"disabled\": false, \"extractXml\": false, \"extractJson\": false, \"targetOrder\": 1.0, \"targetValue\": \"false\", \"mapEmptyString\": false, \"targetJavaType\": \"java.lang.Boolean\", \"variableSubstitution\": false}}, {\"map\": {\"id\": \"25668ac7-1841-43d3-88cf-6be7f2d4f66b\", \"root\": false, \"type\": \"setValue\", \"cached\": false, \"target\": \"/MSTeamsBodySection/activityTitle\", \"mapNull\": false, \"disabled\": false, \"extractXml\": false, \"extractJson\": false, \"targetOrder\": 1.0, \"targetValue\": \"Marketplace Product Review\", \"mapEmptyString\": false, \"targetJavaType\": \"java.lang.String\", \"variableSubstitution\": false}}, {\"map\": {\"id\": \"fa8c47d3-ece3-4248-8953-b48053a92d27\", \"root\": false, \"type\": \"setValue\", \"cached\": false, \"target\": \"/MSTeamsBodySection/activitySubtitle\", \"mapNull\": false, \"disabled\": false, \"extractXml\": false, \"extractJson\": false, \"targetOrder\": 2.0, \"targetValue\": \"Moderated Content Detected for Product Review\", \"mapEmptyString\": false, \"targetJavaType\": \"java.lang.String\", \"variableSubstitution\": false}}, {\"map\": {\"id\": \"06c934b5-086f-4e9e-b994-ca47b47501db\", \"root\": false, \"type\": \"setValue\", \"cached\": false, \"target\": \"/MSTeamsBodySection/activityImage\", \"mapNull\": false, \"disabled\": false, \"extractXml\": false, \"extractJson\": false, \"targetOrder\": 3.0, \"targetValue\": \"https://i.imgur.com/oMi8AI6.png\", \"mapEmptyString\": false, \"targetJavaType\": \"java.lang.String\", \"variableSubstitution\": false}}, {\"map\": {\"id\": \"a8db3fb4-b219-4313-80e4-b1bfd7da50f7\", \"root\": false, \"type\": \"setValue\", \"cached\": false, \"target\": \"/MSTeamsBodySection/markdown\", \"mapNull\": false, \"disabled\": false, \"extractXml\": false, \"extractJson\": false, \"targetOrder\": 7.0, \"targetValue\": \"true\", \"mapEmptyString\": false, \"targetJavaType\": \"java.lang.Boolean\", \"variableSubstitution\": false}}, {\"map\": {\"id\": \"a76b0eba-25b7-461e-8254-81b9d3ac77fe\", \"root\": false, \"type\": \"setValue\", \"cached\": false, \"target\": \"/Vars/SentimentNotifyList\", \"mapNull\": false, \"disabled\": false, \"extractXml\": false, \"extractJson\": false, \"targetOrder\": 1.0, \"targetValue\": \"NEGATIVE\", \"mapEmptyString\": false, \"targetJavaType\": \"java.lang.String\", \"variableSubstitution\": false}}, {\"map\": {\"id\": \"539bf722-c93d-48d4-abcc-712c6ce0d0d3\", \"root\": false, \"type\": \"setValue\", \"cached\": false, \"target\": \"/Vars/ToxicityNotifyThreshold\", \"mapNull\": false, \"disabled\": false, \"extractXml\": false, \"extractJson\": false, \"targetOrder\": 1.0, \"targetValue\": \"0.4\", \"mapEmptyString\": false, \"targetJavaType\": \"java.lang.Float\", \"variableSubstitution\": false}}, {\"map\": {\"id\": \"eb31cbf6-36af-431e-a1e0-63c810d1008a\", \"root\": false, \"type\": \"setValue\", \"cached\": false, \"target\": \"/Vars/shouldAutoApprove\", \"mapNull\": false, \"disabled\": false, \"extractXml\": false, \"extractJson\": false, \"targetOrder\": 1.0, \"targetValue\": \"true\", \"mapEmptyString\": false, \"targetJavaType\": \"java.lang.Boolean\", \"variableSubstitution\": false}}, {\"map\": {\"id\": \"5abd194c-29ef-493a-a8c9-ba4635b37a61\", \"root\": false, \"type\": \"setValue\", \"cached\": false, \"target\": \"/Vars/centralBaseURL\", \"mapNull\": false, \"disabled\": false, \"extractXml\": false, \"extractJson\": false, \"targetOrder\": 1.0, \"targetValue\": \"https://apicentral.axway.com\", \"mapEmptyString\": false, \"targetJavaType\": \"java.lang.String\", \"variableSubstitution\": false}}, {\"map\": {\"id\": \"1220658f-05fb-4aa1-ad5a-52fdba5410ce\", \"root\": false, \"type\": \"setValue\", \"cached\": false, \"target\": \"/Vars/PiiReferenceURL\", \"mapNull\": false, \"disabled\": false, \"extractXml\": false, \"extractJson\": false, \"targetOrder\": 1.0, \"targetValue\": \"https://docs.aws.amazon.com/comprehend/latest/dg/how-pii.html\", \"mapEmptyString\": false, \"targetJavaType\": \"java.lang.String\", \"variableSubstitution\": false}}, {\"map\": {\"id\": \"931a39d2-9db0-4bf5-9317-5f70e1b91525\", \"root\": false, \"type\": \"setValue\", \"cached\": false, \"target\": \"/Vars/ToxicityReferenceURL\", \"mapNull\": false, \"disabled\": false, \"extractXml\": false, \"extractJson\": false, \"targetOrder\": 1.0, \"targetValue\": \"https://aws.amazon.com/blogs/machine-learning/flag-harmful-content-using-amazon-comprehend-toxicity-detection/\", \"mapEmptyString\": false, \"targetJavaType\": \"java.lang.String\", \"variableSubstitution\": false}}, {\"map\": {\"id\": \"7c38ccc7-d447-4643-9f2c-d9ac0da4a90c\", \"root\": false, \"type\": \"setValue\", \"cached\": false, \"target\": \"/Vars/SentimentReferenceURL\", \"mapNull\": false, \"disabled\": false, \"extractXml\": false, \"extractJson\": false, \"targetOrder\": 1.0, \"targetValue\": \"https://docs.aws.amazon.com/comprehend/latest/dg/how-sentiment.html\", \"mapEmptyString\": false, \"targetJavaType\": \"java.lang.String\", \"variableSubstitution\": false}}, {\"map\": {\"id\": \"1b84c78d-af21-4981-9f9b-21f6b664674c\", \"root\": false, \"type\": \"setValue\", \"cached\": false, \"target\": \"/Vars/ReportsFolder\", \"mapNull\": false, \"disabled\": false, \"extractXml\": false, \"extractJson\": false, \"targetOrder\": 1.0, \"targetValue\": \"ModeratedReviewReports\", \"mapEmptyString\": false, \"targetJavaType\": \"java.lang.String\", \"variableSubstitution\": false}}, {\"map\": {\"id\": \"e91763b2-358c-40e4-9337-81a07009723e\", \"root\": false, \"type\": \"setValue\", \"cached\": false, \"target\": \"/Vars/ReportFileName\", \"mapNull\": false, \"disabled\": false, \"extractXml\": false, \"extractJson\": false, \"targetOrder\": 1.0, \"targetValue\": \"ModeratedReviewReport\", \"mapEmptyString\": false, \"targetJavaType\": \"java.lang.String\", \"variableSubstitution\": false}}, {\"map\": {\"id\": \"9ab4a2b4-543d-4971-ae9f-141141754701\", \"root\": false, \"type\": \"setValue\", \"cached\": false, \"target\": \"/Vars/ReportBaseURL\", \"mapNull\": false, \"disabled\": false, \"extractXml\": false, \"extractJson\": false, \"targetOrder\": 1.0, \"targetValue\": \"https://lbfiletest.s3.amazonaws.com\", \"mapEmptyString\": false, \"targetJavaType\": \"java.lang.String\", \"variableSubstitution\": false}}, {\"map\": {\"id\": \"abf96091-47a6-48f5-b233-8648c4ea9c9f\", \"root\": false, \"type\": \"setValue\", \"cached\": false, \"target\": \"/Vars/S3Bucket\", \"mapNull\": false, \"disabled\": false, \"extractXml\": false, \"extractJson\": false, \"targetOrder\": 1.0, \"targetValue\": \"lbfiletest\", \"mapEmptyString\": false, \"targetJavaType\": \"java.lang.String\", \"variableSubstitution\": false}}, {\"map\": {\"id\": \"6ec96494-09db-44a6-bb74-2538e8368010\", \"root\": false, \"type\": \"setValue\", \"cached\": false, \"target\": \"/Vars/isSentimentDetected\", \"mapNull\": false, \"disabled\": false, \"extractXml\": false, \"extractJson\": false, \"targetOrder\": 1.0, \"targetValue\": \"false\", \"mapEmptyString\": false, \"targetJavaType\": \"java.lang.Boolean\", \"variableSubstitution\": false}}, {\"map\": {\"id\": \"5c8d7441-6fbd-4ecb-afe6-3a9f1f888aef\", \"root\": false, \"type\": \"setValue\", \"cached\": false, \"target\": \"/Vars/isToxicityDetected\", \"mapNull\": false, \"disabled\": false, \"extractXml\": false, \"extractJson\": false, \"targetOrder\": 1.0, \"targetValue\": \"false\", \"mapEmptyString\": false, \"targetJavaType\": \"java.lang.Boolean\", \"variableSubstitution\": false}}, {\"map\": {\"id\": \"d2d1b196-7b6b-487e-b44d-4b5e6fe87424\", \"root\": false, \"type\": \"setValue\", \"cached\": false, \"target\": \"/Vars/isPiiDetected\", \"mapNull\": false, \"disabled\": false, \"extractXml\": false, \"extractJson\": false, \"targetOrder\": 1.0, \"targetValue\": \"false\", \"mapEmptyString\": false, \"targetJavaType\": \"java.lang.Boolean\", \"variableSubstitution\": false}}]}",
    "null" : false
  },
  "component_id" : "8ac5fe03-27a2-4e6a-a449-6a8893818223",
  "service_id" : "f445fcfe-69a9-42fa-b75e-a8632dd99678",
  "endpoint_id" : null,
  "parent_component_config_id" : null,
  "component_config_order" : 2.0,
  "action_id" : "06843b78-eab0-45da-afab-8c8277d7553f",
  "name" : "Declare vars and prepare review text",
  "description" : "",
  "override_endpoint" : false,
  "input_structure_json" : {
    "type" : "jsonb",
    "value" : "{\"maps\": [], \"mappedNodes\": [\"/MSTeamsBodypipeOut\", \"/MSTeamsBodypipeOut\", \"/MSTeamsBodypipeOut\", \"/MSTeamsBodypipeOut\", \"/MSTeamsBodySectionpipeOut\", \"/MSTeamsBodySectionpipeOut\", \"/MSTeamsBodySectionpipeOut\", \"/MSTeamsBodySectionpipeOut\", \"/MSTeamsBodypipeOut\", \"/MSTeamsBodypipeOut\", \"/MSTeamsBodypipeOut\", \"/MSTeamsBodypipeOut\", \"/MSTeamsBodypipeOut\", \"/MSTeamsBodySectionpipeOut\", \"/MSTeamsBodySectionpipeOut\", \"/MSTeamsBodySectionpipeOut\", \"/MSTeamsBodySectionpipeOut\", \"/Vars/shouldAutoApprovepipeOut\", \"/MSTeamsBodypipeOut\", \"/MSTeamsBodypipeOut\", \"/MSTeamsBodypipeOut\", \"/MSTeamsBodypipeOut\", \"/MSTeamsBodySectionpipeOut\", \"/MSTeamsBodySectionpipeOut\", \"/MSTeamsBodySectionpipeOut\", \"/MSTeamsBodySectionpipeOut\", \"/AmplifyProductReviewPayloadParserOutput/AmplifyProductReviewPayload/payload/title pipeIn\", \"/STRING_CONCAT_INPUT/inputString0\", \"/STRING_CONCAT_INPUT/concatWith\", \"/STRING_CONCAT_INPUT\", \"/STRING_CONCAT_OUTPUT/output0\", \"/Vars/ReviewTextpipeOut\", \"/MSTeamsBodypipeOut\", \"/MSTeamsBodypipeOut\", \"/MSTeamsBodypipeOut\", \"/MSTeamsBodypipeOut\", \"/MSTeamsBodySectionpipeOut\", \"/MSTeamsBodySectionpipeOut\", \"/MSTeamsBodySectionpipeOut\", \"/MSTeamsBodySectionpipeOut\", \"/MSTeamsBodySection/activitySubtitlepipeOut\", \"/MSTeamsBodySectionpipeOut\", \"/MSTeamsBodypipeOut\", \"/MSTeamsBodypipeOut\", \"/MSTeamsBodypipeOut\", \"/MSTeamsBodypipeOut\", \"/MSTeamsBodySectionpipeOut\", \"/MSTeamsBodySectionpipeOut\", \"/MSTeamsBodySectionpipeOut\", \"/MSTeamsBodySectionpipeOut\", \"/Vars/centralBaseURLpipeOut\", \"/MSTeamsBodySection/activitySubtitlepipeOut\", \"/MSTeamsBodySectionpipeOut\", \"/MSTeamsBodypipeOut\", \"/MSTeamsBodypipeOut\", \"/MSTeamsBodypipeOut\", \"/MSTeamsBodypipeOut\", \"/MSTeamsBodySectionpipeOut\", \"/MSTeamsBodySectionpipeOut\", \"/MSTeamsBodySectionpipeOut\", \"/MSTeamsBodySectionpipeOut\", \"/Vars/centralBaseURLpipeOut\", \"/MSTeamsBodypipeOut\", \"/MSTeamsBodypipeOut\", \"/MSTeamsBodypipeOut\", \"/MSTeamsBodypipeOut\", \"/MSTeamsBodySectionpipeOut\", \"/MSTeamsBodySectionpipeOut\", \"/MSTeamsBodySectionpipeOut\", \"/MSTeamsBodySectionpipeOut\", \"/MSTeamsBodySection/activitySubtitlepipeOut\", \"/MSTeamsBodySectionpipeOut\", \"/MSTeamsBodySection/activitySubtitlepipeOut\", \"/MSTeamsBodySectionpipeOut\", \"/MSTeamsBodypipeOut\", \"/MSTeamsBodypipeOut\", \"/MSTeamsBodypipeOut\", \"/MSTeamsBodypipeOut\", \"/MSTeamsBodySectionpipeOut\", \"/MSTeamsBodySectionpipeOut\", \"/MSTeamsBodySectionpipeOut\", \"/MSTeamsBodySectionpipeOut\", \"/AmplifyProductReviewPayloadParserOutput/AmplifyProductReviewPayload/payload/title pipeIn\", \"/Vars/Review TitlepipeOut\", \"/AmplifyProductReviewPayloadParserOutput/AmplifyProductReviewPayload/payload/spec/comment pipeIn\", \"/Vars/ReviewCommentpipeOut\", \"/AmplifyProductReviewPayloadParserOutput/AmplifyProductReviewPayload/payload/metadata/selfLink pipeIn\", \"/Vars/ReviewSelfLinkpipeOut\", \"/AmplifyProductReviewPayloadParserOutput/AmplifyProductReviewPayload/payload/metadata/scope/title pipeIn\", \"/Vars/ProductNamepipeOut\", \"/MSTeamsBodypipeOut\", \"/MSTeamsBodypipeOut\", \"/MSTeamsBodypipeOut\", \"/MSTeamsBodypipeOut\", \"/MSTeamsBodySectionpipeOut\", \"/MSTeamsBodySectionpipeOut\", \"/MSTeamsBodySectionpipeOut\", \"/MSTeamsBodySectionpipeOut\", \"/MSTeamsBodypipeOut\", \"/MSTeamsBodypipeOut\", \"/MSTeamsBodypipeOut\", \"/MSTeamsBodypipeOut\", \"/MSTeamsBodySectionpipeOut\", \"/MSTeamsBodySectionpipeOut\", \"/MSTeamsBodySectionpipeOut\", \"/MSTeamsBodySectionpipeOut\", \"/Vars/PiiReferenceURLpipeOut\", \"/Vars/ToxicityReferenceURLpipeOut\", \"/Vars/SentimentReferenceURLpipeOut\", \"/MSTeamsBodypipeOut\", \"/MSTeamsBodypipeOut\", \"/MSTeamsBodypipeOut\", \"/MSTeamsBodypipeOut\", \"/MSTeamsBodySectionpipeOut\", \"/MSTeamsBodySectionpipeOut\", \"/MSTeamsBodySectionpipeOut\", \"/MSTeamsBodySectionpipeOut\", \"/MSTeamsBodypipeOut\", \"/MSTeamsBodypipeOut\", \"/MSTeamsBodypipeOut\", \"/MSTeamsBodypipeOut\", \"/MSTeamsBodySectionpipeOut\", \"/MSTeamsBodySectionpipeOut\", \"/MSTeamsBodySectionpipeOut\", \"/MSTeamsBodySectionpipeOut\", \"/Vars/ReportsFolderpipeOut\", \"/Vars/ReportFileNamepipeOut\", \"/MSTeamsBodypipeOut\", \"/MSTeamsBodypipeOut\", \"/MSTeamsBodypipeOut\", \"/MSTeamsBodypipeOut\", \"/MSTeamsBodySectionpipeOut\", \"/MSTeamsBodySectionpipeOut\", \"/MSTeamsBodySectionpipeOut\", \"/MSTeamsBodySectionpipeOut\", \"/Vars/ReportBaseURLpipeOut\", \"/MSTeamsBodypipeOut\", \"/MSTeamsBodypipeOut\", \"/MSTeamsBodypipeOut\", \"/MSTeamsBodypipeOut\", \"/MSTeamsBodySectionpipeOut\", \"/MSTeamsBodySectionpipeOut\", \"/MSTeamsBodySectionpipeOut\", \"/MSTeamsBodySectionpipeOut\", \"/Vars/ReportsFolderpipeOut\", \"/MSTeamsBodypipeOut\", \"/MSTeamsBodypipeOut\", \"/MSTeamsBodypipeOut\", \"/MSTeamsBodypipeOut\", \"/MSTeamsBodySectionpipeOut\", \"/MSTeamsBodySectionpipeOut\", \"/MSTeamsBodySectionpipeOut\", \"/MSTeamsBodySectionpipeOut\", \"/Vars/ReportBaseURLpipeOut\", \"/MSTeamsBodypipeOut\", \"/MSTeamsBodypipeOut\", \"/MSTeamsBodypipeOut\", \"/MSTeamsBodypipeOut\", \"/MSTeamsBodySectionpipeOut\", \"/MSTeamsBodySectionpipeOut\", \"/MSTeamsBodySectionpipeOut\", \"/MSTeamsBodySectionpipeOut\", \"/Vars/S3BucketpipeOut\", \"/MSTeamsBodypipeOut\", \"/MSTeamsBodypipeOut\", \"/MSTeamsBodypipeOut\", \"/MSTeamsBodypipeOut\", \"/MSTeamsBodySectionpipeOut\", \"/MSTeamsBodySectionpipeOut\", \"/MSTeamsBodySectionpipeOut\", \"/MSTeamsBodySectionpipeOut\", \"/LastRunDt-AmplifyCentralIntegrationExamples-Marketplace Review Notifier Approver pipeIn\", \"/STRING_REPLACE_INPUT/inputString1\", \"/STRING_REPLACE_INPUT/searchValue\", \"/STRING_REPLACE_INPUT\", \"/STRING_REPLACE_INPUT/replaceWith\", \"/STRING_REPLACE_INPUT\", \"/STRING_REPLACE_OUTPUT/output1\", \"/Vars/DtTmStamppipeOut\", \"/MSTeamsBodypipeOut\", \"/MSTeamsBodypipeOut\", \"/MSTeamsBodypipeOut\", \"/MSTeamsBodypipeOut\", \"/VarspipeOut\", \"/MSTeamsBodySectionpipeOut\", \"/MSTeamsBodySectionpipeOut\", \"/MSTeamsBodySectionpipeOut\", \"/MSTeamsBodySectionpipeOut\", \"/VarspipeOut\", \"/VarspipeOut\", \"/VarspipeOut\", \"/VarspipeOut\", \"/VarspipeOut\", \"/VarspipeOut\", \"/VarspipeOut\", \"/VarspipeOut\", \"/VarspipeOut\", \"/VarspipeOut\", \"/VarspipeOut\", \"/MSTeamsBodypipeOut\", \"/MSTeamsBodypipeOut\", \"/MSTeamsBodypipeOut\", \"/MSTeamsBodypipeOut\", \"/VarspipeOut\", \"/MSTeamsBodySectionpipeOut\", \"/MSTeamsBodySectionpipeOut\", \"/MSTeamsBodySectionpipeOut\", \"/MSTeamsBodySectionpipeOut\", \"/VarspipeOut\", \"/VarspipeOut\", \"/VarspipeOut\", \"/VarspipeOut\", \"/VarspipeOut\", \"/VarspipeOut\", \"/VarspipeOut\", \"/VarspipeOut\", \"/VarspipeOut\", \"/VarspipeOut\", \"/VarspipeOut\", \"/Vars/isSentimentDetectedpipeOut\", \"/VarspipeOut\", \"/Vars/isToxicityDetectedpipeOut\", \"/VarspipeOut\", \"/Vars/isPiiDetectedpipeOut\", \"/VarspipeOut\"]}",
    "null" : false
  },
  "output_structure_json" : {
    "type" : "jsonb",
    "value" : "{\"maps\": [{\"/MSTeamsBody/@type\": [{\"type\": \"setValue\", \"order\": 1, \"target\": {\"path\": \"/MSTeamsBody/@type\", \"order\": 1, \"title\": \"@type\", \"dataElementType\": \"string\"}, \"values\": [{\"id\": \"c75d08b2-5020-4225-9863-e536a2b14984\", \"key\": \"/MSTeamsBody/@type\", \"type\": \"string\", \"order\": 1, \"title\": \"@type\", \"isLeaf\": true, \"setValue\": null, \"uiElement\": \"MessageCard\", \"isSetValue\": false, \"hasChildren\": false, \"isChildrenSet\": false, \"dataElementType\": \"string\"}], \"mapCondition\": {\"isConditionSet\": false, \"sourceTreeIndex\": [], \"targetTreeIndex\": [], \"mapConditionFormValue\": {}}, \"dataElementType\": \"string\", \"variableSubstitution\": false, \"overwritePipelineValue\": false}]}, {\"/MSTeamsBody/@context\": [{\"type\": \"setValue\", \"order\": 2, \"target\": {\"path\": \"/MSTeamsBody/@context\", \"order\": 2, \"title\": \"@context\", \"dataElementType\": \"string\"}, \"values\": [{\"id\": \"b45f7f5a-6606-44e7-a4fe-9dda8f1843b9\", \"key\": \"/MSTeamsBody/@context\", \"type\": \"string\", \"order\": 2, \"title\": \"@context\", \"isLeaf\": true, \"setValue\": null, \"uiElement\": \"http://schema.org/extensions\", \"isSetValue\": false, \"hasChildren\": false, \"isChildrenSet\": false, \"dataElementType\": \"string\"}], \"mapCondition\": {\"isConditionSet\": false, \"sourceTreeIndex\": [], \"targetTreeIndex\": [], \"mapConditionFormValue\": {}}, \"dataElementType\": \"string\", \"variableSubstitution\": false, \"overwritePipelineValue\": false}]}, {\"/MSTeamsBody/themeColor\": [{\"type\": \"setValue\", \"order\": 3, \"target\": {\"path\": \"/MSTeamsBody/themeColor\", \"order\": 3, \"title\": \"themeColor\", \"dataElementType\": \"string\"}, \"values\": [{\"id\": \"25e787c1-7f8e-4775-91a8-825d84bcfb0a\", \"key\": \"/MSTeamsBody/themeColor\", \"type\": \"string\", \"order\": 3, \"title\": \"themeColor\", \"isLeaf\": true, \"setValue\": null, \"uiElement\": \"0076D7\", \"isSetValue\": false, \"hasChildren\": false, \"isChildrenSet\": false, \"dataElementType\": \"string\"}], \"mapCondition\": {\"isConditionSet\": false, \"sourceTreeIndex\": [], \"targetTreeIndex\": [], \"mapConditionFormValue\": {}}, \"dataElementType\": \"string\", \"variableSubstitution\": false, \"overwritePipelineValue\": false}]}, {\"/MSTeamsBody/summary\": [{\"type\": \"setValue\", \"order\": 4, \"target\": {\"path\": \"/MSTeamsBody/summary\", \"order\": 4, \"title\": \"summary\", \"dataElementType\": \"string\"}, \"values\": [{\"id\": \"ccdd0c9d-c1e9-4aca-8c99-12753238310e\", \"key\": \"/MSTeamsBody/summary\", \"type\": \"string\", \"order\": 4, \"title\": \"summary\", \"isLeaf\": true, \"setValue\": null, \"uiElement\": \"Marketplace Product Review\", \"isSetValue\": false, \"hasChildren\": false, \"isChildrenSet\": false, \"dataElementType\": \"string\"}], \"mapCondition\": {\"isConditionSet\": false, \"sourceTreeIndex\": [], \"targetTreeIndex\": [], \"mapConditionFormValue\": {}}, \"dataElementType\": \"string\", \"variableSubstitution\": false, \"overwritePipelineValue\": false}]}, {\"/Vars/shouldNotify\": [{\"type\": \"setValue\", \"order\": 1, \"target\": {\"path\": \"/Vars/shouldNotify\", \"order\": 1, \"title\": \"shouldNotify\", \"dataElementType\": \"boolean\"}, \"values\": [{\"id\": \"6da80ac1-f9e2-4b2c-aaa3-89d6d38c0350\", \"key\": \"/Vars/shouldNotify\", \"type\": \"node\", \"order\": 1, \"title\": \"shouldNotify\", \"children\": [], \"setValue\": \"false\", \"editAllow\": true, \"uiElement\": \"false\", \"isSetValue\": false, \"dataElementType\": \"boolean\", \"componentConfigId\": \"7d4c8bb8-0a06-41cb-b488-03c5c40562a5\", \"componentConfigName\": \"Map\"}], \"mapCondition\": {\"isConditionSet\": false, \"sourceTreeIndex\": [], \"targetTreeIndex\": [], \"mapConditionFormValue\": {}}, \"dataElementType\": \"boolean\", \"variableSubstitution\": false, \"overwritePipelineValue\": false}]}, {\"/MSTeamsBodySection/activityTitle\": [{\"type\": \"setValue\", \"order\": 1, \"target\": {\"path\": \"/MSTeamsBodySection/activityTitle\", \"order\": 1, \"title\": \"activityTitle\", \"dataElementType\": \"string\"}, \"values\": [{\"id\": \"a59d9b1e-35db-4ee5-ada1-d18e5aff6772\", \"key\": \"/MSTeamsBodySection/activityTitle\", \"type\": \"string\", \"order\": 1, \"title\": \"activityTitle\", \"isLeaf\": true, \"setValue\": null, \"uiElement\": \"Marketplace Product Review\", \"isSetValue\": false, \"hasChildren\": false, \"isChildrenSet\": false, \"dataElementType\": \"string\"}], \"mapCondition\": {\"isConditionSet\": false, \"sourceTreeIndex\": [], \"targetTreeIndex\": [], \"mapConditionFormValue\": {}}, \"dataElementType\": \"string\", \"variableSubstitution\": false, \"overwritePipelineValue\": false}]}, {\"/MSTeamsBodySection/activitySubtitle\": [{\"type\": \"setValue\", \"order\": 2, \"target\": {\"path\": \"/MSTeamsBodySection/activitySubtitle\", \"order\": 2, \"title\": \"activitySubtitle\", \"dataElementType\": \"string\"}, \"values\": [{\"id\": \"6417a853-1b71-4c88-a825-2245b3388b0b\", \"key\": \"/MSTeamsBodySection/activitySubtitle\", \"type\": \"string\", \"order\": 2, \"title\": \"activitySubtitle\", \"isLeaf\": true, \"setValue\": null, \"uiElement\": \"Moderated Content Detected for Product Review\", \"isSetValue\": false, \"hasChildren\": false, \"isChildrenSet\": false, \"dataElementType\": \"string\"}], \"mapCondition\": {\"isConditionSet\": false, \"sourceTreeIndex\": [], \"targetTreeIndex\": [], \"mapConditionFormValue\": {}}, \"dataElementType\": \"string\", \"variableSubstitution\": false, \"overwritePipelineValue\": false}]}, {\"/MSTeamsBodySection/activityImage\": [{\"type\": \"setValue\", \"order\": 3, \"target\": {\"path\": \"/MSTeamsBodySection/activityImage\", \"order\": 3, \"title\": \"activityImage\", \"dataElementType\": \"string\"}, \"values\": [{\"id\": \"745b82b7-f8c7-456d-a0ad-5f362d675d3a\", \"key\": \"/MSTeamsBodySection/activityImage\", \"type\": \"string\", \"order\": 3, \"title\": \"activityImage\", \"isLeaf\": true, \"setValue\": null, \"uiElement\": \"https://i.imgur.com/oMi8AI6.png\", \"isSetValue\": false, \"hasChildren\": false, \"isChildrenSet\": false, \"dataElementType\": \"string\"}], \"mapCondition\": {\"isConditionSet\": false, \"sourceTreeIndex\": [], \"targetTreeIndex\": [], \"mapConditionFormValue\": {}}, \"dataElementType\": \"string\", \"variableSubstitution\": false, \"overwritePipelineValue\": false}]}, {\"/MSTeamsBodySection/markdown\": [{\"type\": \"setValue\", \"order\": 7, \"target\": {\"path\": \"/MSTeamsBodySection/markdown\", \"order\": 7, \"title\": \"markdown\", \"dataElementType\": \"boolean\"}, \"values\": [{\"id\": \"003714d5-678e-46ba-bd43-bda58cbc2740\", \"key\": \"/MSTeamsBodySection/markdown\", \"type\": \"boolean\", \"order\": 7, \"title\": \"markdown\", \"isLeaf\": true, \"setValue\": \"true\", \"uiElement\": \"true\", \"isSetValue\": false, \"hasChildren\": false, \"isChildrenSet\": false, \"dataElementType\": \"boolean\"}], \"mapCondition\": {\"isConditionSet\": false, \"sourceTreeIndex\": [], \"targetTreeIndex\": [], \"mapConditionFormValue\": {}}, \"dataElementType\": \"boolean\", \"variableSubstitution\": false, \"overwritePipelineValue\": false}]}, {\"/Vars/SentimentNotifyList\": [{\"type\": \"setValue\", \"order\": 1, \"target\": {\"path\": \"/Vars/SentimentNotifyList\", \"order\": 1, \"title\": \"SentimentNotifyList\", \"dataElementType\": \"string\"}, \"values\": [{\"id\": \"5468b8e9-ba3f-4e27-912e-4382f214a6b1\", \"key\": \"/Vars/SentimentNotifyList\", \"type\": \"node\", \"order\": 1, \"title\": \"SentimentNotifyList\", \"children\": [], \"setValue\": null, \"editAllow\": true, \"uiElement\": \"NEGATIVE\", \"isSetValue\": false, \"dataElementType\": \"string\", \"componentConfigId\": \"7d4c8bb8-0a06-41cb-b488-03c5c40562a5\", \"componentConfigName\": \"Map\"}], \"mapCondition\": {\"isConditionSet\": false, \"sourceTreeIndex\": [], \"targetTreeIndex\": [], \"mapConditionFormValue\": {}}, \"dataElementType\": \"string\", \"variableSubstitution\": false, \"overwritePipelineValue\": false}]}, {\"/Vars/ToxicityNotifyThreshold\": [{\"type\": \"setValue\", \"order\": 1, \"target\": {\"path\": \"/Vars/ToxicityNotifyThreshold\", \"order\": 1, \"title\": \"ToxicityNotifyThreshold\", \"dataElementType\": \"number\"}, \"values\": [{\"id\": \"a472f976-1634-4d80-8e54-5577d616f0be\", \"key\": \"/Vars/ToxicityNotifyThreshold\", \"type\": \"node\", \"order\": 1, \"title\": \"ToxicityNotifyThreshold\", \"children\": [], \"setValue\": null, \"editAllow\": true, \"uiElement\": \"0.4\", \"isSetValue\": false, \"dataElementType\": \"number\", \"componentConfigId\": \"7d4c8bb8-0a06-41cb-b488-03c5c40562a5\", \"componentConfigName\": \"Map\"}], \"mapCondition\": {\"isConditionSet\": false, \"sourceTreeIndex\": [], \"targetTreeIndex\": [], \"mapConditionFormValue\": {}}, \"dataElementType\": \"number\", \"variableSubstitution\": false, \"overwritePipelineValue\": false}]}, {\"/Vars/shouldAutoApprove\": [{\"type\": \"setValue\", \"order\": 1, \"target\": {\"path\": \"/Vars/shouldAutoApprove\", \"order\": 1, \"title\": \"shouldAutoApprove\", \"dataElementType\": \"boolean\"}, \"values\": [{\"id\": \"a6e31ea8-3d76-4130-b525-2250d9fb5171\", \"key\": \"/Vars/shouldAutoApprove\", \"type\": \"node\", \"order\": 1, \"title\": \"shouldAutoApprove\", \"children\": [], \"setValue\": \"true\", \"editAllow\": true, \"uiElement\": \"true\", \"isSetValue\": false, \"dataElementType\": \"boolean\", \"componentConfigId\": \"7d4c8bb8-0a06-41cb-b488-03c5c40562a5\", \"componentConfigName\": \"Map\"}], \"mapCondition\": {\"isConditionSet\": false, \"sourceTreeIndex\": [], \"targetTreeIndex\": [], \"mapConditionFormValue\": {}}, \"dataElementType\": \"boolean\", \"variableSubstitution\": false, \"overwritePipelineValue\": false}]}, {\"/Vars/centralBaseURL\": [{\"type\": \"setValue\", \"order\": 1, \"target\": {\"path\": \"/Vars/centralBaseURL\", \"order\": 1, \"title\": \"centralBaseURL\", \"dataElementType\": \"string\"}, \"values\": [{\"id\": \"df92ea93-2905-4b73-a681-570dca7a32c3\", \"key\": \"/Vars/centralBaseURL\", \"type\": \"node\", \"order\": 1, \"title\": \"centralBaseURL\", \"children\": [], \"setValue\": null, \"editAllow\": true, \"uiElement\": \"https://apicentral.axway.com\", \"isSetValue\": false, \"dataElementType\": \"string\", \"componentConfigId\": \"7d4c8bb8-0a06-41cb-b488-03c5c40562a5\", \"componentConfigName\": \"Map\"}], \"mapCondition\": {\"isConditionSet\": false, \"sourceTreeIndex\": [], \"targetTreeIndex\": [], \"mapConditionFormValue\": {}}, \"dataElementType\": \"string\", \"variableSubstitution\": false, \"overwritePipelineValue\": false}]}, {\"/Vars/Review Title\": [{\"type\": \"map\", \"source\": {\"path\": \"/AmplifyProductReviewPayloadParserOutput/AmplifyProductReviewPayload/payload/title\", \"title\": \"title\", \"dataElementType\": \"string\"}, \"target\": {\"path\": \"/Vars/Review Title\", \"order\": 1, \"title\": \"Review Title\", \"dataElementType\": \"string\"}, \"mapCondition\": {\"isConditionSet\": false, \"sourceTreeIndex\": [], \"targetTreeIndex\": [], \"mapConditionFormValue\": {}}}]}, {\"/Vars/ReviewComment\": [{\"type\": \"map\", \"source\": {\"path\": \"/AmplifyProductReviewPayloadParserOutput/AmplifyProductReviewPayload/payload/spec/comment\", \"title\": \"comment\", \"dataElementType\": \"string\"}, \"target\": {\"path\": \"/Vars/ReviewComment\", \"order\": 1, \"title\": \"ReviewComment\", \"dataElementType\": \"string\"}, \"mapCondition\": {\"isConditionSet\": false, \"sourceTreeIndex\": [], \"targetTreeIndex\": [], \"mapConditionFormValue\": {}}}]}, {\"/Vars/ReviewSelfLink\": [{\"type\": \"map\", \"source\": {\"path\": \"/AmplifyProductReviewPayloadParserOutput/AmplifyProductReviewPayload/payload/metadata/selfLink\", \"title\": \"selfLink\", \"dataElementType\": \"string\"}, \"target\": {\"path\": \"/Vars/ReviewSelfLink\", \"order\": 1, \"title\": \"ReviewSelfLink\", \"dataElementType\": \"string\"}, \"mapCondition\": {\"isConditionSet\": false, \"sourceTreeIndex\": [], \"targetTreeIndex\": [], \"mapConditionFormValue\": {}}}]}, {\"/Vars/ProductName\": [{\"type\": \"map\", \"source\": {\"path\": \"/AmplifyProductReviewPayloadParserOutput/AmplifyProductReviewPayload/payload/metadata/scope/title\", \"title\": \"title\", \"dataElementType\": \"string\"}, \"target\": {\"path\": \"/Vars/ProductName\", \"order\": 1, \"title\": \"ProductName\", \"dataElementType\": \"string\"}, \"mapCondition\": {\"isConditionSet\": false, \"sourceTreeIndex\": [], \"targetTreeIndex\": [], \"mapConditionFormValue\": {}}}]}, {\"/Vars/PiiReferenceURL\": [{\"type\": \"setValue\", \"order\": 1, \"target\": {\"path\": \"/Vars/PiiReferenceURL\", \"order\": 1, \"title\": \"PiiReferenceURL\", \"dataElementType\": \"string\"}, \"values\": [{\"id\": \"fcca3a98-348c-424f-955e-b5f3a389684f\", \"key\": \"/Vars/PiiReferenceURL\", \"type\": \"node\", \"order\": 1, \"title\": \"PiiReferenceURL\", \"children\": [], \"setValue\": null, \"editAllow\": true, \"uiElement\": \"https://docs.aws.amazon.com/comprehend/latest/dg/how-pii.html\", \"isSetValue\": false, \"childrenSet\": false, \"hasChildren\": false, \"componentName\": \"Declare vars and prepare review text\", \"dataElementType\": \"string\", \"componentConfigId\": \"7d4c8bb8-0a06-41cb-b488-03c5c40562a5\", \"componentConfigName\": \"Map\"}], \"mapCondition\": {\"isConditionSet\": false, \"sourceTreeIndex\": [], \"targetTreeIndex\": [], \"mapConditionFormValue\": {}}, \"dataElementType\": \"string\", \"variableSubstitution\": false, \"overwritePipelineValue\": false}]}, {\"/Vars/ToxicityReferenceURL\": [{\"type\": \"setValue\", \"order\": 1, \"target\": {\"path\": \"/Vars/ToxicityReferenceURL\", \"order\": 1, \"title\": \"ToxicityReferenceURL\", \"dataElementType\": \"string\"}, \"values\": [{\"id\": \"07de2a2d-dfd0-4f45-b356-be0b4647477d\", \"key\": \"/Vars/ToxicityReferenceURL\", \"type\": \"node\", \"order\": 1, \"title\": \"ToxicityReferenceURL\", \"children\": [], \"setValue\": null, \"editAllow\": true, \"uiElement\": \"https://aws.amazon.com/blogs/machine-learning/flag-harmful-content-using-amazon-comprehend-toxicity-detection/\", \"isSetValue\": false, \"childrenSet\": false, \"hasChildren\": false, \"componentName\": \"Declare vars and prepare review text\", \"dataElementType\": \"string\", \"componentConfigId\": \"7d4c8bb8-0a06-41cb-b488-03c5c40562a5\", \"componentConfigName\": \"Map\"}], \"mapCondition\": {\"isConditionSet\": false, \"sourceTreeIndex\": [], \"targetTreeIndex\": [], \"mapConditionFormValue\": {}}, \"dataElementType\": \"string\", \"variableSubstitution\": false, \"overwritePipelineValue\": false}]}, {\"/Vars/SentimentReferenceURL\": [{\"type\": \"setValue\", \"order\": 1, \"target\": {\"path\": \"/Vars/SentimentReferenceURL\", \"order\": 1, \"title\": \"SentimentReferenceURL\", \"dataElementType\": \"string\"}, \"values\": [{\"id\": \"5e194c5f-a26d-4c7a-8464-3c415d82d648\", \"key\": \"/Vars/SentimentReferenceURL\", \"type\": \"node\", \"order\": 1, \"title\": \"SentimentReferenceURL\", \"children\": [], \"setValue\": null, \"editAllow\": true, \"uiElement\": \"https://docs.aws.amazon.com/comprehend/latest/dg/how-sentiment.html\", \"isSetValue\": false, \"childrenSet\": false, \"hasChildren\": false, \"componentName\": \"Declare vars and prepare review text\", \"dataElementType\": \"string\", \"componentConfigId\": \"7d4c8bb8-0a06-41cb-b488-03c5c40562a5\", \"componentConfigName\": \"Map\"}], \"mapCondition\": {\"isConditionSet\": false, \"sourceTreeIndex\": [], \"targetTreeIndex\": [], \"mapConditionFormValue\": {}}, \"dataElementType\": \"string\", \"variableSubstitution\": false, \"overwritePipelineValue\": false}]}, {\"/Vars/ReportsFolder\": [{\"type\": \"setValue\", \"order\": 1, \"target\": {\"path\": \"/Vars/ReportsFolder\", \"order\": 1, \"title\": \"ReportsFolder\", \"dataElementType\": \"string\"}, \"values\": [{\"id\": \"b91189b2-5ac0-4d73-8fc9-2c9b7ffdf60e\", \"key\": \"/Vars/ReportsFolder\", \"type\": \"node\", \"order\": 1, \"title\": \"ReportsFolder\", \"children\": [], \"setValue\": null, \"editAllow\": true, \"uiElement\": \"ModeratedReviewReports\", \"isSetValue\": false, \"dataElementType\": \"string\", \"componentConfigId\": \"7d4c8bb8-0a06-41cb-b488-03c5c40562a5\", \"componentConfigName\": \"Map\"}], \"mapCondition\": {\"isConditionSet\": false, \"sourceTreeIndex\": [], \"targetTreeIndex\": [], \"mapConditionFormValue\": {}}, \"dataElementType\": \"string\", \"variableSubstitution\": false, \"overwritePipelineValue\": false}]}, {\"/Vars/ReportFileName\": [{\"type\": \"setValue\", \"order\": 1, \"target\": {\"path\": \"/Vars/ReportFileName\", \"order\": 1, \"title\": \"ReportFileName\", \"dataElementType\": \"string\"}, \"values\": [{\"id\": \"a1640b62-fb8b-4b43-8dea-c7c7e2b6d0a8\", \"key\": \"/Vars/ReportFileName\", \"type\": \"node\", \"order\": 1, \"title\": \"ReportFileName\", \"children\": [], \"setValue\": null, \"editAllow\": true, \"uiElement\": \"ModeratedReviewReport\", \"isSetValue\": false, \"dataElementType\": \"string\", \"componentConfigId\": \"7d4c8bb8-0a06-41cb-b488-03c5c40562a5\", \"componentConfigName\": \"Map\"}], \"mapCondition\": {\"isConditionSet\": false, \"sourceTreeIndex\": [], \"targetTreeIndex\": [], \"mapConditionFormValue\": {}}, \"dataElementType\": \"string\", \"variableSubstitution\": false, \"overwritePipelineValue\": false}]}, {\"/Vars/ReportBaseURL\": [{\"type\": \"setValue\", \"order\": 1, \"target\": {\"path\": \"/Vars/ReportBaseURL\", \"order\": 1, \"title\": \"ReportBaseURL\", \"dataElementType\": \"string\"}, \"values\": [{\"id\": \"9fc59d75-d773-4434-8543-a6c4ee9faa84\", \"key\": \"/Vars/ReportBaseURL\", \"type\": \"node\", \"order\": 1, \"title\": \"ReportBaseURL\", \"children\": [], \"setValue\": null, \"editAllow\": true, \"uiElement\": \"https://lbfiletest.s3.amazonaws.com\", \"isSetValue\": false, \"dataElementType\": \"string\", \"componentConfigId\": \"7d4c8bb8-0a06-41cb-b488-03c5c40562a5\", \"componentConfigName\": \"Map\"}], \"mapCondition\": {\"isConditionSet\": false, \"sourceTreeIndex\": [], \"targetTreeIndex\": [], \"mapConditionFormValue\": {}}, \"dataElementType\": \"string\", \"variableSubstitution\": false, \"overwritePipelineValue\": false}]}, {\"/Vars/S3Bucket\": [{\"type\": \"setValue\", \"order\": 1, \"target\": {\"path\": \"/Vars/S3Bucket\", \"order\": 1, \"title\": \"S3Bucket\", \"dataElementType\": \"string\"}, \"values\": [{\"id\": \"71903862-e151-44fe-afea-35e136bc495a\", \"key\": \"/Vars/S3Bucket\", \"type\": \"node\", \"order\": 1, \"title\": \"S3Bucket\", \"children\": [], \"setValue\": null, \"editAllow\": true, \"uiElement\": \"lbfiletest\", \"isSetValue\": false, \"childrenSet\": false, \"hasChildren\": false, \"componentName\": \"Declare vars and prepare review text\", \"dataElementType\": \"string\", \"componentConfigId\": \"7d4c8bb8-0a06-41cb-b488-03c5c40562a5\", \"componentConfigName\": \"Map\"}], \"mapCondition\": {\"isConditionSet\": false, \"sourceTreeIndex\": [], \"targetTreeIndex\": [], \"mapConditionFormValue\": {}}, \"dataElementType\": \"string\", \"variableSubstitution\": false, \"overwritePipelineValue\": false}]}, {\"/Vars/isSentimentDetected\": [{\"type\": \"setValue\", \"order\": 1, \"target\": {\"path\": \"/Vars/isSentimentDetected\", \"order\": 1, \"title\": \"isSentimentDetected\", \"dataElementType\": \"boolean\"}, \"values\": [{\"id\": \"4c3f86a3-0723-466c-aff9-15b8a28f31e5\", \"key\": \"/Vars/isSentimentDetected\", \"type\": \"node\", \"order\": 1, \"title\": \"isSentimentDetected\", \"children\": [], \"setValue\": \"false\", \"editAllow\": true, \"uiElement\": \"false\", \"isSetValue\": false, \"dataElementType\": \"boolean\", \"componentConfigId\": \"7d4c8bb8-0a06-41cb-b488-03c5c40562a5\", \"componentConfigName\": \"Map\"}], \"mapCondition\": {\"isConditionSet\": false, \"sourceTreeIndex\": [], \"targetTreeIndex\": [], \"mapConditionFormValue\": {}}, \"dataElementType\": \"boolean\", \"variableSubstitution\": false, \"overwritePipelineValue\": false}]}, {\"/Vars/isToxicityDetected\": [{\"type\": \"setValue\", \"order\": 1, \"target\": {\"path\": \"/Vars/isToxicityDetected\", \"order\": 1, \"title\": \"isToxicityDetected\", \"dataElementType\": \"boolean\"}, \"values\": [{\"id\": \"ecea890a-99bf-437b-a637-77b724b59bac\", \"key\": \"/Vars/isToxicityDetected\", \"type\": \"node\", \"order\": 1, \"title\": \"isToxicityDetected\", \"children\": [], \"setValue\": \"false\", \"editAllow\": true, \"uiElement\": \"false\", \"isSetValue\": false, \"dataElementType\": \"boolean\", \"componentConfigId\": \"7d4c8bb8-0a06-41cb-b488-03c5c40562a5\", \"componentConfigName\": \"Map\"}], \"mapCondition\": {\"isConditionSet\": false, \"sourceTreeIndex\": [], \"targetTreeIndex\": [], \"mapConditionFormValue\": {}}, \"dataElementType\": \"boolean\", \"variableSubstitution\": false, \"overwritePipelineValue\": false}]}, {\"/Vars/isPiiDetected\": [{\"type\": \"setValue\", \"order\": 1, \"target\": {\"path\": \"/Vars/isPiiDetected\", \"order\": 1, \"title\": \"isPiiDetected\", \"dataElementType\": \"boolean\"}, \"values\": [{\"id\": \"c865ac3c-be79-4b32-b3ba-e2d763db74e1\", \"key\": \"/Vars/isPiiDetected\", \"type\": \"node\", \"order\": 1, \"title\": \"isPiiDetected\", \"children\": [], \"setValue\": \"false\", \"editAllow\": true, \"uiElement\": \"false\", \"isSetValue\": false, \"dataElementType\": \"boolean\", \"componentConfigId\": \"7d4c8bb8-0a06-41cb-b488-03c5c40562a5\", \"componentConfigName\": \"Map\"}], \"mapCondition\": {\"isConditionSet\": false, \"sourceTreeIndex\": [], \"targetTreeIndex\": [], \"mapConditionFormValue\": {}}, \"dataElementType\": \"boolean\", \"variableSubstitution\": false, \"overwritePipelineValue\": false}]}], \"tracks\": {}, \"transformer\": [{\"inputs\": {\"/STRING_CONCAT_INPUT/concatWith\": [{\"type\": \"setValue\", \"target\": {\"path\": \"/STRING_CONCAT_INPUT/concatWith\", \"order\": \"\", \"title\": \"concatWith\", \"dataElementType\": \"string\"}, \"values\": [{\"id\": \"b0d54f2e-7a6b-4bf4-bb8a-84d19e588907\", \"key\": \"/STRING_CONCAT_INPUT/concatWith\", \"type\": \"string\", \"title\": \"concatWith\", \"isLeaf\": true, \"secret\": false, \"children\": [], \"setValue\": null, \"uiElement\": \" \", \"isSetValue\": false, \"dataElementType\": \"string\"}], \"mapCondition\": {\"isConditionSet\": false, \"sourceTreeIndex\": [], \"targetTreeIndex\": [], \"mapConditionFormValue\": {}}, \"variableSubstitution\": false, \"overwritePipelineValue\": false}], \"/STRING_CONCAT_INPUT/inputString\": [{\"type\": \"map\", \"source\": {\"path\": \"/AmplifyProductReviewPayloadParserOutput/AmplifyProductReviewPayload/payload/title\", \"title\": \"title\", \"dataElementType\": \"string\"}, \"target\": {\"path\": \"/STRING_CONCAT_INPUT/inputString\", \"title\": \"inputString\", \"dataElementType\": \"string\"}, \"mapCondition\": {\"isConditionSet\": false, \"sourceTreeIndex\": [], \"targetTreeIndex\": [], \"mapConditionFormValue\": {}}}]}, \"outputs\": {\"/Vars/ReviewText\": [{\"type\": \"map\", \"source\": {\"path\": \"/STRING_CONCAT_OUTPUT/output\", \"title\": \"output\", \"dataElementType\": \"string\"}, \"target\": {\"path\": \"/Vars/ReviewText\", \"order\": 1, \"title\": \"ReviewText\", \"dataElementType\": \"string\"}, \"mapCondition\": {\"isConditionSet\": false, \"sourceTreeIndex\": [], \"targetTreeIndex\": [], \"mapConditionFormValue\": {}}}]}, \"functionInfo\": {\"id\": \"bd6ba1a8-5b3a-4089-98f9-7eb3b692209b\", \"name\": \"Concat\", \"category\": {\"id\": \"7e335ebf-c122-41de-a87f-8e4cb8f39ff6\"}, \"internalName\": \"STRING_CONCAT\"}}, {\"inputs\": {\"/STRING_REPLACE_INPUT/inputString\": [{\"type\": \"map\", \"source\": {\"path\": \"/LastRunDt-AmplifyCentralIntegrationExamples-Marketplace Review Notifier Approver\", \"title\": \"LastRunDt-AmplifyCentralIntegrationExamples-Marketplace Review Notifier Approver\", \"dataElementType\": \"string\"}, \"target\": {\"path\": \"/STRING_REPLACE_INPUT/inputString\", \"title\": \"inputString\", \"dataElementType\": \"string\"}, \"mapCondition\": {\"isConditionSet\": false, \"sourceTreeIndex\": [], \"targetTreeIndex\": [], \"mapConditionFormValue\": {}}}], \"/STRING_REPLACE_INPUT/replaceWith\": [{\"type\": \"setValue\", \"target\": {\"path\": \"/STRING_REPLACE_INPUT/replaceWith\", \"order\": \"\", \"title\": \"replaceWith\", \"dataElementType\": \"string\"}, \"values\": [{\"id\": \"e4fd0925-2e65-4bb0-99ef-a6b6f9b4b9aa\", \"key\": \"/STRING_REPLACE_INPUT/replaceWith\", \"type\": \"string\", \"title\": \"replaceWith\", \"isLeaf\": true, \"secret\": false, \"children\": [], \"setValue\": null, \"uiElement\": \"-\", \"isSetValue\": false, \"dataElementType\": \"string\"}], \"mapCondition\": {\"isConditionSet\": false, \"sourceTreeIndex\": [], \"targetTreeIndex\": [], \"mapConditionFormValue\": {}}, \"variableSubstitution\": false, \"overwritePipelineValue\": false}], \"/STRING_REPLACE_INPUT/searchValue\": [{\"type\": \"setValue\", \"target\": {\"path\": \"/STRING_REPLACE_INPUT/searchValue\", \"order\": \"\", \"title\": \"searchValue\", \"dataElementType\": \"string\"}, \"values\": [{\"id\": \"51ba1610-c209-4298-a9df-f7acb54a14fb\", \"key\": \"/STRING_REPLACE_INPUT/searchValue\", \"type\": \"string\", \"title\": \"searchValue\", \"isLeaf\": true, \"secret\": false, \"children\": [], \"setValue\": null, \"uiElement\": \" \", \"isSetValue\": false, \"dataElementType\": \"string\"}], \"mapCondition\": {\"isConditionSet\": false, \"sourceTreeIndex\": [], \"targetTreeIndex\": [], \"mapConditionFormValue\": {}}, \"variableSubstitution\": false, \"overwritePipelineValue\": false}]}, \"outputs\": {\"/Vars/DtTmStamp\": [{\"type\": \"map\", \"source\": {\"path\": \"/STRING_REPLACE_OUTPUT/output\", \"title\": \"output\", \"dataElementType\": \"string\"}, \"target\": {\"path\": \"/Vars/DtTmStamp\", \"order\": 1, \"title\": \"DtTmStamp\", \"dataElementType\": \"string\"}, \"mapCondition\": {\"isConditionSet\": false, \"sourceTreeIndex\": [], \"targetTreeIndex\": [], \"mapConditionFormValue\": {}}}]}, \"functionInfo\": {\"id\": \"98c40b6e-382e-49f4-bc8f-f4862bc82c5a\", \"name\": \"Replace\", \"category\": {\"id\": \"7e335ebf-c122-41de-a87f-8e4cb8f39ff6\"}, \"internalName\": \"STRING_REPLACE\"}}]}",
    "null" : false
  },
  "endpoint_structure_json" : {
    "type" : "jsonb",
    "value" : "{\"maps\": []}",
    "null" : false
  },
  "is_error" : false,
  "no_of_errors" : 0,
  "action_input_type" : null,
  "config_service_id" : null,
  "config_imap_id" : null,
  "config_b2b_document_type_id" : null,
  "config_document_id" : null,
  "add_variables" : {
    "type" : "jsonb",
    "value" : "[{\"id\": \"d010db7b-2647-4dc7-a9b9-727406da4fe5\", \"key\": \"/Vars\", \"type\": \"node\", \"order\": 1, \"title\": \"Vars\", \"value\": {\"type\": \"array\"}, \"children\": [{\"id\": \"f914f961-5892-441d-ab75-03515b46c835\", \"key\": \"/Vars/ReviewText\", \"type\": \"node\", \"order\": 1, \"title\": \"ReviewText\", \"value\": {\"type\": \"string\"}, \"children\": [], \"editAllow\": true, \"componentName\": \"Declare vars\", \"dataElementType\": \"string\", \"componentConfigId\": \"7d4c8bb8-0a06-41cb-b488-03c5c40562a5\", \"componentConfigName\": \"Map\"}, {\"id\": \"5121a69a-0798-4610-b7ad-453923ef0488\", \"key\": \"/Vars/shouldNotify\", \"type\": \"node\", \"order\": 1, \"title\": \"shouldNotify\", \"value\": {\"type\": \"boolean\"}, \"children\": [], \"editAllow\": true, \"componentName\": \"Declare vars\", \"dataElementType\": \"boolean\", \"componentConfigId\": \"7d4c8bb8-0a06-41cb-b488-03c5c40562a5\", \"componentConfigName\": \"Map\"}, {\"id\": \"d0c9cb16-1ffb-4934-bf6d-3683f1e2577c\", \"key\": \"/Vars/SentimentNotifyList\", \"type\": \"node\", \"order\": 1, \"title\": \"SentimentNotifyList\", \"value\": {\"type\": \"string\"}, \"children\": [], \"editAllow\": true, \"componentName\": \"Declare vars\", \"dataElementType\": \"string\", \"componentConfigId\": \"7d4c8bb8-0a06-41cb-b488-03c5c40562a5\", \"componentConfigName\": \"Map\"}, {\"id\": \"5066f9f3-71c9-4e25-a974-33991433fef2\", \"key\": \"/Vars/ToxicityNotifyThreshold\", \"type\": \"node\", \"order\": 1, \"title\": \"ToxicityNotifyThreshold\", \"value\": {\"type\": \"number\"}, \"children\": [], \"editAllow\": true, \"componentName\": \"Declare vars\", \"dataElementType\": \"number\", \"componentConfigId\": \"7d4c8bb8-0a06-41cb-b488-03c5c40562a5\", \"componentConfigName\": \"Map\"}, {\"id\": \"d48d7a97-a624-40d0-a845-26873989e4f1\", \"key\": \"/Vars/shouldAutoApprove\", \"type\": \"node\", \"order\": 1, \"title\": \"shouldAutoApprove\", \"value\": {\"type\": \"boolean\"}, \"children\": [], \"editAllow\": true, \"componentName\": \"Declare vars\", \"dataElementType\": \"boolean\", \"componentConfigId\": \"7d4c8bb8-0a06-41cb-b488-03c5c40562a5\", \"componentConfigName\": \"Map\"}, {\"id\": \"a212313d-8a95-497e-832c-9526d2d033f4\", \"key\": \"/Vars/centralBaseURL\", \"type\": \"node\", \"order\": 1, \"title\": \"centralBaseURL\", \"value\": {\"type\": \"string\"}, \"children\": [], \"editAllow\": true, \"componentName\": \"Declare vars\", \"dataElementType\": \"string\", \"componentConfigId\": \"7d4c8bb8-0a06-41cb-b488-03c5c40562a5\", \"componentConfigName\": \"Map\"}, {\"id\": \"8358334d-0103-40d0-8b5f-46c2d559df37\", \"key\": \"/Vars/Review Title\", \"type\": \"node\", \"order\": 1, \"title\": \"Review Title\", \"value\": {\"type\": \"string\"}, \"children\": [], \"editAllow\": true, \"componentName\": \"Declare vars\", \"dataElementType\": \"string\", \"componentConfigId\": \"7d4c8bb8-0a06-41cb-b488-03c5c40562a5\", \"componentConfigName\": \"Map\"}, {\"id\": \"9627f773-3cc3-4ae9-b851-916f05ec1f47\", \"key\": \"/Vars/ReviewComment\", \"type\": \"node\", \"order\": 1, \"title\": \"ReviewComment\", \"value\": {\"type\": \"string\"}, \"children\": [], \"editAllow\": true, \"componentName\": \"Declare vars\", \"dataElementType\": \"string\", \"componentConfigId\": \"7d4c8bb8-0a06-41cb-b488-03c5c40562a5\", \"componentConfigName\": \"Map\"}, {\"id\": \"7c36e7d5-e6c2-4f7a-829f-0ee8ca513971\", \"key\": \"/Vars/ReviewSelfLink\", \"type\": \"node\", \"order\": 1, \"title\": \"ReviewSelfLink\", \"value\": {\"type\": \"string\"}, \"children\": [], \"editAllow\": true, \"componentName\": \"Declare vars\", \"dataElementType\": \"string\", \"componentConfigId\": \"7d4c8bb8-0a06-41cb-b488-03c5c40562a5\", \"componentConfigName\": \"Map\"}, {\"id\": \"adebb884-178e-42fa-8ee0-fe3f9de482cb\", \"key\": \"/Vars/ReviewURL\", \"type\": \"node\", \"order\": 1, \"title\": \"ReviewURL\", \"value\": {\"type\": \"string\"}, \"children\": [], \"editAllow\": true, \"componentName\": \"Declare vars\", \"dataElementType\": \"string\", \"componentConfigId\": \"7d4c8bb8-0a06-41cb-b488-03c5c40562a5\", \"componentConfigName\": \"Map\"}, {\"id\": \"42c01b34-8157-40c9-b363-46dee8e10970\", \"key\": \"/Vars/ProductName\", \"type\": \"node\", \"order\": 1, \"title\": \"ProductName\", \"value\": {\"type\": \"string\"}, \"children\": [], \"editAllow\": true, \"componentName\": \"Declare vars\", \"dataElementType\": \"string\", \"componentConfigId\": \"7d4c8bb8-0a06-41cb-b488-03c5c40562a5\", \"componentConfigName\": \"Map\"}, {\"id\": \"caa8e41f-b82d-4275-8b84-e328689f6612\", \"key\": \"/Vars/ProductURL\", \"type\": \"node\", \"order\": 1, \"title\": \"ProductURL\", \"value\": {\"type\": \"string\"}, \"children\": [], \"editAllow\": true, \"componentName\": \"Declare vars\", \"dataElementType\": \"string\", \"componentConfigId\": \"7d4c8bb8-0a06-41cb-b488-03c5c40562a5\", \"componentConfigName\": \"Map\"}, {\"id\": \"cb851931-2a28-457f-8b20-4596cb26727b\", \"key\": \"/Vars/SentimentReferenceURL\", \"type\": \"node\", \"order\": 1, \"title\": \"SentimentReferenceURL\", \"value\": {\"type\": \"string\"}, \"children\": [], \"editAllow\": true, \"componentName\": \"Declare vars and prepare review text\", \"dataElementType\": \"string\", \"componentConfigId\": \"7d4c8bb8-0a06-41cb-b488-03c5c40562a5\", \"componentConfigName\": \"Map\"}, {\"id\": \"303ca74f-e93b-4275-9fc0-91c06562c53a\", \"key\": \"/Vars/ToxicityReferenceURL\", \"type\": \"node\", \"order\": 1, \"title\": \"ToxicityReferenceURL\", \"value\": {\"type\": \"string\"}, \"children\": [], \"editAllow\": true, \"componentName\": \"Declare vars and prepare review text\", \"dataElementType\": \"string\", \"componentConfigId\": \"7d4c8bb8-0a06-41cb-b488-03c5c40562a5\", \"componentConfigName\": \"Map\"}, {\"id\": \"9f11b4a1-b0c5-493c-97be-62c91760bfd5\", \"key\": \"/Vars/PiiReferenceURL\", \"type\": \"node\", \"order\": 1, \"title\": \"PiiReferenceURL\", \"value\": {\"type\": \"string\"}, \"children\": [], \"editAllow\": true, \"componentName\": \"Declare vars and prepare review text\", \"dataElementType\": \"string\", \"componentConfigId\": \"7d4c8bb8-0a06-41cb-b488-03c5c40562a5\", \"componentConfigName\": \"Map\"}, {\"id\": \"c628a80f-9df0-4d30-b105-b7118b01a67f\", \"key\": \"/Vars/S3Bucket\", \"type\": \"node\", \"order\": 1, \"title\": \"S3Bucket\", \"value\": {\"type\": \"string\"}, \"children\": [], \"editAllow\": true, \"componentName\": \"Declare vars and prepare review text\", \"dataElementType\": \"string\", \"componentConfigId\": \"7d4c8bb8-0a06-41cb-b488-03c5c40562a5\", \"componentConfigName\": \"Map\"}, {\"id\": \"9a8bf081-eb5a-4e5a-adca-49d31105a1ba\", \"key\": \"/Vars/ReportsFolder\", \"type\": \"node\", \"order\": 1, \"title\": \"ReportsFolder\", \"value\": {\"type\": \"string\"}, \"children\": [], \"editAllow\": true, \"componentName\": \"Declare vars and prepare review text\", \"dataElementType\": \"string\", \"componentConfigId\": \"7d4c8bb8-0a06-41cb-b488-03c5c40562a5\", \"componentConfigName\": \"Map\"}, {\"id\": \"ab9850ef-e2ce-4999-9d6c-f0f08be135e1\", \"key\": \"/Vars/DtTmStamp\", \"type\": \"node\", \"order\": 1, \"title\": \"DtTmStamp\", \"value\": {\"type\": \"string\"}, \"children\": [], \"editAllow\": true, \"componentName\": \"Declare vars and prepare review text\", \"dataElementType\": \"string\", \"componentConfigId\": \"7d4c8bb8-0a06-41cb-b488-03c5c40562a5\", \"componentConfigName\": \"Map\"}, {\"id\": \"2a6cf024-ec3e-44d0-bc0b-b878bda846cf\", \"key\": \"/Vars/ReportFileName\", \"type\": \"node\", \"order\": 1, \"title\": \"ReportFileName\", \"value\": {\"type\": \"string\"}, \"children\": [], \"editAllow\": true, \"componentName\": \"Declare vars and prepare review text\", \"dataElementType\": \"string\", \"componentConfigId\": \"7d4c8bb8-0a06-41cb-b488-03c5c40562a5\", \"componentConfigName\": \"Map\"}, {\"id\": \"c3153ff3-14a2-4dfc-8dcb-32325b283d17\", \"key\": \"/Vars/ReportBaseURL\", \"type\": \"node\", \"order\": 1, \"title\": \"ReportBaseURL\", \"value\": {\"type\": \"string\"}, \"children\": [], \"editAllow\": true, \"componentName\": \"Declare vars and prepare review text\", \"dataElementType\": \"string\", \"componentConfigId\": \"7d4c8bb8-0a06-41cb-b488-03c5c40562a5\", \"componentConfigName\": \"Map\"}, {\"id\": \"08806e1a-4f57-4db5-b424-d290aa4079c5\", \"key\": \"/Vars/isSentimentDetected\", \"type\": \"node\", \"order\": 1, \"title\": \"isSentimentDetected\", \"value\": {\"type\": \"boolean\"}, \"children\": [], \"editAllow\": true, \"componentName\": \"Declare vars and prepare review text\", \"dataElementType\": \"boolean\", \"componentConfigId\": \"7d4c8bb8-0a06-41cb-b488-03c5c40562a5\", \"componentConfigName\": \"Map\"}, {\"id\": \"74b1d1df-44d7-468f-a8b6-79c36032fabb\", \"key\": \"/Vars/isToxicityDetected\", \"type\": \"node\", \"order\": 1, \"title\": \"isToxicityDetected\", \"value\": {\"type\": \"boolean\"}, \"children\": [], \"editAllow\": true, \"componentName\": \"Declare vars and prepare review text\", \"dataElementType\": \"boolean\", \"componentConfigId\": \"7d4c8bb8-0a06-41cb-b488-03c5c40562a5\", \"componentConfigName\": \"Map\"}, {\"id\": \"7577ffbe-eeed-47a5-ab34-f30c8329250d\", \"key\": \"/Vars/isPiiDetected\", \"type\": \"node\", \"order\": 1, \"title\": \"isPiiDetected\", \"value\": {\"type\": \"boolean\"}, \"children\": [], \"editAllow\": true, \"componentName\": \"Declare vars and prepare review text\", \"dataElementType\": \"boolean\", \"componentConfigId\": \"7d4c8bb8-0a06-41cb-b488-03c5c40562a5\", \"componentConfigName\": \"Map\"}], \"editAllow\": true, \"componentName\": \"Declare vars\", \"dataElementType\": \"document\", \"componentConfigId\": \"7d4c8bb8-0a06-41cb-b488-03c5c40562a5\", \"componentConfigName\": \"Map\"}, {\"id\": \"c05a36ff-2ede-4755-9f8a-3e158baaa78c\", \"key\": \"/MSTeamsBody\", \"type\": \"reference\", \"order\": 2, \"title\": \"MSTeamsBody\", \"value\": {\"type\": \"object\"}, \"isLeaf\": false, \"children\": [], \"editAllow\": true, \"hasChildren\": false, \"projectName\": \"AmplifyCentralIntegrationExamples\", \"referenceId\": \"4b8919ed-3261-41d4-815a-3302893672be\", \"isChildrenSet\": false, \"dataObjectName\": \"MarketplaceModeratedReview_MSTeamsBody\", \"dataElementType\": \"document\", \"componentConfigId\": \"7d4c8bb8-0a06-41cb-b488-03c5c40562a5\"}, {\"id\": \"1038ec7e-5bd8-4c72-8945-bf4dd05d8284\", \"key\": \"/MSTeamsBodySection\", \"type\": \"reference\", \"order\": 2, \"title\": \"MSTeamsBodySection\", \"value\": {\"type\": \"object\"}, \"isLeaf\": false, \"children\": [], \"editAllow\": true, \"hasChildren\": false, \"projectName\": \"AmplifyCentralIntegrationExamples\", \"referenceId\": \"ad7e8712-108a-4cbb-ba46-8457a704c544\", \"isChildrenSet\": false, \"dataObjectName\": \"MarketplaceModeratedReview_MSTeamsBodySection\", \"dataElementType\": \"document\", \"componentConfigId\": \"7d4c8bb8-0a06-41cb-b488-03c5c40562a5\"}]",
    "null" : false
  },
  "drop_variables" : {
    "type" : "jsonb",
    "value" : "[]",
    "null" : false
  },
  "plug_input_structure" : null,
  "plug_output_structure" : null,
  "config_plug_id" : null,
  "override_plug" : false,
  "config_java_service_id" : null,
  "service_tag" : "EMPTY",
  "endpoint_tag" : "EMPTY",
  "config_service_tag" : "EMPTY",
  "config_imap_tag" : "EMPTY",
  "config_b2b_document_type_tag" : "EMPTY",
  "active" : true,
  "parent_component_config_service_tag" : "EMPTY",
  "service_project_id" : "5e4ed772-e812-4368-9b48-c95ba4e3ec23",
  "service_project_tag" : "EMPTY",
  "config_service_project_id" : null,
  "config_service_project_tag" : "EMPTY",
  "config_imap_project_id" : null,
  "config_imap_project_tag" : "EMPTY",
  "config_b2b_document_type_project_id" : null,
  "config_b2b_document_type_project_tag" : "EMPTY",
  "endpoint_project_id" : null,
  "endpoint_project_tag" : "EMPTY",
  "config_plug_tag" : "EMPTY",
  "config_plug_project_id" : null,
  "config_plug_project_tag" : "EMPTY",
  "config_java_service_tag" : "EMPTY",
  "config_java_service_project_id" : null,
  "config_java_service_project_tag" : "EMPTY",
  "disabled" : false,
  "config" : null,
  "config_b2b_document_type_project_mode_id" : "112c1cb8-4b9e-4d1a-a042-0bd031dc7d05",
  "config_imap_project_mode_id" : "112c1cb8-4b9e-4d1a-a042-0bd031dc7d05",
  "config_java_service_project_mode_id" : "112c1cb8-4b9e-4d1a-a042-0bd031dc7d05",
  "config_plug_project_mode_id" : "112c1cb8-4b9e-4d1a-a042-0bd031dc7d05",
  "config_service_project_mode_id" : "112c1cb8-4b9e-4d1a-a042-0bd031dc7d05",
  "endpoint_project_mode_id" : "112c1cb8-4b9e-4d1a-a042-0bd031dc7d05",
  "service_project_mode_id" : "112c1cb8-4b9e-4d1a-a042-0bd031dc7d05",
  "parent_component_config_service_project_mode_id" : "112c1cb8-4b9e-4d1a-a042-0bd031dc7d05",
  "is_audit" : true,
  "keys_with_order" : null
}