{
  "component_config_id" : "7e2c1bc1-c81b-4584-a9a1-f2a89c687d49",
  "endpoint_config_json" : {
    "type" : "jsonb",
    "value" : "{\"crossRef\": [], \"services\": [], \"multistep\": [], \"operations\": []}",
    "null" : false
  },
  "input_config_json" : {
    "type" : "jsonb",
    "value" : "{\"crossRef\": [], \"services\": [], \"multistep\": [], \"operations\": []}",
    "null" : false
  },
  "output_config_json" : {
    "type" : "jsonb",
    "value" : "{\"crossRef\": [], \"services\": [], \"multistep\": [], \"operations\": [{\"map\": {\"id\": \"2ad32715-2574-49b9-9a76-987785ee11dd\", \"root\": false, \"type\": \"setValue\", \"cached\": false, \"target\": \"/Vars/AmplifyCentralBaseAddress\", \"mapNull\": false, \"disabled\": false, \"extractXml\": false, \"extractJson\": false, \"targetOrder\": 1.0, \"targetValue\": \"https://apicentral.axway.com\", \"mapEmptyString\": false, \"targetJavaType\": \"java.lang.String\", \"variableSubstitution\": false}}, {\"map\": {\"id\": \"09483a75-5306-4e0d-917c-2fe12e8d9f61\", \"root\": false, \"type\": \"setValue\", \"cached\": false, \"target\": \"/Vars/EmailMessageFromEmailAddress\", \"mapNull\": false, \"disabled\": false, \"extractXml\": false, \"extractJson\": false, \"targetOrder\": 1.0, \"targetValue\": \"no-reply@axway.com\", \"mapEmptyString\": false, \"targetJavaType\": \"java.lang.String\", \"variableSubstitution\": false}}, {\"map\": {\"id\": \"b305ab62-ad56-4bbb-9439-7dacf410ebe1\", \"root\": false, \"type\": \"setValue\", \"cached\": false, \"target\": \"/Vars/EmailMessageSubject\", \"mapNull\": false, \"disabled\": false, \"extractXml\": false, \"extractJson\": false, \"targetOrder\": 1.0, \"targetValue\": \"Marketplace product subscription status update\", \"mapEmptyString\": false, \"targetJavaType\": \"java.lang.String\", \"variableSubstitution\": false}}, {\"map\": {\"id\": \"3b4140cb-7cbe-418d-9588-9deacf511a41\", \"root\": false, \"type\": \"setValue\", \"cached\": false, \"target\": \"/Vars/ApproverUrl\", \"mapNull\": false, \"disabled\": false, \"extractXml\": false, \"extractJson\": false, \"targetOrder\": 1.0, \"targetValue\": \"https://axway-appc-se-design.sandbox.ampint.axwaytest.net/approver\", \"mapEmptyString\": false, \"targetJavaType\": \"java.lang.String\", \"variableSubstitution\": false}}, {\"map\": {\"id\": \"5c51d2b6-f326-4038-a6b9-75ce4c177c0d\", \"root\": false, \"type\": \"setValue\", \"cached\": false, \"target\": \"/Vars/IncidentURLBaseAddress\", \"mapNull\": false, \"disabled\": false, \"extractXml\": false, \"extractJson\": false, \"targetOrder\": 1.0, \"targetValue\": \"https://dev213499.service-now.com/now/nav/ui/classic/params/target/x_1311226_subscr_0_subscriptionrequests.do%3Fsys_id%3D\", \"mapEmptyString\": false, \"targetJavaType\": \"java.lang.String\", \"variableSubstitution\": false}}]}",
    "null" : false
  },
  "component_id" : "8ac5fe03-27a2-4e6a-a449-6a8893818223",
  "service_id" : "86b3a8c7-1c2e-4fe4-b89c-e842a84f1593",
  "endpoint_id" : null,
  "parent_component_config_id" : null,
  "component_config_order" : 2.0,
  "action_id" : "06843b78-eab0-45da-afab-8c8277d7553f",
  "name" : "Declare Vars",
  "description" : "",
  "override_endpoint" : false,
  "input_structure_json" : {
    "type" : "jsonb",
    "value" : "{\"maps\": [], \"mappedNodes\": [\"/VarspipeOut\", \"/VarspipeOut\", \"/VarspipeOut\", \"/VarspipeOut\", \"/VarspipeOut\", \"/VarspipeOut\", \"/VarspipeOut\", \"/VarspipeOut\", \"/VarspipeOut\", \"/VarspipeOut\", \"/VarspipeOut\", \"/VarspipeOut\", \"/VarspipeOut\", \"/VarspipeOut\", \"/VarspipeOut\", \"/VarspipeOut\", \"/VarspipeOut\", \"/VarspipeOut\", \"/VarspipeOut\", \"/VarspipeOut\", \"/Vars/IncidentURLBaseAddresspipeOut\", \"/VarspipeOut\", \"/VarspipeOut\", \"/VarspipeOut\", \"/VarspipeOut\", \"/VarspipeOut\", \"/VarspipeOut\", \"/Vars/IncidentURLBaseAddresspipeOut\", \"/VarspipeOut\", \"/VarspipeOut\", \"/VarspipeOut\", \"/VarspipeOut\", \"/VarspipeOut\", \"/VarspipeOut\", \"/Vars/IncidentURLBaseAddresspipeOut\", \"/VarspipeOut\", \"/VarspipeOut\", \"/VarspipeOut\", \"/VarspipeOut\", \"/VarspipeOut\", \"/VarspipeOut\", \"/Vars/IncidentURLBaseAddresspipeOut\", \"/VarspipeOut\"]}",
    "null" : false
  },
  "output_structure_json" : {
    "type" : "jsonb",
    "value" : "{\"maps\": [{\"/Vars/AmplifyCentralBaseAddress\": [{\"type\": \"setValue\", \"order\": 1, \"target\": {\"path\": \"/Vars/AmplifyCentralBaseAddress\", \"order\": 1, \"title\": \"AmplifyCentralBaseAddress\", \"dataElementType\": \"string\"}, \"values\": [{\"id\": \"b249c694-1b07-40cd-a86e-0154d0034e4a\", \"key\": \"/Vars/AmplifyCentralBaseAddress\", \"type\": \"node\", \"order\": 1, \"title\": \"AmplifyCentralBaseAddress\", \"children\": [], \"setValue\": null, \"editAllow\": true, \"uiElement\": \"https://apicentral.axway.com\", \"isSetValue\": false, \"childrenSet\": false, \"hasChildren\": false, \"componentName\": \"Declare Vars and Parse webhook payload\", \"dataElementType\": \"string\", \"componentConfigId\": \"7e2c1bc1-c81b-4584-a9a1-f2a89c687d49\", \"componentConfigName\": \"Map\"}], \"mapCondition\": {\"isConditionSet\": false, \"sourceTreeIndex\": [], \"targetTreeIndex\": [], \"mapConditionFormValue\": {}}, \"dataElementType\": \"string\", \"variableSubstitution\": false, \"overwritePipelineValue\": false}]}, {\"/Vars/EmailMessageFromEmailAddress\": [{\"type\": \"setValue\", \"order\": 1, \"target\": {\"path\": \"/Vars/EmailMessageFromEmailAddress\", \"order\": 1, \"title\": \"EmailMessageFromEmailAddress\", \"dataElementType\": \"string\"}, \"values\": [{\"id\": \"374c343e-a1b4-4e5a-9377-20648cf36ea4\", \"key\": \"/Vars/EmailMessageFromEmailAddress\", \"type\": \"node\", \"order\": 1, \"title\": \"EmailMessageFromEmailAddress\", \"children\": [], \"setValue\": null, \"editAllow\": true, \"uiElement\": \"no-reply@axway.com\", \"isSetValue\": false, \"childrenSet\": false, \"hasChildren\": false, \"componentName\": \"Declare Vars and Parse webhook payload\", \"dataElementType\": \"string\", \"componentConfigId\": \"7e2c1bc1-c81b-4584-a9a1-f2a89c687d49\", \"componentConfigName\": \"Map\"}], \"mapCondition\": {\"isConditionSet\": false, \"sourceTreeIndex\": [], \"targetTreeIndex\": [], \"mapConditionFormValue\": {}}, \"dataElementType\": \"string\", \"variableSubstitution\": false, \"overwritePipelineValue\": false}]}, {\"/Vars/EmailMessageSubject\": [{\"type\": \"setValue\", \"order\": 1, \"target\": {\"path\": \"/Vars/EmailMessageSubject\", \"order\": 1, \"title\": \"EmailMessageSubject\", \"dataElementType\": \"string\"}, \"values\": [{\"id\": \"f3e49284-58cc-4a3b-81bc-0499c19f42c6\", \"key\": \"/Vars/EmailMessageSubject\", \"type\": \"node\", \"order\": 1, \"title\": \"EmailMessageSubject\", \"children\": [], \"setValue\": null, \"editAllow\": true, \"uiElement\": \"Marketplace product subscription status update\", \"isSetValue\": false, \"childrenSet\": false, \"hasChildren\": false, \"componentName\": \"Declare Vars and Parse webhook payload\", \"dataElementType\": \"string\", \"componentConfigId\": \"7e2c1bc1-c81b-4584-a9a1-f2a89c687d49\", \"componentConfigName\": \"Map\"}], \"mapCondition\": {\"isConditionSet\": false, \"sourceTreeIndex\": [], \"targetTreeIndex\": [], \"mapConditionFormValue\": {}}, \"dataElementType\": \"string\", \"variableSubstitution\": false, \"overwritePipelineValue\": false}]}, {\"/Vars/ApproverUrl\": [{\"type\": \"setValue\", \"order\": 1, \"target\": {\"path\": \"/Vars/ApproverUrl\", \"order\": 1, \"title\": \"ApproverUrl\", \"dataElementType\": \"string\"}, \"values\": [{\"id\": \"f3501165-ee90-44da-941e-aaca7123283b\", \"key\": \"/Vars/ApproverUrl\", \"type\": \"node\", \"order\": 1, \"title\": \"ApproverUrl\", \"children\": [], \"setValue\": null, \"editAllow\": true, \"uiElement\": \"https://axway-appc-se-design.sandbox.ampint.axwaytest.net/approver\", \"isSetValue\": false, \"dataElementType\": \"string\", \"componentConfigId\": \"7e2c1bc1-c81b-4584-a9a1-f2a89c687d49\", \"componentConfigName\": \"Map\"}], \"mapCondition\": {\"isConditionSet\": false, \"sourceTreeIndex\": [], \"targetTreeIndex\": [], \"mapConditionFormValue\": {}}, \"dataElementType\": \"string\", \"variableSubstitution\": false, \"overwritePipelineValue\": false}]}, {\"/Vars/IncidentURLBaseAddress\": [{\"type\": \"setValue\", \"order\": 1, \"target\": {\"path\": \"/Vars/IncidentURLBaseAddress\", \"order\": 1, \"title\": \"IncidentURLBaseAddress\", \"dataElementType\": \"string\"}, \"values\": [{\"id\": \"3e748309-4c81-489d-b55f-d7ab242a12f8\", \"key\": \"/Vars/IncidentURLBaseAddress\", \"type\": \"node\", \"order\": 1, \"title\": \"IncidentURLBaseAddress\", \"children\": [], \"setValue\": null, \"editAllow\": true, \"uiElement\": \"https://dev213499.service-now.com/now/nav/ui/classic/params/target/x_1311226_subscr_0_subscriptionrequests.do%3Fsys_id%3D\", \"isSetValue\": false, \"dataElementType\": \"string\", \"componentConfigId\": \"7e2c1bc1-c81b-4584-a9a1-f2a89c687d49\", \"componentConfigName\": \"Map\"}], \"mapCondition\": {\"isConditionSet\": false, \"sourceTreeIndex\": [], \"targetTreeIndex\": [], \"mapConditionFormValue\": {}}, \"dataElementType\": \"string\", \"variableSubstitution\": false, \"overwritePipelineValue\": false}]}], \"tracks\": {}, \"transformer\": []}",
    "null" : false
  },
  "endpoint_structure_json" : {
    "type" : "jsonb",
    "value" : "{\"maps\": []}",
    "null" : false
  },
  "is_error" : false,
  "no_of_errors" : 0,
  "action_input_type" : null,
  "config_service_id" : null,
  "config_imap_id" : null,
  "config_b2b_document_type_id" : null,
  "config_document_id" : null,
  "add_variables" : {
    "type" : "jsonb",
    "value" : "[{\"id\": \"01254a09-a99a-49f3-ac87-9d402712c4f2\", \"key\": \"/Vars\", \"type\": \"node\", \"order\": 1, \"title\": \"Vars\", \"value\": {\"type\": \"array\"}, \"children\": [{\"id\": \"64025970-a964-4db6-82b6-3237178d9d6f\", \"key\": \"/Vars/ProductName\", \"type\": \"node\", \"order\": 1, \"title\": \"ProductName\", \"value\": {\"type\": \"string\"}, \"children\": [], \"editAllow\": true, \"componentName\": \"Parse webhook payload\", \"dataElementType\": \"string\", \"componentConfigId\": \"7e2c1bc1-c81b-4584-a9a1-f2a89c687d49\", \"componentConfigName\": \"Map\"}, {\"id\": \"5643e27f-571d-4985-bd6a-1c2b368f483b\", \"key\": \"/Vars/SubscriptionName\", \"type\": \"node\", \"order\": 1, \"title\": \"SubscriptionName\", \"value\": {\"type\": \"string\"}, \"children\": [], \"editAllow\": true, \"componentName\": \"Parse webhook payload\", \"dataElementType\": \"string\", \"componentConfigId\": \"7e2c1bc1-c81b-4584-a9a1-f2a89c687d49\", \"componentConfigName\": \"Map\"}, {\"id\": \"85a9dd60-d53b-4e85-9584-271988df7db9\", \"key\": \"/Vars/AmplifyCentralBaseAddress\", \"type\": \"node\", \"order\": 1, \"title\": \"AmplifyCentralBaseAddress\", \"value\": {\"type\": \"string\"}, \"children\": [], \"editAllow\": true, \"componentName\": \"Declare Vars and Parse webhook payload\", \"dataElementType\": \"string\", \"componentConfigId\": \"7e2c1bc1-c81b-4584-a9a1-f2a89c687d49\", \"componentConfigName\": \"Map\"}, {\"id\": \"61247b8d-2c07-40c6-8e69-eab7d9206877\", \"key\": \"/Vars/SubscriptionUpdatedDt\", \"type\": \"node\", \"order\": 1, \"title\": \"SubscriptionUpdatedDt\", \"value\": {\"type\": \"string\"}, \"children\": [], \"editAllow\": true, \"componentName\": \"Declare Vars and Parse webhook payload\", \"dataElementType\": \"string\", \"componentConfigId\": \"7e2c1bc1-c81b-4584-a9a1-f2a89c687d49\", \"componentConfigName\": \"Map\"}, {\"id\": \"83975757-a542-4a3d-9b26-3bd4ab28a077\", \"key\": \"/Vars/OrgName\", \"type\": \"node\", \"order\": 1, \"title\": \"OrgName\", \"value\": {\"type\": \"string\"}, \"children\": [], \"editAllow\": true, \"componentName\": \"Declare Vars and Parse webhook payload\", \"dataElementType\": \"string\", \"componentConfigId\": \"7e2c1bc1-c81b-4584-a9a1-f2a89c687d49\", \"componentConfigName\": \"Map\"}, {\"id\": \"37ce41a0-e2e6-483b-afda-82ca8561d14e\", \"key\": \"/Vars/TeamName\", \"type\": \"node\", \"order\": 1, \"title\": \"TeamName\", \"value\": {\"type\": \"string\"}, \"children\": [], \"editAllow\": true, \"componentName\": \"Declare Vars and Parse webhook payload\", \"dataElementType\": \"string\", \"componentConfigId\": \"7e2c1bc1-c81b-4584-a9a1-f2a89c687d49\", \"componentConfigName\": \"Map\"}, {\"id\": \"e7ed41e0-c310-47fe-b7ee-520ca80b677d\", \"key\": \"/Vars/ApproverGuid\", \"type\": \"node\", \"order\": 1, \"title\": \"ApproverGuid\", \"value\": {\"type\": \"string\"}, \"children\": [], \"editAllow\": true, \"componentName\": \"Declare Vars and Parse webhook payload\", \"dataElementType\": \"string\", \"componentConfigId\": \"7e2c1bc1-c81b-4584-a9a1-f2a89c687d49\", \"componentConfigName\": \"Map\"}, {\"id\": \"e0548053-296e-4aa8-95ff-962ddc1f9b00\", \"key\": \"/Vars/MSTeamsMessageStr\", \"type\": \"node\", \"order\": 1, \"title\": \"MSTeamsMessageStr\", \"value\": {\"type\": \"string\"}, \"children\": [], \"editAllow\": true, \"componentName\": \"Declare Vars and Parse webhook payload\", \"dataElementType\": \"string\", \"componentConfigId\": \"7e2c1bc1-c81b-4584-a9a1-f2a89c687d49\", \"componentConfigName\": \"Map\"}, {\"id\": \"eeedbfa3-fded-4533-8933-122a12ea0931\", \"key\": \"/Vars/EmailMessageBody\", \"type\": \"node\", \"order\": 1, \"title\": \"EmailMessageBody\", \"value\": {\"type\": \"string\"}, \"children\": [], \"editAllow\": true, \"componentName\": \"Declare Vars and Parse webhook payload\", \"dataElementType\": \"string\", \"componentConfigId\": \"7e2c1bc1-c81b-4584-a9a1-f2a89c687d49\", \"componentConfigName\": \"Map\"}, {\"id\": \"9925491b-2c6b-43b8-8b3b-8d846cdeb339\", \"key\": \"/Vars/EmailMessageSubject\", \"type\": \"node\", \"order\": 1, \"title\": \"EmailMessageSubject\", \"value\": {\"type\": \"string\"}, \"children\": [], \"editAllow\": true, \"componentName\": \"Declare Vars and Parse webhook payload\", \"dataElementType\": \"string\", \"componentConfigId\": \"7e2c1bc1-c81b-4584-a9a1-f2a89c687d49\", \"componentConfigName\": \"Map\"}, {\"id\": \"6d5a153e-07fb-4b7c-8634-2bcbf1a0c696\", \"key\": \"/Vars/EmailMessageFromEmailAddress\", \"type\": \"node\", \"order\": 1, \"title\": \"EmailMessageFromEmailAddress\", \"value\": {\"type\": \"string\"}, \"children\": [], \"editAllow\": true, \"componentName\": \"Declare Vars and Parse webhook payload\", \"dataElementType\": \"string\", \"componentConfigId\": \"7e2c1bc1-c81b-4584-a9a1-f2a89c687d49\", \"componentConfigName\": \"Map\"}, {\"id\": \"2b091e0c-4c91-4b53-afcd-6ddb1e371af6\", \"key\": \"/Vars/SubscriberName\", \"type\": \"node\", \"order\": 1, \"title\": \"SubscriberName\", \"value\": {\"type\": \"string\"}, \"children\": [], \"editAllow\": true, \"componentName\": \"Declare Vars and Parse webhook payload\", \"dataElementType\": \"string\", \"componentConfigId\": \"7e2c1bc1-c81b-4584-a9a1-f2a89c687d49\", \"componentConfigName\": \"Map\"}, {\"id\": \"a019eec7-42f6-415f-bab1-59087aba0da0\", \"key\": \"/Vars/SubscriberEmail\", \"type\": \"node\", \"order\": 1, \"title\": \"SubscriberEmail\", \"value\": {\"type\": \"string\"}, \"children\": [], \"editAllow\": true, \"componentName\": \"Declare Vars and Parse webhook payload\", \"dataElementType\": \"string\", \"componentConfigId\": \"7e2c1bc1-c81b-4584-a9a1-f2a89c687d49\", \"componentConfigName\": \"Map\"}, {\"id\": \"648e860b-e93f-498e-9a5e-6a773c9f66f2\", \"key\": \"/Vars/ApproverUrl\", \"type\": \"node\", \"order\": 1, \"title\": \"ApproverUrl\", \"value\": {\"type\": \"string\"}, \"children\": [], \"editAllow\": true, \"componentName\": \"Declare Vars and Parse webhook payload\", \"dataElementType\": \"string\", \"componentConfigId\": \"7e2c1bc1-c81b-4584-a9a1-f2a89c687d49\", \"componentConfigName\": \"Map\"}, {\"id\": \"cc8ffa69-d84b-4a5e-9975-83c591cb4d34\", \"key\": \"/Vars/ApproverName\", \"type\": \"node\", \"order\": 1, \"title\": \"ApproverName\", \"value\": {\"type\": \"string\"}, \"children\": [], \"editAllow\": true, \"componentName\": \"Declare Vars and Parse webhook payload\", \"dataElementType\": \"string\", \"componentConfigId\": \"7e2c1bc1-c81b-4584-a9a1-f2a89c687d49\", \"componentConfigName\": \"Map\"}, {\"id\": \"c843bdde-b7ce-4242-82d3-cc0f257d4a9f\", \"key\": \"/Vars/ApproverEmail\", \"type\": \"node\", \"order\": 1, \"title\": \"ApproverEmail\", \"value\": {\"type\": \"string\"}, \"children\": [], \"editAllow\": true, \"componentName\": \"Declare Vars and Parse webhook payload\", \"dataElementType\": \"string\", \"componentConfigId\": \"7e2c1bc1-c81b-4584-a9a1-f2a89c687d49\", \"componentConfigName\": \"Map\"}, {\"id\": \"d9da06b5-5ac3-4665-8146-291dff348c36\", \"key\": \"/Vars/IncidentTitle\", \"type\": \"node\", \"order\": 1, \"title\": \"IncidentTitle\", \"value\": {\"type\": \"string\"}, \"children\": [], \"editAllow\": true, \"componentName\": \"Declare Vars\", \"dataElementType\": \"string\", \"componentConfigId\": \"7e2c1bc1-c81b-4584-a9a1-f2a89c687d49\", \"componentConfigName\": \"Map\"}, {\"id\": \"321e9216-8bfc-4abe-8058-095c9ef79c86\", \"key\": \"/Vars/IncidentDescription\", \"type\": \"node\", \"order\": 1, \"title\": \"IncidentDescription\", \"value\": {\"type\": \"string\"}, \"children\": [], \"editAllow\": true, \"componentName\": \"Declare Vars\", \"dataElementType\": \"string\", \"componentConfigId\": \"7e2c1bc1-c81b-4584-a9a1-f2a89c687d49\", \"componentConfigName\": \"Map\"}, {\"id\": \"14bb1163-ad63-46ed-8d0a-f8c0045f5e8a\", \"key\": \"/Vars/IncidentURLBaseAddress\", \"type\": \"node\", \"order\": 1, \"title\": \"IncidentURLBaseAddress\", \"value\": {\"type\": \"string\"}, \"children\": [], \"editAllow\": true, \"componentName\": \"Declare Vars\", \"dataElementType\": \"string\", \"componentConfigId\": \"7e2c1bc1-c81b-4584-a9a1-f2a89c687d49\", \"componentConfigName\": \"Map\"}, {\"id\": \"2fca9423-d916-4376-bbb2-d7e9ac3f635c\", \"key\": \"/Vars/IncidentURL\", \"type\": \"node\", \"order\": 1, \"title\": \"IncidentURL\", \"value\": {\"type\": \"string\"}, \"children\": [], \"editAllow\": true, \"componentName\": \"Declare Vars\", \"dataElementType\": \"string\", \"componentConfigId\": \"7e2c1bc1-c81b-4584-a9a1-f2a89c687d49\", \"componentConfigName\": \"Map\"}], \"editAllow\": true, \"componentName\": \"Parse webhook payload\", \"dataElementType\": \"document\", \"componentConfigId\": \"7e2c1bc1-c81b-4584-a9a1-f2a89c687d49\", \"componentConfigName\": \"Map\"}]",
    "null" : false
  },
  "drop_variables" : {
    "type" : "jsonb",
    "value" : "[]",
    "null" : false
  },
  "plug_input_structure" : null,
  "plug_output_structure" : null,
  "config_plug_id" : null,
  "override_plug" : false,
  "config_java_service_id" : null,
  "service_tag" : "EMPTY",
  "endpoint_tag" : "EMPTY",
  "config_service_tag" : "EMPTY",
  "config_imap_tag" : "EMPTY",
  "config_b2b_document_type_tag" : "EMPTY",
  "active" : true,
  "parent_component_config_service_tag" : "EMPTY",
  "service_project_id" : "5e4ed772-e812-4368-9b48-c95ba4e3ec23",
  "service_project_tag" : "EMPTY",
  "config_service_project_id" : null,
  "config_service_project_tag" : "EMPTY",
  "config_imap_project_id" : null,
  "config_imap_project_tag" : "EMPTY",
  "config_b2b_document_type_project_id" : null,
  "config_b2b_document_type_project_tag" : "EMPTY",
  "endpoint_project_id" : null,
  "endpoint_project_tag" : "EMPTY",
  "config_plug_tag" : "EMPTY",
  "config_plug_project_id" : null,
  "config_plug_project_tag" : "EMPTY",
  "config_java_service_tag" : "EMPTY",
  "config_java_service_project_id" : null,
  "config_java_service_project_tag" : "EMPTY",
  "disabled" : false,
  "config" : null,
  "config_b2b_document_type_project_mode_id" : "112c1cb8-4b9e-4d1a-a042-0bd031dc7d05",
  "config_imap_project_mode_id" : "112c1cb8-4b9e-4d1a-a042-0bd031dc7d05",
  "config_java_service_project_mode_id" : "112c1cb8-4b9e-4d1a-a042-0bd031dc7d05",
  "config_plug_project_mode_id" : "112c1cb8-4b9e-4d1a-a042-0bd031dc7d05",
  "config_service_project_mode_id" : "112c1cb8-4b9e-4d1a-a042-0bd031dc7d05",
  "endpoint_project_mode_id" : "112c1cb8-4b9e-4d1a-a042-0bd031dc7d05",
  "service_project_mode_id" : "112c1cb8-4b9e-4d1a-a042-0bd031dc7d05",
  "parent_component_config_service_project_mode_id" : "112c1cb8-4b9e-4d1a-a042-0bd031dc7d05",
  "is_audit" : true,
  "keys_with_order" : null
}