{
  "component_config_id" : "8c4e62a3-5f8c-4d4f-9385-ce23a568ddb5",
  "endpoint_config_json" : {
    "type" : "jsonb",
    "value" : "{\"crossRef\": [], \"services\": [], \"multistep\": [], \"operations\": []}",
    "null" : false
  },
  "input_config_json" : {
    "type" : "jsonb",
    "value" : "{\"crossRef\": [], \"services\": [], \"multistep\": [], \"operations\": []}",
    "null" : false
  },
  "output_config_json" : {
    "type" : "jsonb",
    "value" : "{\"crossRef\": [], \"services\": [], \"multistep\": [], \"operations\": [{\"map\": {\"id\": \"2a89b1b9-7cfe-463e-b617-2675a37f6ed1\", \"root\": false, \"type\": \"setValue\", \"cached\": false, \"target\": \"/Vars/EmailMessageFromEmailAddress\", \"mapNull\": false, \"disabled\": false, \"extractXml\": false, \"extractJson\": false, \"targetOrder\": 1.0, \"targetValue\": \"no-reply@axway.com\", \"mapEmptyString\": false, \"targetJavaType\": \"java.lang.String\", \"variableSubstitution\": false}}, {\"map\": {\"id\": \"7cef334e-ac34-4d32-b8e0-ad97ec04d788\", \"root\": false, \"type\": \"setValue\", \"cached\": false, \"target\": \"/Vars/EmailMessageSubject\", \"mapNull\": false, \"disabled\": false, \"extractXml\": false, \"extractJson\": false, \"targetOrder\": 1.0, \"targetValue\": \"Marketplace product subscription status update\", \"mapEmptyString\": false, \"targetJavaType\": \"java.lang.String\", \"variableSubstitution\": false}}, {\"map\": {\"id\": \"6d0c1ba4-61db-4b54-8d18-b0402ab1d3a5\", \"root\": false, \"type\": \"setValue\", \"cached\": false, \"target\": \"/Vars/MarketplaceBaseURL\", \"mapNull\": false, \"disabled\": false, \"extractXml\": false, \"extractJson\": false, \"targetOrder\": 1.0, \"targetValue\": \"https://lbrenman.marketplace.us.axway.com\", \"mapEmptyString\": false, \"targetJavaType\": \"java.lang.String\", \"variableSubstitution\": false}}]}",
    "null" : false
  },
  "component_id" : "8ac5fe03-27a2-4e6a-a449-6a8893818223",
  "service_id" : "47526741-295a-4bef-b9b8-1b1e58e5dfc0",
  "endpoint_id" : null,
  "parent_component_config_id" : null,
  "component_config_order" : 2.0,
  "action_id" : "06843b78-eab0-45da-afab-8c8277d7553f",
  "name" : "Declare Vars",
  "description" : "",
  "override_endpoint" : false,
  "input_structure_json" : {
    "type" : "jsonb",
    "value" : "{\"maps\": [], \"mappedNodes\": [\"/Vars/MarketplaceBaseURLpipeOut\", \"/VarspipeOut\"]}",
    "null" : false
  },
  "output_structure_json" : {
    "type" : "jsonb",
    "value" : "{\"maps\": [{\"/Vars/EmailMessageFromEmailAddress\": [{\"type\": \"setValue\", \"order\": 1, \"target\": {\"path\": \"/Vars/EmailMessageFromEmailAddress\", \"order\": 1, \"title\": \"EmailMessageFromEmailAddress\", \"dataElementType\": \"string\"}, \"values\": [{\"id\": \"374c343e-a1b4-4e5a-9377-20648cf36ea4\", \"key\": \"/Vars/EmailMessageFromEmailAddress\", \"type\": \"node\", \"order\": 1, \"title\": \"EmailMessageFromEmailAddress\", \"children\": [], \"setValue\": null, \"editAllow\": true, \"uiElement\": \"no-reply@axway.com\", \"isSetValue\": false, \"childrenSet\": false, \"hasChildren\": false, \"componentName\": \"Declare Vars and Parse webhook payload\", \"dataElementType\": \"string\", \"componentConfigId\": \"8c4e62a3-5f8c-4d4f-9385-ce23a568ddb5\", \"componentConfigName\": \"Map\"}], \"mapCondition\": {\"isConditionSet\": false, \"sourceTreeIndex\": [], \"targetTreeIndex\": [], \"mapConditionFormValue\": {}}, \"dataElementType\": \"string\", \"variableSubstitution\": false, \"overwritePipelineValue\": false}]}, {\"/Vars/EmailMessageSubject\": [{\"type\": \"setValue\", \"order\": 1, \"target\": {\"path\": \"/Vars/EmailMessageSubject\", \"order\": 1, \"title\": \"EmailMessageSubject\", \"dataElementType\": \"string\"}, \"values\": [{\"id\": \"f3e49284-58cc-4a3b-81bc-0499c19f42c6\", \"key\": \"/Vars/EmailMessageSubject\", \"type\": \"node\", \"order\": 1, \"title\": \"EmailMessageSubject\", \"children\": [], \"setValue\": null, \"editAllow\": true, \"uiElement\": \"Marketplace product subscription status update\", \"isSetValue\": false, \"childrenSet\": false, \"hasChildren\": false, \"componentName\": \"Declare Vars and Parse webhook payload\", \"dataElementType\": \"string\", \"componentConfigId\": \"8c4e62a3-5f8c-4d4f-9385-ce23a568ddb5\", \"componentConfigName\": \"Map\"}], \"mapCondition\": {\"isConditionSet\": false, \"sourceTreeIndex\": [], \"targetTreeIndex\": [], \"mapConditionFormValue\": {}}, \"dataElementType\": \"string\", \"variableSubstitution\": false, \"overwritePipelineValue\": false}]}, {\"/Vars/MarketplaceBaseURL\": [{\"type\": \"setValue\", \"order\": 1, \"target\": {\"path\": \"/Vars/MarketplaceBaseURL\", \"order\": 1, \"title\": \"MarketplaceBaseURL\", \"dataElementType\": \"string\"}, \"values\": [{\"id\": \"22bffb04-71bd-45c7-abd3-ab32c827a751\", \"key\": \"/Vars/MarketplaceBaseURL\", \"type\": \"node\", \"order\": 1, \"title\": \"MarketplaceBaseURL\", \"children\": [], \"setValue\": null, \"editAllow\": true, \"uiElement\": \"https://lbrenman.marketplace.us.axway.com\", \"isSetValue\": false, \"dataElementType\": \"string\", \"componentConfigId\": \"8c4e62a3-5f8c-4d4f-9385-ce23a568ddb5\", \"componentConfigName\": \"Map\"}], \"mapCondition\": {\"isConditionSet\": false, \"sourceTreeIndex\": [], \"targetTreeIndex\": [], \"mapConditionFormValue\": {}}, \"dataElementType\": \"string\", \"variableSubstitution\": false, \"overwritePipelineValue\": false}]}], \"tracks\": {}, \"transformer\": []}",
    "null" : false
  },
  "endpoint_structure_json" : {
    "type" : "jsonb",
    "value" : "{\"maps\": []}",
    "null" : false
  },
  "is_error" : false,
  "no_of_errors" : 0,
  "action_input_type" : null,
  "config_service_id" : null,
  "config_imap_id" : null,
  "config_b2b_document_type_id" : null,
  "config_document_id" : null,
  "add_variables" : {
    "type" : "jsonb",
    "value" : "[{\"id\": \"01254a09-a99a-49f3-ac87-9d402712c4f2\", \"key\": \"/Vars\", \"type\": \"node\", \"order\": 1, \"title\": \"Vars\", \"value\": {\"type\": \"array\"}, \"children\": [{\"id\": \"64025970-a964-4db6-82b6-3237178d9d6f\", \"key\": \"/Vars/ProductName\", \"type\": \"node\", \"order\": 1, \"title\": \"ProductName\", \"value\": {\"type\": \"string\"}, \"children\": [], \"editAllow\": true, \"componentName\": \"Parse webhook payload\", \"dataElementType\": \"string\", \"componentConfigId\": \"8c4e62a3-5f8c-4d4f-9385-ce23a568ddb5\", \"componentConfigName\": \"Map\"}, {\"id\": \"5643e27f-571d-4985-bd6a-1c2b368f483b\", \"key\": \"/Vars/SubscriptionName\", \"type\": \"node\", \"order\": 1, \"title\": \"SubscriptionName\", \"value\": {\"type\": \"string\"}, \"children\": [], \"editAllow\": true, \"componentName\": \"Parse webhook payload\", \"dataElementType\": \"string\", \"componentConfigId\": \"8c4e62a3-5f8c-4d4f-9385-ce23a568ddb5\", \"componentConfigName\": \"Map\"}, {\"id\": \"eeedbfa3-fded-4533-8933-122a12ea0931\", \"key\": \"/Vars/EmailMessageBody\", \"type\": \"node\", \"order\": 1, \"title\": \"EmailMessageBody\", \"value\": {\"type\": \"string\"}, \"children\": [], \"editAllow\": true, \"componentName\": \"Declare Vars and Parse webhook payload\", \"dataElementType\": \"string\", \"componentConfigId\": \"8c4e62a3-5f8c-4d4f-9385-ce23a568ddb5\", \"componentConfigName\": \"Map\"}, {\"id\": \"9925491b-2c6b-43b8-8b3b-8d846cdeb339\", \"key\": \"/Vars/EmailMessageSubject\", \"type\": \"node\", \"order\": 1, \"title\": \"EmailMessageSubject\", \"value\": {\"type\": \"string\"}, \"children\": [], \"editAllow\": true, \"componentName\": \"Declare Vars and Parse webhook payload\", \"dataElementType\": \"string\", \"componentConfigId\": \"8c4e62a3-5f8c-4d4f-9385-ce23a568ddb5\", \"componentConfigName\": \"Map\"}, {\"id\": \"6d5a153e-07fb-4b7c-8634-2bcbf1a0c696\", \"key\": \"/Vars/EmailMessageFromEmailAddress\", \"type\": \"node\", \"order\": 1, \"title\": \"EmailMessageFromEmailAddress\", \"value\": {\"type\": \"string\"}, \"children\": [], \"editAllow\": true, \"componentName\": \"Declare Vars and Parse webhook payload\", \"dataElementType\": \"string\", \"componentConfigId\": \"8c4e62a3-5f8c-4d4f-9385-ce23a568ddb5\", \"componentConfigName\": \"Map\"}, {\"id\": \"2b091e0c-4c91-4b53-afcd-6ddb1e371af6\", \"key\": \"/Vars/SubscriberName\", \"type\": \"node\", \"order\": 1, \"title\": \"SubscriberName\", \"value\": {\"type\": \"string\"}, \"children\": [], \"editAllow\": true, \"componentName\": \"Declare Vars and Parse webhook payload\", \"dataElementType\": \"string\", \"componentConfigId\": \"8c4e62a3-5f8c-4d4f-9385-ce23a568ddb5\", \"componentConfigName\": \"Map\"}, {\"id\": \"a019eec7-42f6-415f-bab1-59087aba0da0\", \"key\": \"/Vars/SubscriberEmail\", \"type\": \"node\", \"order\": 1, \"title\": \"SubscriberEmail\", \"value\": {\"type\": \"string\"}, \"children\": [], \"editAllow\": true, \"componentName\": \"Declare Vars and Parse webhook payload\", \"dataElementType\": \"string\", \"componentConfigId\": \"8c4e62a3-5f8c-4d4f-9385-ce23a568ddb5\", \"componentConfigName\": \"Map\"}, {\"id\": \"e53c69f0-c8d5-44fc-8054-e6fba70c9960\", \"key\": \"/Vars/MarketplaceBaseURL\", \"type\": \"node\", \"order\": 1, \"title\": \"MarketplaceBaseURL\", \"value\": {\"type\": \"string\"}, \"children\": [], \"editAllow\": true, \"componentName\": \"Declare Vars\", \"dataElementType\": \"string\", \"componentConfigId\": \"8c4e62a3-5f8c-4d4f-9385-ce23a568ddb5\", \"componentConfigName\": \"Map\"}], \"editAllow\": true, \"componentName\": \"Parse webhook payload\", \"dataElementType\": \"document\", \"componentConfigId\": \"8c4e62a3-5f8c-4d4f-9385-ce23a568ddb5\", \"componentConfigName\": \"Map\"}]",
    "null" : false
  },
  "drop_variables" : {
    "type" : "jsonb",
    "value" : "[]",
    "null" : false
  },
  "plug_input_structure" : null,
  "plug_output_structure" : null,
  "config_plug_id" : null,
  "override_plug" : false,
  "config_java_service_id" : null,
  "service_tag" : "EMPTY",
  "endpoint_tag" : "EMPTY",
  "config_service_tag" : "EMPTY",
  "config_imap_tag" : "EMPTY",
  "config_b2b_document_type_tag" : "EMPTY",
  "active" : true,
  "parent_component_config_service_tag" : "EMPTY",
  "service_project_id" : "5e4ed772-e812-4368-9b48-c95ba4e3ec23",
  "service_project_tag" : "EMPTY",
  "config_service_project_id" : null,
  "config_service_project_tag" : "EMPTY",
  "config_imap_project_id" : null,
  "config_imap_project_tag" : "EMPTY",
  "config_b2b_document_type_project_id" : null,
  "config_b2b_document_type_project_tag" : "EMPTY",
  "endpoint_project_id" : null,
  "endpoint_project_tag" : "EMPTY",
  "config_plug_tag" : "EMPTY",
  "config_plug_project_id" : null,
  "config_plug_project_tag" : "EMPTY",
  "config_java_service_tag" : "EMPTY",
  "config_java_service_project_id" : null,
  "config_java_service_project_tag" : "EMPTY",
  "disabled" : false,
  "config" : null,
  "config_b2b_document_type_project_mode_id" : "112c1cb8-4b9e-4d1a-a042-0bd031dc7d05",
  "config_imap_project_mode_id" : "112c1cb8-4b9e-4d1a-a042-0bd031dc7d05",
  "config_java_service_project_mode_id" : "112c1cb8-4b9e-4d1a-a042-0bd031dc7d05",
  "config_plug_project_mode_id" : "112c1cb8-4b9e-4d1a-a042-0bd031dc7d05",
  "config_service_project_mode_id" : "112c1cb8-4b9e-4d1a-a042-0bd031dc7d05",
  "endpoint_project_mode_id" : "112c1cb8-4b9e-4d1a-a042-0bd031dc7d05",
  "service_project_mode_id" : "112c1cb8-4b9e-4d1a-a042-0bd031dc7d05",
  "parent_component_config_service_project_mode_id" : "112c1cb8-4b9e-4d1a-a042-0bd031dc7d05",
  "is_audit" : true,
  "keys_with_order" : null
}