{
  "component_config_id" : "b2a984a9-65ff-4ac5-839c-f1e5a54997a6",
  "endpoint_config_json" : {
    "type" : "jsonb",
    "value" : "{\"crossRef\": [], \"services\": [], \"multistep\": [], \"operations\": []}",
    "null" : false
  },
  "input_config_json" : {
    "type" : "jsonb",
    "value" : "{\"crossRef\": [], \"services\": [], \"multistep\": [], \"operations\": []}",
    "null" : false
  },
  "output_config_json" : {
    "type" : "jsonb",
    "value" : "{\"crossRef\": [{\"id\": \"c98d5cf6-939d-46c9-a107-7e9168925256\"}], \"services\": [], \"multistep\": [], \"operations\": [{\"transformer\": {\"id\": \"940dfdb5-0abf-425e-8ec7-c16c49cdf1f6\", \"name\": \"ADVANCED_CROSSREFERENCE\", \"type\": \"Advanced\", \"query\": \"select jsonb_array_elements(xref_data)::json->> 'data' from \\\"cx3_design\\\".\\\"cross_reference_structure\\\" where (\\\"cx3_design\\\".\\\"cross_reference_structure\\\".\\\"table_id\\\" = 'c98d5cf6-939d-46c9-a107-7e9168925256' and \\\"cx3_design\\\".\\\"cross_reference_structure\\\".\\\"project_id\\\" = '5e4ed772-e812-4368-9b48-c95ba4e3ec23' and \\\"cx3_design\\\".\\\"cross_reference_structure\\\".\\\"active\\\" = true and \\\"cx3_design\\\".\\\"cross_reference_structure\\\".\\\"project_mode_id\\\" = '112c1cb8-4b9e-4d1a-a042-0bd031dc7d05')\", \"inputs\": [{\"id\": \"358ab460-9cc8-4183-9063-d6f2131b215b\", \"root\": false, \"type\": \"map\", \"cached\": false, \"source\": \"/ReportAgentStatusInput/Agent/status/state\", \"target\": \"/ADVANCED_CROSSREFERENCE_INPUT/crossRefInput/state\", \"mapNull\": false, \"disabled\": false, \"extractXml\": false, \"extractJson\": false, \"mapEmptyString\": false, \"sourceJavaType\": \"java.lang.String\", \"targetJavaType\": \"java.lang.String\"}], \"outputs\": [{\"id\": \"8eccdd1d-e77a-4288-b2d7-a40e951aaccc\", \"root\": false, \"type\": \"map\", \"cached\": false, \"source\": \"/ADVANCED_CROSSREFERENCE_OUTPUT/output/imageUrl\", \"target\": \"/MSTeamsIconUrl\", \"mapNull\": false, \"disabled\": false, \"extractXml\": false, \"extractJson\": false, \"targetOrder\": 1.0, \"mapEmptyString\": false, \"sourceJavaType\": \"java.lang.String\", \"targetJavaType\": \"java.lang.String\"}], \"tableId\": \"c98d5cf6-939d-46c9-a107-7e9168925256\", \"configId\": null, \"disabled\": false, \"serviceId\": null, \"expression\": null}}, {\"map\": {\"id\": \"a5ac1af3-b0aa-4438-8016-a22e6cad496f\", \"root\": false, \"type\": \"setValue\", \"cached\": false, \"target\": \"/CentralBaseUrl\", \"mapNull\": false, \"disabled\": false, \"extractXml\": false, \"extractJson\": false, \"targetOrder\": 1.0, \"targetValue\": \"https://apicentral.axway.com\", \"mapEmptyString\": false, \"targetJavaType\": \"java.lang.String\", \"variableSubstitution\": false}}]}",
    "null" : false
  },
  "component_id" : "8ac5fe03-27a2-4e6a-a449-6a8893818223",
  "service_id" : "74e9db42-98d6-4127-823a-bb05471b39c4",
  "endpoint_id" : null,
  "parent_component_config_id" : null,
  "component_config_order" : 0.5,
  "action_id" : "06843b78-eab0-45da-afab-8c8277d7553f",
  "name" : "Declare vars",
  "description" : "",
  "override_endpoint" : false,
  "input_structure_json" : {
    "type" : "jsonb",
    "value" : "{\"maps\": [], \"mappedNodes\": [\"/ReportAgentStatusInput/Agent/status/state pipeIn\", \"/ADVANCED_CROSSREFERENCE_INPUT/state0\", \"/ADVANCED_CROSSREFERENCE_OUTPUT/imageUrl0\", \"/MSTeamsIconUrlpipeOut\", \"/CentralBaseUrlpipeOut\"]}",
    "null" : false
  },
  "output_structure_json" : {
    "type" : "jsonb",
    "value" : "{\"maps\": [{\"/CentralBaseUrl\": [{\"type\": \"setValue\", \"order\": 1, \"target\": {\"path\": \"/CentralBaseUrl\", \"order\": 1, \"title\": \"CentralBaseUrl\", \"dataElementType\": \"string\"}, \"values\": [{\"id\": \"99927d74-66e7-4f6c-abc4-facf08451e54\", \"key\": \"/CentralBaseUrl\", \"type\": \"node\", \"order\": 1, \"title\": \"CentralBaseUrl\", \"children\": [], \"setValue\": null, \"editAllow\": true, \"uiElement\": \"https://apicentral.axway.com\", \"isSetValue\": false, \"dataElementType\": \"string\", \"componentConfigId\": \"b2a984a9-65ff-4ac5-839c-f1e5a54997a6\", \"componentConfigName\": \"Map\"}], \"mapCondition\": {\"isConditionSet\": false, \"sourceTreeIndex\": [], \"targetTreeIndex\": [], \"mapConditionFormValue\": {}}, \"dataElementType\": \"string\", \"variableSubstitution\": false, \"overwritePipelineValue\": false}]}], \"tracks\": {}, \"transformer\": [{\"inputs\": {\"/ADVANCED_CROSSREFERENCE_INPUT/state\": [{\"type\": \"map\", \"source\": {\"path\": \"/ReportAgentStatusInput/Agent/status/state\", \"title\": \"state\", \"dataElementType\": \"string\"}, \"target\": {\"path\": \"/ADVANCED_CROSSREFERENCE_INPUT/state\", \"title\": \"state\", \"dataElementType\": \"string\"}, \"mapCondition\": {\"isConditionSet\": false, \"sourceTreeIndex\": [], \"targetTreeIndex\": [], \"mapConditionFormValue\": {}}}]}, \"outputs\": {\"/MSTeamsIconUrl\": [{\"type\": \"map\", \"source\": {\"path\": \"/ADVANCED_CROSSREFERENCE_OUTPUT/imageUrl\", \"title\": \"imageUrl\", \"dataElementType\": \"string\"}, \"target\": {\"path\": \"/MSTeamsIconUrl\", \"order\": 1, \"title\": \"MSTeamsIconUrl\", \"dataElementType\": \"string\"}, \"mapCondition\": {\"isConditionSet\": false, \"sourceTreeIndex\": [], \"targetTreeIndex\": [], \"mapConditionFormValue\": {}}}]}, \"tableId\": \"c98d5cf6-939d-46c9-a107-7e9168925256\", \"inputJson\": \"[{\\\"key\\\":\\\"/ADVANCED_CROSSREFERENCE_INPUT\\\",\\\"type\\\":\\\"object\\\",\\\"value\\\":{\\\"type\\\":\\\"object\\\"},\\\"isLeaf\\\":false,\\\"secret\\\":false,\\\"children\\\":[{\\\"key\\\":\\\"/ADVANCED_CROSSREFERENCE_INPUT/state\\\",\\\"title\\\":\\\"state\\\",\\\"dataElementType\\\":\\\"string\\\",\\\"value\\\":{\\\"type\\\":\\\"string\\\"},\\\"children\\\":[],\\\"type\\\":\\\"string\\\",\\\"isLeaf\\\":true,\\\"id\\\":\\\"7a0ff1f6-1b25-4f4f-922d-3d710869acc1\\\"}],\\\"dataElementType\\\":\\\"document\\\"}]\", \"projectId\": \"5e4ed772-e812-4368-9b48-c95ba4e3ec23\", \"tableName\": \"AgentStatusImageMapping\", \"outputJson\": \"[{\\\"key\\\":\\\"/ADVANCED_CROSSREFERENCE_OUTPUT\\\",\\\"type\\\":\\\"object\\\",\\\"value\\\":{\\\"type\\\":\\\"object\\\"},\\\"isLeaf\\\":false,\\\"secret\\\":false,\\\"children\\\":[{\\\"key\\\":\\\"/ADVANCED_CROSSREFERENCE_OUTPUT/imageUrl\\\",\\\"title\\\":\\\"imageUrl\\\",\\\"dataElementType\\\":\\\"string\\\",\\\"value\\\":{\\\"type\\\":\\\"string\\\"},\\\"children\\\":[],\\\"type\\\":\\\"string\\\",\\\"isLeaf\\\":true,\\\"id\\\":\\\"cf9d7243-8697-4b4e-a6f6-0798ddecbe1a\\\"}],\\\"dataElementType\\\":\\\"document\\\"}]\", \"functionInfo\": {\"id\": \"55a225d8-0178-431d-935d-d6dd774cde0f\", \"name\": \"CrossReference\", \"category\": {\"id\": \"abba5eaf-7353-4234-b15f-ef0841af9872\"}, \"referenceId\": \"401bbb83-0187-408f-8a46-8c20f90a4afe\", \"internalName\": \"ADVANCED_CROSSREFERENCE\"}}]}",
    "null" : false
  },
  "endpoint_structure_json" : {
    "type" : "jsonb",
    "value" : "{\"maps\": []}",
    "null" : false
  },
  "is_error" : false,
  "no_of_errors" : 0,
  "action_input_type" : null,
  "config_service_id" : null,
  "config_imap_id" : null,
  "config_b2b_document_type_id" : null,
  "config_document_id" : null,
  "add_variables" : {
    "type" : "jsonb",
    "value" : "[{\"id\": \"591fc790-901d-4334-a4b8-5dff681fa089\", \"key\": \"/MSTeamsIconUrl\", \"type\": \"node\", \"order\": 1, \"title\": \"MSTeamsIconUrl\", \"value\": {\"type\": \"string\"}, \"children\": [], \"editAllow\": true, \"componentName\": \"\", \"dataElementType\": \"string\", \"componentConfigId\": \"b2a984a9-65ff-4ac5-839c-f1e5a54997a6\", \"componentConfigName\": \"Map\"}, {\"id\": \"543ee8f3-9043-4357-b2d0-e81b7f6eb214\", \"key\": \"/CentralBaseUrl\", \"type\": \"node\", \"order\": 1, \"title\": \"CentralBaseUrl\", \"value\": {\"type\": \"string\"}, \"children\": [], \"editAllow\": true, \"componentName\": \"Declare vars\", \"dataElementType\": \"string\", \"componentConfigId\": \"b2a984a9-65ff-4ac5-839c-f1e5a54997a6\", \"componentConfigName\": \"Map\"}]",
    "null" : false
  },
  "drop_variables" : {
    "type" : "jsonb",
    "value" : "[]",
    "null" : false
  },
  "plug_input_structure" : null,
  "plug_output_structure" : null,
  "config_plug_id" : null,
  "override_plug" : false,
  "config_java_service_id" : null,
  "service_tag" : "EMPTY",
  "endpoint_tag" : "EMPTY",
  "config_service_tag" : "EMPTY",
  "config_imap_tag" : "EMPTY",
  "config_b2b_document_type_tag" : "EMPTY",
  "active" : true,
  "parent_component_config_service_tag" : "EMPTY",
  "service_project_id" : "5e4ed772-e812-4368-9b48-c95ba4e3ec23",
  "service_project_tag" : "EMPTY",
  "config_service_project_id" : null,
  "config_service_project_tag" : "EMPTY",
  "config_imap_project_id" : null,
  "config_imap_project_tag" : "EMPTY",
  "config_b2b_document_type_project_id" : null,
  "config_b2b_document_type_project_tag" : "EMPTY",
  "endpoint_project_id" : null,
  "endpoint_project_tag" : "EMPTY",
  "config_plug_tag" : "EMPTY",
  "config_plug_project_id" : null,
  "config_plug_project_tag" : "EMPTY",
  "config_java_service_tag" : "EMPTY",
  "config_java_service_project_id" : null,
  "config_java_service_project_tag" : "EMPTY",
  "disabled" : false,
  "config" : null,
  "config_b2b_document_type_project_mode_id" : "112c1cb8-4b9e-4d1a-a042-0bd031dc7d05",
  "config_imap_project_mode_id" : "112c1cb8-4b9e-4d1a-a042-0bd031dc7d05",
  "config_java_service_project_mode_id" : "112c1cb8-4b9e-4d1a-a042-0bd031dc7d05",
  "config_plug_project_mode_id" : "112c1cb8-4b9e-4d1a-a042-0bd031dc7d05",
  "config_service_project_mode_id" : "112c1cb8-4b9e-4d1a-a042-0bd031dc7d05",
  "endpoint_project_mode_id" : "112c1cb8-4b9e-4d1a-a042-0bd031dc7d05",
  "service_project_mode_id" : "112c1cb8-4b9e-4d1a-a042-0bd031dc7d05",
  "parent_component_config_service_project_mode_id" : "112c1cb8-4b9e-4d1a-a042-0bd031dc7d05",
  "is_audit" : true,
  "keys_with_order" : null
}