{
  "component_config_id" : "7e9bca6d-1efd-47bc-9bf8-4df7355b40d3",
  "endpoint_config_json" : {
    "type" : "jsonb",
    "value" : "{\"crossRef\": [], \"services\": [], \"multistep\": [], \"operations\": []}",
    "null" : false
  },
  "input_config_json" : {
    "type" : "jsonb",
    "value" : "{\"crossRef\": [], \"services\": [], \"multistep\": [], \"operations\": []}",
    "null" : false
  },
  "output_config_json" : {
    "type" : "jsonb",
    "value" : "{\"crossRef\": [], \"services\": [], \"multistep\": [], \"operations\": [{\"map\": {\"id\": \"a2297585-429f-470e-868c-d5eef4cff42c\", \"root\": false, \"type\": \"setValue\", \"cached\": false, \"target\": \"/HTML\", \"mapNull\": false, \"disabled\": false, \"extractXml\": false, \"extractJson\": false, \"targetOrder\": 1.0, \"targetValue\": \"<!DOCTYPE html>\\n<html lang=\\\"en\\\" dir=\\\"ltr\\\">\\n\\n<head>\\n  <title>API Compliance security report</title>\\n  <!-- Latest compiled and minified CSS -->\\n  <meta charset=\\\"utf-8\\\">\\n  <meta name=\\\"viewport\\\" content=\\\"width=device-width, initial-scale=1\\\">\\n  <link rel=\\\"stylesheet\\\" href=\\\"https://maxcdn.bootstrapcdn.com/bootstrap/3.4.1/css/bootstrap.min.css\\\">\\n  <script src=\\\"https://ajax.googleapis.com/ajax/libs/jquery/3.7.1/jquery.min.js\\\"></script>\\n  <script src=\\\"https://maxcdn.bootstrapcdn.com/bootstrap/3.4.1/js/bootstrap.min.js\\\"></script>\\n</head>\\n\\n<body>\\n  <div class=\\\"container\\\">\\n    <img src=\\\"https://i.imgur.com/3Tv4B5p.jpg\\\">\\n  </div>\\n  <div class=\\\"container\\\">\\n    <h3>API Compliance %{/GenerateHTMLComplianceReportInput/ReportVars/RuleType}% report for API: %{/GenerateHTMLComplianceReportInput/ReportVars/APIName}%</h3>\\n  <div class=\\\"container\\\">\\n    <h3>Summary:</h3>\\n    API Name: %{/GenerateHTMLComplianceReportInput/ReportVars/APIName}%<br>\\n    API OAS Doc: <a href=\\\"%{/GenerateHTMLComplianceReportInput/ReportVars/OASDocUrl}%\\\">Click to view</a><br>\\n    Environment Name: %{/GenerateHTMLComplianceReportInput/ReportVars/EnvName}%<br>\\n    Compliance Score: %{/GenerateHTMLComplianceReportInput/ReportVars/Score}%<br>\\n    Error Count: %{/GenerateHTMLComplianceReportInput/ReportVars/ErrorCount}%<br>\\n    Warning Count: %{/GenerateHTMLComplianceReportInput/ReportVars/WarningCount}%<br>\\n    Compliance Type:  %{/GenerateHTMLComplianceReportInput/ReportVars/RuleType}%<br>\\n    Compliance Rule Name: %{/GenerateHTMLComplianceReportInput/ReportVars/RuleName}%<br>\\n    Compliance Job Name: %{/GenerateHTMLComplianceReportInput/ReportVars/JobName}%<br>\\n    Compliance Job Id: %{/GenerateHTMLComplianceReportInput/ReportVars/JobId}%<br>\\n    </div>\\n  <div class=\\\"container\\\">\\n    <h3>Details:</h3>\\n  </div>\\n  </p>\\n  <table class=\\\" table table-striped\\\">\\n    <tr>\\n      <th><b>Path</b></th>\\n      <th><b>Rule</b></th>\\n      <th><b>Message</b></th>\\n      <th><b>Line</b></th>\\n      <th><b>Character</b></th>\\n      <th><b>Severity</b></th>\\n    </tr>\", \"mapEmptyString\": false, \"targetJavaType\": \"java.lang.String\", \"variableSubstitution\": true}}]}",
    "null" : false
  },
  "component_id" : "8ac5fe03-27a2-4e6a-a449-6a8893818223",
  "service_id" : "bd79c657-5bce-4065-85c1-02b45a22f478",
  "endpoint_id" : null,
  "parent_component_config_id" : null,
  "component_config_order" : 1.0,
  "action_id" : "06843b78-eab0-45da-afab-8c8277d7553f",
  "name" : "Declare Vars",
  "description" : "",
  "override_endpoint" : false,
  "input_structure_json" : {
    "type" : "jsonb",
    "value" : "{\"maps\": [], \"mappedNodes\": [\"/HTMLpipeOut\", \"/HTMLpipeOut\", \"/HTMLpipeOut\", \"/HTMLpipeOut\", \"/HTMLpipeOut\", \"/HTMLpipeOut\", \"/HTMLpipeOut\", \"/HTMLpipeOut\"]}",
    "null" : false
  },
  "output_structure_json" : {
    "type" : "jsonb",
    "value" : "{\"maps\": [{\"/HTML\": [{\"type\": \"setValue\", \"order\": 1, \"target\": {\"path\": \"/HTML\", \"order\": 1, \"title\": \"HTML\", \"dataElementType\": \"string\"}, \"values\": [{\"id\": \"a25ad54c-35d1-4c89-9380-4f9e173ff749\", \"key\": \"/HTML\", \"type\": \"node\", \"order\": 1, \"title\": \"HTML\", \"children\": [], \"setValue\": null, \"editAllow\": true, \"uiElement\": \"&lt;!DOCTYPE html&gt;\\n&lt;html lang=\\\"en\\\" dir=\\\"ltr\\\"&gt;\\n\\n&lt;head&gt;\\n  &lt;title&gt;API Compliance security report&lt;/title&gt;\\n  &lt;!-- Latest compiled and minified CSS --&gt;\\n  &lt;meta charset=\\\"utf-8\\\"&gt;\\n  &lt;meta name=\\\"viewport\\\" content=\\\"width=device-width, initial-scale=1\\\"&gt;\\n  &lt;link rel=\\\"stylesheet\\\" href=\\\"https://maxcdn.bootstrapcdn.com/bootstrap/3.4.1/css/bootstrap.min.css\\\"&gt;\\n  &lt;script src=\\\"https://ajax.googleapis.com/ajax/libs/jquery/3.7.1/jquery.min.js\\\"&gt;&lt;/script&gt;\\n  &lt;script src=\\\"https://maxcdn.bootstrapcdn.com/bootstrap/3.4.1/js/bootstrap.min.js\\\"&gt;&lt;/script&gt;\\n&lt;/head&gt;\\n\\n&lt;body&gt;\\n  &lt;div class=\\\"container\\\"&gt;\\n    &lt;img src=\\\"https://i.imgur.com/3Tv4B5p.jpg\\\"&gt;\\n  &lt;/div&gt;\\n  &lt;div class=\\\"container\\\"&gt;\\n    &lt;h3&gt;API Compliance <input _ngcontent-ng-c1270903566=\\\"\\\" class=\\\"chip\\\" title=\\\"/GenerateHTMLComplianceReportInput/ReportVars/RuleType\\\" readonly=\\\"true\\\" disabled=\\\"true\\\" type=\\\"button\\\" value=\\\"RuleType\\\"> report for API: <input _ngcontent-ng-c1270903566=\\\"\\\" class=\\\"chip\\\" title=\\\"/GenerateHTMLComplianceReportInput/ReportVars/APIName\\\" readonly=\\\"true\\\" disabled=\\\"true\\\" type=\\\"button\\\" value=\\\"APIName\\\">&lt;/h3&gt;\\n  &lt;div class=\\\"container\\\"&gt;\\n    &lt;h3&gt;Summary:&lt;/h3&gt;\\n    API Name: <input _ngcontent-ng-c1270903566=\\\"\\\" class=\\\"chip\\\" title=\\\"/GenerateHTMLComplianceReportInput/ReportVars/APIName\\\" readonly=\\\"true\\\" disabled=\\\"true\\\" type=\\\"button\\\" value=\\\"APIName\\\">&lt;br&gt;<br>    API OAS Doc: &lt;a href=\\\"<input _ngcontent-ng-c1270903566=\\\"\\\" class=\\\"chip\\\" title=\\\"/GenerateHTMLComplianceReportInput/ReportVars/OASDocUrl\\\" readonly=\\\"true\\\" disabled=\\\"true\\\" type=\\\"button\\\" value=\\\"OASDocUrl\\\">\\\"&gt;Click to view&lt;/a&gt;&lt;br&gt;\\n    Environment Name: <input _ngcontent-ng-c1270903566=\\\"\\\" class=\\\"chip\\\" title=\\\"/GenerateHTMLComplianceReportInput/ReportVars/EnvName\\\" readonly=\\\"true\\\" disabled=\\\"true\\\" type=\\\"button\\\" value=\\\"EnvName\\\">&lt;br&gt;\\n    Compliance Score: <input _ngcontent-ng-c1270903566=\\\"\\\" class=\\\"chip\\\" title=\\\"/GenerateHTMLComplianceReportInput/ReportVars/Score\\\" readonly=\\\"true\\\" disabled=\\\"true\\\" type=\\\"button\\\" value=\\\"Score\\\">&lt;br&gt;<br>    Error Count: <input _ngcontent-ng-c1270903566=\\\"\\\" class=\\\"chip\\\" title=\\\"/GenerateHTMLComplianceReportInput/ReportVars/ErrorCount\\\" readonly=\\\"true\\\" disabled=\\\"true\\\" type=\\\"button\\\" value=\\\"ErrorCount\\\">&lt;br&gt;\\n    Warning Count: <input _ngcontent-ng-c1270903566=\\\"\\\" class=\\\"chip\\\" title=\\\"/GenerateHTMLComplianceReportInput/ReportVars/WarningCount\\\" readonly=\\\"true\\\" disabled=\\\"true\\\" type=\\\"button\\\" value=\\\"WarningCount\\\">&lt;br&gt;\\n    Compliance Type:  <input _ngcontent-ng-c1270903566=\\\"\\\" class=\\\"chip\\\" title=\\\"/GenerateHTMLComplianceReportInput/ReportVars/RuleType\\\" readonly=\\\"true\\\" disabled=\\\"true\\\" type=\\\"button\\\" value=\\\"RuleType\\\">&lt;br&gt;\\n    Compliance Rule Name: <input _ngcontent-ng-c1270903566=\\\"\\\" class=\\\"chip\\\" title=\\\"/GenerateHTMLComplianceReportInput/ReportVars/RuleName\\\" readonly=\\\"true\\\" disabled=\\\"true\\\" type=\\\"button\\\" value=\\\"RuleName\\\">&lt;br&gt;<br>    Compliance Job Name: <input _ngcontent-ng-c1270903566=\\\"\\\" class=\\\"chip\\\" title=\\\"/GenerateHTMLComplianceReportInput/ReportVars/JobName\\\" readonly=\\\"true\\\" disabled=\\\"true\\\" type=\\\"button\\\" value=\\\"JobName\\\">&lt;br&gt;<br>    Compliance Job Id: <input _ngcontent-ng-c1270903566=\\\"\\\" class=\\\"chip\\\" title=\\\"/GenerateHTMLComplianceReportInput/ReportVars/JobId\\\" readonly=\\\"true\\\" disabled=\\\"true\\\" type=\\\"button\\\" value=\\\"JobId\\\">&lt;br&gt;\\n    &lt;/div&gt;\\n  &lt;div class=\\\"container\\\"&gt;\\n    &lt;h3&gt;Details:&lt;/h3&gt;\\n  &lt;/div&gt;\\n  &lt;/p&gt;\\n  &lt;table class=\\\" table table-striped\\\"&gt;\\n    &lt;tr&gt;\\n      &lt;th&gt;&lt;b&gt;Path&lt;/b&gt;&lt;/th&gt;\\n      &lt;th&gt;&lt;b&gt;Rule&lt;/b&gt;&lt;/th&gt;\\n      &lt;th&gt;&lt;b&gt;Message&lt;/b&gt;&lt;/th&gt;\\n      &lt;th&gt;&lt;b&gt;Line&lt;/b&gt;&lt;/th&gt;\\n      &lt;th&gt;&lt;b&gt;Character&lt;/b&gt;&lt;/th&gt;\\n      &lt;th&gt;&lt;b&gt;Severity&lt;/b&gt;&lt;/th&gt;\\n    &lt;/tr&gt;\", \"isSetValue\": false, \"dataElementType\": \"string\", \"componentConfigId\": \"7e9bca6d-1efd-47bc-9bf8-4df7355b40d3\", \"componentConfigName\": \"Map\"}], \"mapCondition\": {\"isConditionSet\": false, \"sourceTreeIndex\": [], \"targetTreeIndex\": [], \"mapConditionFormValue\": {}}, \"dataElementType\": \"string\", \"variableSubstitution\": true, \"overwritePipelineValue\": false}]}], \"tracks\": {}, \"transformer\": []}",
    "null" : false
  },
  "endpoint_structure_json" : {
    "type" : "jsonb",
    "value" : "{\"maps\": []}",
    "null" : false
  },
  "is_error" : false,
  "no_of_errors" : 0,
  "action_input_type" : null,
  "config_service_id" : null,
  "config_imap_id" : null,
  "config_b2b_document_type_id" : null,
  "config_document_id" : null,
  "add_variables" : {
    "type" : "jsonb",
    "value" : "[{\"id\": \"82ba133f-84a7-4da4-87a4-75eda5334a9d\", \"key\": \"/HTML\", \"type\": \"node\", \"order\": 1, \"title\": \"HTML\", \"value\": {\"type\": \"string\"}, \"children\": [], \"editAllow\": true, \"componentName\": \"Declare Vars\", \"dataElementType\": \"string\", \"componentConfigId\": \"7e9bca6d-1efd-47bc-9bf8-4df7355b40d3\", \"componentConfigName\": \"Map\"}]",
    "null" : false
  },
  "drop_variables" : {
    "type" : "jsonb",
    "value" : "[]",
    "null" : false
  },
  "plug_input_structure" : null,
  "plug_output_structure" : null,
  "config_plug_id" : null,
  "override_plug" : false,
  "config_java_service_id" : null,
  "service_tag" : "EMPTY",
  "endpoint_tag" : "EMPTY",
  "config_service_tag" : "EMPTY",
  "config_imap_tag" : "EMPTY",
  "config_b2b_document_type_tag" : "EMPTY",
  "active" : true,
  "parent_component_config_service_tag" : "EMPTY",
  "service_project_id" : "5e4ed772-e812-4368-9b48-c95ba4e3ec23",
  "service_project_tag" : "EMPTY",
  "config_service_project_id" : null,
  "config_service_project_tag" : "EMPTY",
  "config_imap_project_id" : null,
  "config_imap_project_tag" : "EMPTY",
  "config_b2b_document_type_project_id" : null,
  "config_b2b_document_type_project_tag" : "EMPTY",
  "endpoint_project_id" : null,
  "endpoint_project_tag" : "EMPTY",
  "config_plug_tag" : "EMPTY",
  "config_plug_project_id" : null,
  "config_plug_project_tag" : "EMPTY",
  "config_java_service_tag" : "EMPTY",
  "config_java_service_project_id" : null,
  "config_java_service_project_tag" : "EMPTY",
  "disabled" : false,
  "config" : null,
  "config_b2b_document_type_project_mode_id" : "112c1cb8-4b9e-4d1a-a042-0bd031dc7d05",
  "config_imap_project_mode_id" : "112c1cb8-4b9e-4d1a-a042-0bd031dc7d05",
  "config_java_service_project_mode_id" : "112c1cb8-4b9e-4d1a-a042-0bd031dc7d05",
  "config_plug_project_mode_id" : "112c1cb8-4b9e-4d1a-a042-0bd031dc7d05",
  "config_service_project_mode_id" : "112c1cb8-4b9e-4d1a-a042-0bd031dc7d05",
  "endpoint_project_mode_id" : "112c1cb8-4b9e-4d1a-a042-0bd031dc7d05",
  "service_project_mode_id" : "112c1cb8-4b9e-4d1a-a042-0bd031dc7d05",
  "parent_component_config_service_project_mode_id" : "112c1cb8-4b9e-4d1a-a042-0bd031dc7d05",
  "is_audit" : true,
  "keys_with_order" : null
}