{
  "component_config_id" : "5df17152-af8e-4908-842d-3e836804843c",
  "endpoint_config_json" : {
    "type" : "jsonb",
    "value" : "{\"crossRef\": [], \"services\": [], \"multistep\": [], \"operations\": []}",
    "null" : false
  },
  "input_config_json" : {
    "type" : "jsonb",
    "value" : "{\"crossRef\": [], \"services\": [], \"multistep\": [], \"operations\": []}",
    "null" : false
  },
  "output_config_json" : {
    "type" : "jsonb",
    "value" : "{\"crossRef\": [], \"services\": [], \"multistep\": [], \"operations\": [{\"transformer\": {\"id\": \"5867c5de-8eaa-4252-be6b-1ec165b5a44c\", \"name\": \"STRING_CONCAT\", \"type\": \"String\", \"query\": null, \"inputs\": [{\"id\": \"62b50996-6c98-482b-a539-bd3443ba8b2a\", \"root\": false, \"type\": \"map\", \"cached\": false, \"source\": \"/AgentStatusHTMLReport\", \"target\": \"/STRING_CONCAT_INPUT/inputString\", \"mapNull\": false, \"disabled\": false, \"extractXml\": false, \"extractJson\": false, \"mapEmptyString\": false, \"sourceJavaType\": \"java.lang.String\", \"targetJavaType\": \"java.lang.String\"}, {\"id\": \"af9245d9-60f0-4abd-b267-53c140cb8123\", \"root\": false, \"type\": \"setValue\", \"cached\": false, \"target\": \"/STRING_CONCAT_INPUT/concatWith\", \"mapNull\": false, \"disabled\": false, \"extractXml\": false, \"extractJson\": false, \"targetValue\": \"</table>\\n</div>\\n</body>\\n\\n</html>\", \"mapEmptyString\": false, \"targetJavaType\": \"java.lang.String\", \"variableSubstitution\": false}], \"outputs\": [{\"id\": \"311ade3d-9259-45a4-86c7-2799e7c3372d\", \"root\": false, \"type\": \"map\", \"cached\": false, \"source\": \"/STRING_CONCAT_OUTPUT/output\", \"target\": \"/AgentStatusHTMLReport\", \"mapNull\": false, \"disabled\": false, \"extractXml\": false, \"extractJson\": false, \"targetOrder\": 1.0, \"mapEmptyString\": false, \"sourceJavaType\": \"java.lang.String\", \"targetJavaType\": \"java.lang.String\"}, {\"id\": \"8b22f2df-3589-4cb5-b92e-c255307db625\", \"root\": false, \"type\": \"map\", \"cached\": false, \"source\": \"/STRING_CONCAT_OUTPUT/output\", \"target\": \"/GenerateHTMLAgentsReportOutput/AgentsReport\", \"mapNull\": false, \"disabled\": false, \"extractXml\": false, \"extractJson\": false, \"targetOrder\": 1.0, \"mapEmptyString\": false, \"sourceJavaType\": \"java.lang.String\", \"targetJavaType\": \"java.lang.String\"}], \"tableId\": null, \"configId\": null, \"disabled\": false, \"serviceId\": null, \"expression\": null}}]}",
    "null" : false
  },
  "component_id" : "8ac5fe03-27a2-4e6a-a449-6a8893818223",
  "service_id" : "3e82a86e-f622-446e-8a95-e10ab726e34f",
  "endpoint_id" : null,
  "parent_component_config_id" : null,
  "component_config_order" : 6.0,
  "action_id" : "06843b78-eab0-45da-afab-8c8277d7553f",
  "name" : "Finish HTML report",
  "description" : "",
  "override_endpoint" : false,
  "input_structure_json" : {
    "type" : "jsonb",
    "value" : "{\"maps\": [], \"mappedNodes\": [\"/AgentStatusHTMLReport pipeIn\", \"/STRING_CONCAT_INPUT/inputString0\", \"/STRING_CONCAT_OUTPUT/output0\", \"/AgentStatusHTMLReportpipeOut\", \"/STRING_CONCAT_INPUT/concatWith\", \"/STRING_CONCAT_INPUT\", \"/STRING_CONCAT_OUTPUT/output0\", \"/GenerateHTMLAgentsReportOutput/AgentsReportpipeOut\"]}",
    "null" : false
  },
  "output_structure_json" : {
    "type" : "jsonb",
    "value" : "{\"maps\": [], \"tracks\": {}, \"transformer\": [{\"inputs\": {\"/STRING_CONCAT_INPUT/concatWith\": [{\"type\": \"setValue\", \"target\": {\"path\": \"/STRING_CONCAT_INPUT/concatWith\", \"order\": \"\", \"title\": \"concatWith\", \"dataElementType\": \"string\"}, \"values\": [{\"id\": \"e2d6d84f-9bca-40f6-a34a-cf7fdea775d3\", \"key\": \"/STRING_CONCAT_INPUT/concatWith\", \"type\": \"string\", \"title\": \"concatWith\", \"isLeaf\": true, \"secret\": false, \"children\": [], \"setValue\": null, \"uiElement\": \"&lt;/table&gt;\\n&lt;/div&gt;\\n&lt;/body&gt;\\n\\n&lt;/html&gt;\", \"isSetValue\": false, \"dataElementType\": \"string\"}], \"mapCondition\": {\"isConditionSet\": false, \"sourceTreeIndex\": [], \"targetTreeIndex\": [], \"mapConditionFormValue\": {}}, \"variableSubstitution\": false, \"overwritePipelineValue\": false}], \"/STRING_CONCAT_INPUT/inputString\": [{\"type\": \"map\", \"source\": {\"path\": \"/AgentStatusHTMLReport\", \"title\": \"AgentStatusHTMLReport\", \"dataElementType\": \"string\"}, \"target\": {\"path\": \"/STRING_CONCAT_INPUT/inputString\", \"title\": \"inputString\", \"dataElementType\": \"string\"}, \"mapCondition\": {\"isConditionSet\": false, \"sourceTreeIndex\": [], \"targetTreeIndex\": [], \"mapConditionFormValue\": {}}}]}, \"outputs\": {\"/AgentStatusHTMLReport\": [{\"type\": \"map\", \"source\": {\"path\": \"/STRING_CONCAT_OUTPUT/output\", \"title\": \"output\", \"dataElementType\": \"string\"}, \"target\": {\"path\": \"/AgentStatusHTMLReport\", \"order\": 1, \"title\": \"AgentStatusHTMLReport\", \"dataElementType\": \"string\"}, \"mapCondition\": {\"isConditionSet\": false, \"sourceTreeIndex\": [], \"targetTreeIndex\": [], \"mapConditionFormValue\": {}}}], \"/GenerateHTMLAgentsReportOutput/AgentsReport\": [{\"type\": \"map\", \"source\": {\"path\": \"/STRING_CONCAT_OUTPUT/output\", \"title\": \"output\", \"dataElementType\": \"string\"}, \"target\": {\"path\": \"/GenerateHTMLAgentsReportOutput/AgentsReport\", \"order\": 1, \"title\": \"AgentsReport\", \"dataElementType\": \"string\"}, \"mapCondition\": {\"isConditionSet\": false, \"sourceTreeIndex\": [], \"targetTreeIndex\": [], \"mapConditionFormValue\": {}}}]}, \"functionInfo\": {\"id\": \"bd6ba1a8-5b3a-4089-98f9-7eb3b692209b\", \"name\": \"Concat\", \"category\": {\"id\": \"7e335ebf-c122-41de-a87f-8e4cb8f39ff6\"}, \"internalName\": \"STRING_CONCAT\"}}]}",
    "null" : false
  },
  "endpoint_structure_json" : {
    "type" : "jsonb",
    "value" : "{\"maps\": []}",
    "null" : false
  },
  "is_error" : false,
  "no_of_errors" : 0,
  "action_input_type" : null,
  "config_service_id" : null,
  "config_imap_id" : null,
  "config_b2b_document_type_id" : null,
  "config_document_id" : null,
  "add_variables" : {
    "type" : "jsonb",
    "value" : "[]",
    "null" : false
  },
  "drop_variables" : {
    "type" : "jsonb",
    "value" : "[]",
    "null" : false
  },
  "plug_input_structure" : null,
  "plug_output_structure" : null,
  "config_plug_id" : null,
  "override_plug" : false,
  "config_java_service_id" : null,
  "service_tag" : "EMPTY",
  "endpoint_tag" : "EMPTY",
  "config_service_tag" : "EMPTY",
  "config_imap_tag" : "EMPTY",
  "config_b2b_document_type_tag" : "EMPTY",
  "active" : true,
  "parent_component_config_service_tag" : "EMPTY",
  "service_project_id" : "5e4ed772-e812-4368-9b48-c95ba4e3ec23",
  "service_project_tag" : "EMPTY",
  "config_service_project_id" : null,
  "config_service_project_tag" : "EMPTY",
  "config_imap_project_id" : null,
  "config_imap_project_tag" : "EMPTY",
  "config_b2b_document_type_project_id" : null,
  "config_b2b_document_type_project_tag" : "EMPTY",
  "endpoint_project_id" : null,
  "endpoint_project_tag" : "EMPTY",
  "config_plug_tag" : "EMPTY",
  "config_plug_project_id" : null,
  "config_plug_project_tag" : "EMPTY",
  "config_java_service_tag" : "EMPTY",
  "config_java_service_project_id" : null,
  "config_java_service_project_tag" : "EMPTY",
  "disabled" : false,
  "config" : null,
  "config_b2b_document_type_project_mode_id" : "112c1cb8-4b9e-4d1a-a042-0bd031dc7d05",
  "config_imap_project_mode_id" : "112c1cb8-4b9e-4d1a-a042-0bd031dc7d05",
  "config_java_service_project_mode_id" : "112c1cb8-4b9e-4d1a-a042-0bd031dc7d05",
  "config_plug_project_mode_id" : "112c1cb8-4b9e-4d1a-a042-0bd031dc7d05",
  "config_service_project_mode_id" : "112c1cb8-4b9e-4d1a-a042-0bd031dc7d05",
  "endpoint_project_mode_id" : "112c1cb8-4b9e-4d1a-a042-0bd031dc7d05",
  "service_project_mode_id" : "112c1cb8-4b9e-4d1a-a042-0bd031dc7d05",
  "parent_component_config_service_project_mode_id" : "112c1cb8-4b9e-4d1a-a042-0bd031dc7d05",
  "is_audit" : true,
  "keys_with_order" : null
}