{
  "component_config_id" : "92017119-a0ef-4d5b-b725-6431f6605451",
  "endpoint_config_json" : {
    "type" : "jsonb",
    "value" : "{\"crossRef\": [], \"services\": [], \"multistep\": [], \"operations\": []}",
    "null" : false
  },
  "input_config_json" : {
    "type" : "jsonb",
    "value" : "{\"crossRef\": [], \"services\": [], \"multistep\": [], \"operations\": [{\"map\": {\"id\": \"a16f8ab6-3a87-4a61-863c-fde17fa4bcad\", \"root\": false, \"type\": \"map\", \"cached\": false, \"source\": \"/Vars/APIName\", \"target\": \"/GenerateHTMLComplianceReportInput/ReportVars/APIName\", \"mapNull\": false, \"disabled\": false, \"extractXml\": false, \"extractJson\": false, \"targetOrder\": 1.0, \"mapEmptyString\": false, \"sourceJavaType\": \"java.lang.String\", \"targetJavaType\": \"java.lang.String\"}}, {\"map\": {\"id\": \"1635763f-2506-4a40-970a-38834c21ada4\", \"root\": false, \"type\": \"map\", \"cached\": false, \"source\": \"/Vars/EnvironmentName\", \"target\": \"/GenerateHTMLComplianceReportInput/ReportVars/EnvName\", \"mapNull\": false, \"disabled\": false, \"extractXml\": false, \"extractJson\": false, \"targetOrder\": 1.0, \"mapEmptyString\": false, \"sourceJavaType\": \"java.lang.String\", \"targetJavaType\": \"java.lang.String\"}}, {\"map\": {\"id\": \"98754407-bb1b-4fb8-bd58-42229ca8b010\", \"root\": false, \"type\": \"map\", \"cached\": false, \"source\": \"/Vars/Score\", \"target\": \"/GenerateHTMLComplianceReportInput/ReportVars/Score\", \"mapNull\": false, \"disabled\": false, \"extractXml\": false, \"extractJson\": false, \"targetOrder\": 1.0, \"mapEmptyString\": false, \"sourceJavaType\": \"java.lang.String\", \"targetJavaType\": \"java.lang.String\"}}, {\"map\": {\"id\": \"9044d549-df3d-433c-9a4c-6f13583e406d\", \"root\": false, \"type\": \"map\", \"cached\": false, \"source\": \"/Vars/ErrorCount\", \"target\": \"/GenerateHTMLComplianceReportInput/ReportVars/ErrorCount\", \"mapNull\": false, \"disabled\": false, \"extractXml\": false, \"extractJson\": false, \"targetOrder\": 1.0, \"mapEmptyString\": false, \"sourceJavaType\": \"java.lang.String\", \"targetJavaType\": \"java.lang.String\"}}, {\"map\": {\"id\": \"09b4a04f-f284-4644-82c1-613d7ad215bf\", \"root\": false, \"type\": \"map\", \"cached\": false, \"source\": \"/Vars/WarningCount\", \"target\": \"/GenerateHTMLComplianceReportInput/ReportVars/WarningCount\", \"mapNull\": false, \"disabled\": false, \"extractXml\": false, \"extractJson\": false, \"targetOrder\": 1.0, \"mapEmptyString\": false, \"sourceJavaType\": \"java.lang.String\", \"targetJavaType\": \"java.lang.String\"}}, {\"map\": {\"id\": \"f50df8be-74c4-4f65-b483-5931a74e1cc9\", \"root\": false, \"type\": \"map\", \"cached\": false, \"source\": \"/Vars/RuleName\", \"target\": \"/GenerateHTMLComplianceReportInput/ReportVars/RuleName\", \"mapNull\": false, \"disabled\": false, \"extractXml\": false, \"extractJson\": false, \"targetOrder\": 1.0, \"mapEmptyString\": false, \"sourceJavaType\": \"java.lang.String\", \"targetJavaType\": \"java.lang.String\"}}, {\"map\": {\"id\": \"29922191-575b-448c-9557-7750c8cc1014\", \"root\": false, \"type\": \"map\", \"cached\": false, \"source\": \"/Vars/RuleType\", \"target\": \"/GenerateHTMLComplianceReportInput/ReportVars/RuleType\", \"mapNull\": false, \"disabled\": false, \"extractXml\": false, \"extractJson\": false, \"targetOrder\": 1.0, \"mapEmptyString\": false, \"sourceJavaType\": \"java.lang.String\", \"targetJavaType\": \"java.lang.String\"}}, {\"map\": {\"id\": \"5907a30c-cd1e-4522-a4c7-2b24358758b4\", \"root\": true, \"type\": \"list\", \"cached\": false, \"source\": \"/AmplifyAPISpecLintingJobWebhookPayloadParserOutput/AmplifyAPISpecLintingJobWebhookPayload/payload/result/details[]\", \"target\": \"/GenerateHTMLComplianceReportInput/ReportVars/ComplianceReportDetailsArray/JsonArray[]\", \"mapNull\": false, \"disabled\": false, \"extractXml\": false, \"extractJson\": false, \"targetOrder\": 1.0, \"mapEmptyString\": false}}, {\"map\": {\"id\": \"c764ad76-4dbb-4601-aec3-f685ba413359\", \"root\": false, \"type\": \"map\", \"cached\": false, \"source\": \"/Vars/JobName\", \"target\": \"/GenerateHTMLComplianceReportInput/ReportVars/JobName\", \"mapNull\": false, \"disabled\": false, \"extractXml\": false, \"extractJson\": false, \"targetOrder\": 1.0, \"mapEmptyString\": false, \"sourceJavaType\": \"java.lang.String\", \"targetJavaType\": \"java.lang.String\"}}, {\"map\": {\"id\": \"bbb2d580-0cbf-4931-9104-bc3b46edc749\", \"root\": false, \"type\": \"map\", \"cached\": false, \"source\": \"/Vars/JobId\", \"target\": \"/GenerateHTMLComplianceReportInput/ReportVars/JobId\", \"mapNull\": false, \"disabled\": false, \"extractXml\": false, \"extractJson\": false, \"targetOrder\": 1.0, \"mapEmptyString\": false, \"sourceJavaType\": \"java.lang.String\", \"targetJavaType\": \"java.lang.String\"}}, {\"map\": {\"id\": \"69056156-6039-4fba-bea0-98ba6f43ca46\", \"root\": false, \"type\": \"map\", \"cached\": false, \"source\": \"/Vars/OASDocURL\", \"target\": \"/GenerateHTMLComplianceReportInput/ReportVars/OASDocUrl\", \"mapNull\": false, \"disabled\": false, \"extractXml\": false, \"extractJson\": false, \"targetOrder\": 1.0, \"mapEmptyString\": false, \"sourceJavaType\": \"java.lang.String\", \"targetJavaType\": \"java.lang.String\"}}]}",
    "null" : false
  },
  "output_config_json" : {
    "type" : "jsonb",
    "value" : "{\"crossRef\": [], \"services\": [], \"multistep\": [], \"operations\": [{\"map\": {\"id\": \"54165d64-599b-412e-ae7f-28818a332662\", \"root\": true, \"type\": \"map\", \"cached\": false, \"source\": \"/GenerateHTMLComplianceReportOutput\", \"target\": \"/GenerateHTMLComplianceReportOutput\", \"mapNull\": false, \"disabled\": false, \"extractXml\": false, \"extractJson\": false, \"targetOrder\": 1.0, \"mapEmptyString\": false}}]}",
    "null" : false
  },
  "component_id" : "756d919f-1b1f-4eab-9f44-2f7b5bbe175c",
  "service_id" : "3c216011-0bad-4919-8125-318f5e2b36c0",
  "endpoint_id" : null,
  "parent_component_config_id" : "b20f7c79-bda4-49f7-ab57-26b556a43929",
  "component_config_order" : 4.0,
  "action_id" : "8e231fcc-71d0-43f6-9303-70dcb0ca6080",
  "name" : "Generate html report",
  "description" : "",
  "override_endpoint" : false,
  "input_structure_json" : {
    "type" : "jsonb",
    "value" : "{\"maps\": [{\"/GenerateHTMLComplianceReportInput/ReportVars/APIName\": [{\"type\": \"map\", \"source\": {\"path\": \"/Vars/APIName\", \"title\": \"APIName\", \"dataElementType\": \"string\"}, \"target\": {\"path\": \"/GenerateHTMLComplianceReportInput/ReportVars/APIName\", \"order\": 1, \"title\": \"APIName\", \"dataElementType\": \"string\"}, \"mapCondition\": {\"isConditionSet\": false, \"sourceTreeIndex\": [], \"targetTreeIndex\": [], \"mapConditionFormValue\": {}}}]}, {\"/GenerateHTMLComplianceReportInput/ReportVars/EnvName\": [{\"type\": \"map\", \"source\": {\"path\": \"/Vars/EnvironmentName\", \"title\": \"EnvironmentName\", \"dataElementType\": \"string\"}, \"target\": {\"path\": \"/GenerateHTMLComplianceReportInput/ReportVars/EnvName\", \"order\": 1, \"title\": \"EnvName\", \"dataElementType\": \"string\"}, \"mapCondition\": {\"isConditionSet\": false, \"sourceTreeIndex\": [], \"targetTreeIndex\": [], \"mapConditionFormValue\": {}}}]}, {\"/GenerateHTMLComplianceReportInput/ReportVars/Score\": [{\"type\": \"map\", \"source\": {\"path\": \"/Vars/Score\", \"title\": \"Score\", \"dataElementType\": \"string\"}, \"target\": {\"path\": \"/GenerateHTMLComplianceReportInput/ReportVars/Score\", \"order\": 1, \"title\": \"Score\", \"dataElementType\": \"string\"}, \"mapCondition\": {\"isConditionSet\": false, \"sourceTreeIndex\": [], \"targetTreeIndex\": [], \"mapConditionFormValue\": {}}}]}, {\"/GenerateHTMLComplianceReportInput/ReportVars/ErrorCount\": [{\"type\": \"map\", \"source\": {\"path\": \"/Vars/ErrorCount\", \"title\": \"ErrorCount\", \"dataElementType\": \"string\"}, \"target\": {\"path\": \"/GenerateHTMLComplianceReportInput/ReportVars/ErrorCount\", \"order\": 1, \"title\": \"ErrorCount\", \"dataElementType\": \"string\"}, \"mapCondition\": {\"isConditionSet\": false, \"sourceTreeIndex\": [], \"targetTreeIndex\": [], \"mapConditionFormValue\": {}}}]}, {\"/GenerateHTMLComplianceReportInput/ReportVars/WarningCount\": [{\"type\": \"map\", \"source\": {\"path\": \"/Vars/WarningCount\", \"title\": \"WarningCount\", \"dataElementType\": \"string\"}, \"target\": {\"path\": \"/GenerateHTMLComplianceReportInput/ReportVars/WarningCount\", \"order\": 1, \"title\": \"WarningCount\", \"dataElementType\": \"string\"}, \"mapCondition\": {\"isConditionSet\": false, \"sourceTreeIndex\": [], \"targetTreeIndex\": [], \"mapConditionFormValue\": {}}}]}, {\"/GenerateHTMLComplianceReportInput/ReportVars/RuleName\": [{\"type\": \"map\", \"source\": {\"path\": \"/Vars/RuleName\", \"title\": \"RuleName\", \"dataElementType\": \"string\"}, \"target\": {\"path\": \"/GenerateHTMLComplianceReportInput/ReportVars/RuleName\", \"order\": 1, \"title\": \"RuleName\", \"dataElementType\": \"string\"}, \"mapCondition\": {\"isConditionSet\": false, \"sourceTreeIndex\": [], \"targetTreeIndex\": [], \"mapConditionFormValue\": {}}}]}, {\"/GenerateHTMLComplianceReportInput/ReportVars/RuleType\": [{\"type\": \"map\", \"source\": {\"path\": \"/Vars/RuleType\", \"title\": \"RuleType\", \"dataElementType\": \"string\"}, \"target\": {\"path\": \"/GenerateHTMLComplianceReportInput/ReportVars/RuleType\", \"order\": 1, \"title\": \"RuleType\", \"dataElementType\": \"string\"}, \"mapCondition\": {\"isConditionSet\": false, \"sourceTreeIndex\": [], \"targetTreeIndex\": [], \"mapConditionFormValue\": {}}}]}, {\"/GenerateHTMLComplianceReportInput/ReportVars/ComplianceReportDetailsArray/JsonArray[]\": [{\"type\": \"list\", \"source\": {\"path\": \"/AmplifyAPISpecLintingJobWebhookPayloadParserOutput/AmplifyAPISpecLintingJobWebhookPayload/payload/result/details[]\", \"title\": \"details\", \"dataElementType\": \"documentArray\"}, \"target\": {\"path\": \"/GenerateHTMLComplianceReportInput/ReportVars/ComplianceReportDetailsArray/JsonArray[]\", \"order\": 1, \"title\": \"JsonArray\", \"dataElementType\": \"documentArray\"}, \"mapCondition\": {\"isConditionSet\": false, \"sourceTreeIndex\": [{\"key\": 1, \"title\": \"AmplifyAPISpecLintingJobWebhookPayloadParserOutput\", \"isLeaf\": false, \"isArray\": false, \"children\": [{\"key\": 2, \"title\": \"AmplifyAPISpecLintingJobWebhookPayload\", \"isLeaf\": false, \"isArray\": false, \"children\": [{\"key\": 3, \"title\": \"payload\", \"isLeaf\": false, \"isArray\": false, \"children\": [{\"key\": 4, \"title\": \"result\", \"isLeaf\": false, \"isArray\": false, \"children\": [{\"key\": 5, \"title\": \"details[]\", \"isLeaf\": false, \"isArray\": true, \"parentKey\": 4, \"arrayIndex\": null}], \"parentKey\": 3}], \"parentKey\": 2}], \"parentKey\": 1}], \"parentKey\": 0}], \"targetTreeIndex\": [{\"key\": 1, \"title\": \"GenerateHTMLComplianceReportInput\", \"isLeaf\": false, \"isArray\": false, \"children\": [{\"key\": 2, \"title\": \"ReportVars\", \"isLeaf\": false, \"isArray\": false, \"children\": [{\"key\": 3, \"title\": \"ComplianceReportDetailsArray\", \"isLeaf\": false, \"isArray\": false, \"children\": [{\"key\": 4, \"title\": \"JsonArray[]\", \"isLeaf\": false, \"isArray\": true, \"parentKey\": 3, \"arrayIndex\": null}], \"parentKey\": 2}], \"parentKey\": 1}], \"parentKey\": 0}], \"mapConditionFormValue\": {}}}]}, {\"/GenerateHTMLComplianceReportInput/ReportVars/JobName\": [{\"type\": \"map\", \"source\": {\"path\": \"/Vars/JobName\", \"title\": \"JobName\", \"dataElementType\": \"string\"}, \"target\": {\"path\": \"/GenerateHTMLComplianceReportInput/ReportVars/JobName\", \"order\": 1, \"title\": \"JobName\", \"dataElementType\": \"string\"}, \"mapCondition\": {\"isConditionSet\": false, \"sourceTreeIndex\": [], \"targetTreeIndex\": [], \"mapConditionFormValue\": {}}}]}, {\"/GenerateHTMLComplianceReportInput/ReportVars/JobId\": [{\"type\": \"map\", \"source\": {\"path\": \"/Vars/JobId\", \"title\": \"JobId\", \"dataElementType\": \"string\"}, \"target\": {\"path\": \"/GenerateHTMLComplianceReportInput/ReportVars/JobId\", \"order\": 1, \"title\": \"JobId\", \"dataElementType\": \"string\"}, \"mapCondition\": {\"isConditionSet\": false, \"sourceTreeIndex\": [], \"targetTreeIndex\": [], \"mapConditionFormValue\": {}}}]}, {\"/GenerateHTMLComplianceReportInput/ReportVars/OASDocUrl\": [{\"type\": \"map\", \"source\": {\"path\": \"/Vars/OASDocURL\", \"title\": \"OASDocURL\", \"dataElementType\": \"string\"}, \"target\": {\"path\": \"/GenerateHTMLComplianceReportInput/ReportVars/OASDocUrl\", \"order\": 1, \"title\": \"OASDocUrl\", \"dataElementType\": \"string\"}, \"mapCondition\": {\"isConditionSet\": false, \"sourceTreeIndex\": [], \"targetTreeIndex\": [], \"mapConditionFormValue\": {}}}]}], \"mappedNodes\": [\"/GenerateHTMLComplianceReportOutputactionOut\", \"/GenerateHTMLComplianceReportOutputpipeOut\", \"/Vars/APIName pipeIn\", \"/GenerateHTMLComplianceReportInput/ReportVars/APIName actionIn\", \"/Vars/EnvironmentName pipeIn\", \"/GenerateHTMLComplianceReportInput/ReportVars/EnvName actionIn\", \"/Vars/Score pipeIn\", \"/GenerateHTMLComplianceReportInput/ReportVars/Score actionIn\", \"/Vars/ErrorCount pipeIn\", \"/GenerateHTMLComplianceReportInput/ReportVars/ErrorCount actionIn\", \"/Vars/WarningCount pipeIn\", \"/GenerateHTMLComplianceReportInput/ReportVars/WarningCount actionIn\", \"/Vars/RuleName pipeIn\", \"/GenerateHTMLComplianceReportInput/ReportVars/RuleName actionIn\", \"/Vars/RuleType pipeIn\", \"/GenerateHTMLComplianceReportInput/ReportVars/RuleType actionIn\", \"/AmplifyAPISpecLintingJobWebhookPayloadParserOutput/AmplifyAPISpecLintingJobWebhookPayload/payload/result/details[] pipeIn\", \"/GenerateHTMLComplianceReportInput/ReportVars/ComplianceReportDetailsArray/JsonArray[] actionIn\", \"/Vars/JobName pipeIn\", \"/GenerateHTMLComplianceReportInput/ReportVars/JobName actionIn\", \"/Vars/JobId pipeIn\", \"/GenerateHTMLComplianceReportInput/ReportVars/JobId actionIn\", \"/Vars/OASDocURL pipeIn\", \"/GenerateHTMLComplianceReportInput/ReportVars/OASDocUrl actionIn\"]}",
    "null" : false
  },
  "output_structure_json" : {
    "type" : "jsonb",
    "value" : "{\"maps\": [{\"/GenerateHTMLComplianceReportOutput\": [{\"type\": \"map\", \"source\": {\"path\": \"/GenerateHTMLComplianceReportOutput\", \"title\": \"GenerateHTMLComplianceReportOutput\", \"dataElementType\": \"document\"}, \"target\": {\"path\": \"/GenerateHTMLComplianceReportOutput\", \"order\": 1, \"title\": \"GenerateHTMLComplianceReportOutput\", \"dataElementType\": \"document\"}, \"mapCondition\": {\"isConditionSet\": false, \"sourceTreeIndex\": [], \"targetTreeIndex\": [], \"mapConditionFormValue\": {}}}]}], \"tracks\": {}, \"transformer\": []}",
    "null" : false
  },
  "endpoint_structure_json" : {
    "type" : "jsonb",
    "value" : "{\"maps\": []}",
    "null" : false
  },
  "is_error" : false,
  "no_of_errors" : 0,
  "action_input_type" : null,
  "config_service_id" : "bd79c657-5bce-4065-85c1-02b45a22f478",
  "config_imap_id" : null,
  "config_b2b_document_type_id" : null,
  "config_document_id" : null,
  "add_variables" : {
    "type" : "jsonb",
    "value" : "[]",
    "null" : false
  },
  "drop_variables" : {
    "type" : "jsonb",
    "value" : "[]",
    "null" : false
  },
  "plug_input_structure" : null,
  "plug_output_structure" : null,
  "config_plug_id" : null,
  "override_plug" : false,
  "config_java_service_id" : null,
  "service_tag" : "EMPTY",
  "endpoint_tag" : "EMPTY",
  "config_service_tag" : "EMPTY",
  "config_imap_tag" : "EMPTY",
  "config_b2b_document_type_tag" : "EMPTY",
  "active" : true,
  "parent_component_config_service_tag" : "EMPTY",
  "service_project_id" : "5e4ed772-e812-4368-9b48-c95ba4e3ec23",
  "service_project_tag" : "EMPTY",
  "config_service_project_id" : "5e4ed772-e812-4368-9b48-c95ba4e3ec23",
  "config_service_project_tag" : "EMPTY",
  "config_imap_project_id" : null,
  "config_imap_project_tag" : "EMPTY",
  "config_b2b_document_type_project_id" : null,
  "config_b2b_document_type_project_tag" : "EMPTY",
  "endpoint_project_id" : null,
  "endpoint_project_tag" : "EMPTY",
  "config_plug_tag" : "EMPTY",
  "config_plug_project_id" : null,
  "config_plug_project_tag" : "EMPTY",
  "config_java_service_tag" : "EMPTY",
  "config_java_service_project_id" : null,
  "config_java_service_project_tag" : "EMPTY",
  "disabled" : false,
  "config" : {
    "type" : "json",
    "value" : "{\"serviceProjectName\":\"AmplifyCentralIntegrationExamples\"}",
    "null" : false
  },
  "config_b2b_document_type_project_mode_id" : "112c1cb8-4b9e-4d1a-a042-0bd031dc7d05",
  "config_imap_project_mode_id" : "112c1cb8-4b9e-4d1a-a042-0bd031dc7d05",
  "config_java_service_project_mode_id" : "112c1cb8-4b9e-4d1a-a042-0bd031dc7d05",
  "config_plug_project_mode_id" : "112c1cb8-4b9e-4d1a-a042-0bd031dc7d05",
  "config_service_project_mode_id" : "112c1cb8-4b9e-4d1a-a042-0bd031dc7d05",
  "endpoint_project_mode_id" : "112c1cb8-4b9e-4d1a-a042-0bd031dc7d05",
  "service_project_mode_id" : "112c1cb8-4b9e-4d1a-a042-0bd031dc7d05",
  "parent_component_config_service_project_mode_id" : "112c1cb8-4b9e-4d1a-a042-0bd031dc7d05",
  "is_audit" : true,
  "keys_with_order" : null
}