{
  "component_config_id" : "7bb63604-6ff9-42d0-9a7a-cfefb7418989",
  "endpoint_config_json" : {
    "type" : "jsonb",
    "value" : "{\"crossRef\": [], \"services\": [], \"multistep\": [], \"operations\": []}",
    "null" : false
  },
  "input_config_json" : {
    "type" : "jsonb",
    "value" : "{\"crossRef\": [], \"services\": [], \"multistep\": [], \"operations\": [{\"map\": {\"id\": \"17c6f4f4-9ab5-481a-8aaa-f19d5de5017f\", \"root\": false, \"type\": \"map\", \"cached\": false, \"source\": \"/queryString\", \"target\": \"/HTTPSGetInput/queryParams/c\", \"mapNull\": false, \"disabled\": false, \"extractXml\": false, \"extractJson\": false, \"targetOrder\": 1.0, \"mapEmptyString\": false, \"sourceJavaType\": \"java.lang.String\", \"targetJavaType\": \"java.lang.String\"}}, {\"map\": {\"id\": \"e6708a9b-9967-426c-bca3-d6c0cc9b59e8\", \"root\": false, \"type\": \"setValue\", \"cached\": false, \"target\": \"/HTTPSGetInput/basePath\", \"mapNull\": false, \"disabled\": false, \"extractXml\": false, \"extractJson\": false, \"targetOrder\": 3.0, \"targetValue\": \"/chart\", \"mapEmptyString\": false, \"targetJavaType\": \"java.lang.String\", \"variableSubstitution\": false}}, {\"map\": {\"id\": \"d6647f54-be22-49a5-95c3-434d4fe57af5\", \"root\": false, \"type\": \"setValue\", \"cached\": false, \"target\": \"/HTTPSGetInput/headers/Accept\", \"mapNull\": false, \"disabled\": false, \"extractXml\": false, \"extractJson\": false, \"targetOrder\": 1.0, \"targetValue\": \"image/png\", \"mapEmptyString\": false, \"targetJavaType\": \"java.lang.String\", \"variableSubstitution\": false}}, {\"map\": {\"id\": \"081c96e4-6b95-4946-80b9-c35f3aff9676\", \"root\": false, \"type\": \"setValue\", \"cached\": false, \"target\": \"/HTTPSGetInput/headers/Content-Type\", \"mapNull\": false, \"disabled\": false, \"extractXml\": false, \"extractJson\": false, \"targetOrder\": 1.0, \"targetValue\": \"application/json\", \"mapEmptyString\": false, \"targetJavaType\": \"java.lang.String\", \"variableSubstitution\": false}}]}",
    "null" : false
  },
  "output_config_json" : {
    "type" : "jsonb",
    "value" : "{\"crossRef\": [], \"services\": [], \"multistep\": [], \"operations\": [{\"map\": {\"id\": \"9d257d51-4e8e-4310-b2c0-9778e159ae06\", \"root\": true, \"type\": \"map\", \"cached\": false, \"source\": \"/HTTPSGetOutput\", \"target\": \"/HTTPSGetOutput\", \"mapNull\": false, \"disabled\": false, \"extractXml\": false, \"extractJson\": false, \"mapEmptyString\": false}}]}",
    "null" : false
  },
  "component_id" : "1dd81dfd-e452-4eb3-bbd7-bc6f0da00cbd",
  "service_id" : "b752eb1d-fa85-4dbc-a147-e7532cf1c21f",
  "endpoint_id" : "4f3fba91-c977-4201-8202-7b6246607f60",
  "parent_component_config_id" : null,
  "component_config_order" : 6.0,
  "action_id" : "1b4bc7a2-679b-4779-ad98-79fc11210459",
  "name" : "Get chart",
  "description" : "",
  "override_endpoint" : false,
  "input_structure_json" : {
    "type" : "jsonb",
    "value" : "{\"maps\": [{\"/HTTPSGetInput/basePath\": [{\"type\": \"setValue\", \"target\": {\"path\": \"/HTTPSGetInput/basePath\", \"order\": 3, \"title\": \"basePath\", \"dataElementType\": \"string\"}, \"values\": [{\"id\": \"1e37dc34-1e09-4256-8ed9-3b5df0ad533c\", \"key\": \"/HTTPSGetInput/basePath\", \"type\": \"object\", \"order\": 3, \"title\": \"basePath\", \"isLeaf\": false, \"children\": [], \"setValue\": null, \"uiElement\": \"/chart\", \"isSetValue\": false, \"childrenSet\": false, \"hasChildren\": false, \"dataElementType\": \"string\"}], \"mapCondition\": {\"isConditionSet\": false, \"sourceTreeIndex\": [], \"targetTreeIndex\": [], \"mapConditionFormValue\": {}}, \"variableSubstitution\": false, \"overwritePipelineValue\": false}]}, {\"/HTTPSGetInput/queryParams/c\": [{\"type\": \"map\", \"source\": {\"path\": \"/queryString\", \"title\": \"queryString\", \"dataElementType\": \"string\"}, \"target\": {\"path\": \"/HTTPSGetInput/queryParams/c\", \"order\": 1, \"title\": \"c\", \"dataElementType\": \"string\"}, \"mapCondition\": {\"isConditionSet\": false, \"sourceTreeIndex\": [], \"targetTreeIndex\": [], \"mapConditionFormValue\": {}}}]}, {\"/HTTPSGetInput/headers/Accept\": [{\"type\": \"setValue\", \"target\": {\"path\": \"/HTTPSGetInput/headers/Accept\", \"order\": 1, \"title\": \"Accept\", \"dataElementType\": \"string\"}, \"values\": [{\"id\": \"c7e5169a-a389-4dcf-8506-328961ecc3a4\", \"key\": \"/HTTPSGetInput/headers/Accept\", \"type\": \"node\", \"order\": 1, \"title\": \"Accept\", \"children\": [], \"setValue\": null, \"editAllow\": true, \"uiElement\": \"image/png\", \"isSetValue\": false, \"dataElementType\": \"string\", \"componentConfigId\": \"7bb63604-6ff9-42d0-9a7a-cfefb7418989\", \"componentConfigName\": \"HTTPS\"}], \"mapCondition\": {\"isConditionSet\": false, \"sourceTreeIndex\": [], \"targetTreeIndex\": [], \"mapConditionFormValue\": {}}, \"variableSubstitution\": false, \"overwritePipelineValue\": false}]}, {\"/HTTPSGetInput/headers/Content-Type\": [{\"type\": \"setValue\", \"target\": {\"path\": \"/HTTPSGetInput/headers/Content-Type\", \"order\": 1, \"title\": \"Content-Type\", \"dataElementType\": \"string\"}, \"values\": [{\"id\": \"42d148a8-4ca5-4778-a819-aeffc640a194\", \"key\": \"/HTTPSGetInput/headers/Content-Type\", \"type\": \"node\", \"order\": 1, \"title\": \"Content-Type\", \"children\": [], \"setValue\": null, \"editAllow\": true, \"uiElement\": \"application/json\", \"isSetValue\": false, \"dataElementType\": \"string\", \"componentConfigId\": \"7bb63604-6ff9-42d0-9a7a-cfefb7418989\", \"componentConfigName\": \"HTTPS\"}], \"mapCondition\": {\"isConditionSet\": false, \"sourceTreeIndex\": [], \"targetTreeIndex\": [], \"mapConditionFormValue\": {}}, \"variableSubstitution\": false, \"overwritePipelineValue\": false}]}], \"mappedNodes\": [\"/HTTPSGetOutput\", \"/HTTPSGetOutputpipeOut\", \"/HTTPSGetInput/basePath actionIn\", \"/HTTPSGetInput actionIn\", \"/queryString pipeIn\", \"/HTTPSGetInput/queryParams/c actionIn\", \"/HTTPSGetInput actionIn\", \"/HTTPSGetInput/headers/Accept actionIn\", \"/HTTPSGetInput/headers actionIn\", \"/HTTPSGetInput actionIn\", \"/HTTPSGetInput/headers/Content-Type actionIn\", \"/HTTPSGetInput/headers actionIn\", \"/HTTPSGetInput actionIn\"], \"addVariables\": [{\"id\": \"2be9c917-925a-4fe0-bd86-967d3b7eda65\", \"key\": \"/HTTPSGetInput/queryParams/c\", \"type\": \"node\", \"order\": 1, \"title\": \"c\", \"value\": {\"type\": \"string\"}, \"children\": [], \"editAllow\": true, \"componentName\": \"Get chart\", \"dataElementType\": \"string\", \"componentConfigId\": \"7bb63604-6ff9-42d0-9a7a-cfefb7418989\", \"componentConfigName\": \"HTTPS\"}, {\"id\": \"3346dd0e-9988-403f-a628-66b6cefbed0a\", \"key\": \"/HTTPSGetInput/headers/Accept\", \"type\": \"node\", \"order\": 1, \"title\": \"Accept\", \"value\": {\"type\": \"string\"}, \"children\": [], \"editAllow\": true, \"componentName\": \"Get chart\", \"dataElementType\": \"string\", \"componentConfigId\": \"7bb63604-6ff9-42d0-9a7a-cfefb7418989\", \"componentConfigName\": \"HTTPS\"}, {\"id\": \"8bdd63d4-dc60-4a88-8730-6d7f8f8bc40e\", \"key\": \"/HTTPSGetInput/headers/Content-Type\", \"type\": \"node\", \"order\": 1, \"title\": \"Content-Type\", \"value\": {\"type\": \"string\"}, \"children\": [], \"editAllow\": true, \"componentName\": \"Get chart\", \"dataElementType\": \"string\", \"componentConfigId\": \"7bb63604-6ff9-42d0-9a7a-cfefb7418989\", \"componentConfigName\": \"HTTPS\"}]}",
    "null" : false
  },
  "output_structure_json" : {
    "type" : "jsonb",
    "value" : "{\"maps\": [{\"/HTTPSGetOutput\": [{\"type\": \"map\", \"source\": {\"path\": \"/HTTPSGetOutput\", \"title\": \"HTTPSGetOutput\", \"dataElementType\": \"document\"}, \"target\": {\"path\": \"/HTTPSGetOutput\", \"alias\": null, \"order\": null, \"title\": \"HTTPSGetOutput\", \"dataElementType\": \"document\"}, \"mapCondition\": {\"mapNull\": null, \"defaultValue\": null, \"isConditionSet\": false, \"mapEmptyString\": null, \"sourceTreeIndex\": [], \"targetTreeIndex\": [], \"mapConditionFormValue\": {\"fields\": null}}}]}], \"tracks\": {}, \"transformer\": []}",
    "null" : false
  },
  "endpoint_structure_json" : {
    "type" : "jsonb",
    "value" : "{\"maps\": []}",
    "null" : false
  },
  "is_error" : false,
  "no_of_errors" : 0,
  "action_input_type" : null,
  "config_service_id" : null,
  "config_imap_id" : null,
  "config_b2b_document_type_id" : null,
  "config_document_id" : null,
  "add_variables" : {
    "type" : "jsonb",
    "value" : "[]",
    "null" : false
  },
  "drop_variables" : {
    "type" : "jsonb",
    "value" : "[]",
    "null" : false
  },
  "plug_input_structure" : null,
  "plug_output_structure" : null,
  "config_plug_id" : null,
  "override_plug" : false,
  "config_java_service_id" : null,
  "service_tag" : "EMPTY",
  "endpoint_tag" : "EMPTY",
  "config_service_tag" : "EMPTY",
  "config_imap_tag" : "EMPTY",
  "config_b2b_document_type_tag" : "EMPTY",
  "active" : true,
  "parent_component_config_service_tag" : "EMPTY",
  "service_project_id" : "5e4ed772-e812-4368-9b48-c95ba4e3ec23",
  "service_project_tag" : "EMPTY",
  "config_service_project_id" : null,
  "config_service_project_tag" : "EMPTY",
  "config_imap_project_id" : null,
  "config_imap_project_tag" : "EMPTY",
  "config_b2b_document_type_project_id" : null,
  "config_b2b_document_type_project_tag" : "EMPTY",
  "endpoint_project_id" : "5e4ed772-e812-4368-9b48-c95ba4e3ec23",
  "endpoint_project_tag" : "EMPTY",
  "config_plug_tag" : "EMPTY",
  "config_plug_project_id" : null,
  "config_plug_project_tag" : "EMPTY",
  "config_java_service_tag" : "EMPTY",
  "config_java_service_project_id" : null,
  "config_java_service_project_tag" : "EMPTY",
  "disabled" : false,
  "config" : {
    "type" : "json",
    "value" : "{}",
    "null" : false
  },
  "config_b2b_document_type_project_mode_id" : "112c1cb8-4b9e-4d1a-a042-0bd031dc7d05",
  "config_imap_project_mode_id" : "112c1cb8-4b9e-4d1a-a042-0bd031dc7d05",
  "config_java_service_project_mode_id" : "112c1cb8-4b9e-4d1a-a042-0bd031dc7d05",
  "config_plug_project_mode_id" : "112c1cb8-4b9e-4d1a-a042-0bd031dc7d05",
  "config_service_project_mode_id" : "112c1cb8-4b9e-4d1a-a042-0bd031dc7d05",
  "endpoint_project_mode_id" : "112c1cb8-4b9e-4d1a-a042-0bd031dc7d05",
  "service_project_mode_id" : "112c1cb8-4b9e-4d1a-a042-0bd031dc7d05",
  "parent_component_config_service_project_mode_id" : "112c1cb8-4b9e-4d1a-a042-0bd031dc7d05",
  "is_audit" : true,
  "keys_with_order" : null
}