{
  "component_config_id" : "322effcb-0817-4d7e-8a12-17211b2caf93",
  "endpoint_config_json" : {
    "type" : "jsonb",
    "value" : "{\"crossRef\": [], \"services\": [], \"multistep\": [], \"operations\": []}",
    "null" : false
  },
  "input_config_json" : {
    "type" : "jsonb",
    "value" : "{\"crossRef\": [], \"services\": [], \"multistep\": [], \"operations\": []}",
    "null" : false
  },
  "output_config_json" : {
    "type" : "jsonb",
    "value" : "{\"crossRef\": [], \"services\": [], \"multistep\": [], \"operations\": [{\"transformer\": {\"id\": \"c59ab7ff-03cb-4275-a48f-bf07bb759590\", \"name\": \"LIST_ARRAY_SIZE\", \"type\": \"List\", \"query\": null, \"inputs\": [{\"id\": \"88d01fa4-d300-45a3-9acb-9eccafd920dc\", \"root\": false, \"type\": \"list\", \"cached\": false, \"source\": \"/GetSubTransactionsWithGivenStateOutput/response/resultSet[]\", \"target\": \"/LIST_ARRAY_SIZE_INPUT/array[]\", \"mapNull\": false, \"disabled\": false, \"extractXml\": false, \"extractJson\": false, \"mapEmptyString\": false, \"targetJavaType\": \"java.lang.Object\"}], \"outputs\": [{\"id\": \"8649a0db-f8d9-45b3-bc6d-fd4059189346\", \"root\": false, \"type\": \"map\", \"cached\": false, \"source\": \"/LIST_ARRAY_SIZE_OUTPUT/size\", \"target\": \"/currentArraySize\", \"mapNull\": false, \"disabled\": false, \"extractXml\": false, \"extractJson\": false, \"targetOrder\": 1.0, \"mapEmptyString\": false, \"sourceJavaType\": \"java.lang.Integer\", \"targetJavaType\": \"java.lang.Integer\"}], \"tableId\": null, \"configId\": null, \"disabled\": false, \"serviceId\": null, \"expression\": null}}]}",
    "null" : false
  },
  "component_id" : "8ac5fe03-27a2-4e6a-a449-6a8893818223",
  "service_id" : "65060c6e-46d6-41f2-832c-65b410380e64",
  "endpoint_id" : null,
  "parent_component_config_id" : "9b7faad5-9068-4530-bba7-cedaa82a4bf9",
  "component_config_order" : 2.0,
  "action_id" : "06843b78-eab0-45da-afab-8c8277d7553f",
  "name" : "Get state count",
  "description" : "",
  "override_endpoint" : false,
  "input_structure_json" : {
    "type" : "jsonb",
    "value" : "{\"maps\": [], \"mappedNodes\": [\"/GetSubTransactionsWithGivenStateOutput/response/resultSet[] pipeIn\", \"/LIST_ARRAY_SIZE_INPUT/array[]0\", \"/LIST_ARRAY_SIZE_OUTPUT/size0\", \"/currentArraySizepipeOut\"]}",
    "null" : false
  },
  "output_structure_json" : {
    "type" : "jsonb",
    "value" : "{\"maps\": [], \"tracks\": {}, \"transformer\": [{\"inputs\": {\"/LIST_ARRAY_SIZE_INPUT/array[]\": [{\"type\": \"list\", \"source\": {\"path\": \"/GetSubTransactionsWithGivenStateOutput/response/resultSet[]\", \"title\": \"resultSet\", \"dataElementType\": \"documentArray\"}, \"target\": {\"path\": \"/LIST_ARRAY_SIZE_INPUT/array[]\", \"title\": \"array\", \"dataElementType\": \"objectArray\"}, \"mapCondition\": {\"isConditionSet\": false, \"sourceTreeIndex\": [{\"key\": 1, \"title\": \"GetSubTransactionsWithGivenStateOutput\", \"isLeaf\": false, \"isArray\": false, \"children\": [{\"key\": 2, \"title\": \"response\", \"isLeaf\": false, \"isArray\": false, \"children\": [{\"key\": 3, \"title\": \"resultSet[]\", \"isLeaf\": false, \"isArray\": true, \"parentKey\": 2, \"arrayIndex\": null}], \"parentKey\": 1}], \"parentKey\": 0}], \"targetTreeIndex\": [{\"key\": 1, \"title\": \"LIST_ARRAY_SIZE_INPUT\", \"isLeaf\": false, \"isArray\": false, \"children\": [{\"key\": 2, \"title\": \"array\", \"isLeaf\": false, \"isArray\": true, \"parentKey\": 1, \"arrayIndex\": null}], \"parentKey\": 0}], \"mapConditionFormValue\": {}}}]}, \"outputs\": {\"/currentArraySize\": [{\"type\": \"map\", \"source\": {\"path\": \"/LIST_ARRAY_SIZE_OUTPUT/size\", \"title\": \"size\", \"dataElementType\": \"integer\"}, \"target\": {\"path\": \"/currentArraySize\", \"order\": 1, \"title\": \"currentArraySize\", \"dataElementType\": \"integer\"}, \"mapCondition\": {\"isConditionSet\": false, \"sourceTreeIndex\": [], \"targetTreeIndex\": [], \"mapConditionFormValue\": {}}}]}, \"functionInfo\": {\"id\": \"da6bcf26-b479-4a50-b0f9-92968d9cab38\", \"name\": \"SizeOfArray\", \"category\": {\"id\": \"41a97f98-22ec-4738-9b60-e2e3bd2bc1f9\"}, \"internalName\": \"LIST_ARRAY_SIZE\"}}]}",
    "null" : false
  },
  "endpoint_structure_json" : {
    "type" : "jsonb",
    "value" : "{\"maps\": []}",
    "null" : false
  },
  "is_error" : false,
  "no_of_errors" : 0,
  "action_input_type" : null,
  "config_service_id" : null,
  "config_imap_id" : null,
  "config_b2b_document_type_id" : null,
  "config_document_id" : null,
  "add_variables" : {
    "type" : "jsonb",
    "value" : "[{\"id\": \"efbdbd37-b6b5-4e45-9b4b-81a8dae84703\", \"key\": \"/currentArraySize\", \"type\": \"node\", \"order\": 1, \"title\": \"currentArraySize\", \"value\": {\"type\": \"number\"}, \"children\": [], \"editAllow\": true, \"componentName\": \"Get state count\", \"dataElementType\": \"integer\", \"componentConfigId\": \"322effcb-0817-4d7e-8a12-17211b2caf93\", \"componentConfigName\": \"Map\"}]",
    "null" : false
  },
  "drop_variables" : {
    "type" : "jsonb",
    "value" : "[]",
    "null" : false
  },
  "plug_input_structure" : null,
  "plug_output_structure" : null,
  "config_plug_id" : null,
  "override_plug" : false,
  "config_java_service_id" : null,
  "service_tag" : "EMPTY",
  "endpoint_tag" : "EMPTY",
  "config_service_tag" : "EMPTY",
  "config_imap_tag" : "EMPTY",
  "config_b2b_document_type_tag" : "EMPTY",
  "active" : true,
  "parent_component_config_service_tag" : "EMPTY",
  "service_project_id" : "5e4ed772-e812-4368-9b48-c95ba4e3ec23",
  "service_project_tag" : "EMPTY",
  "config_service_project_id" : null,
  "config_service_project_tag" : "EMPTY",
  "config_imap_project_id" : null,
  "config_imap_project_tag" : "EMPTY",
  "config_b2b_document_type_project_id" : null,
  "config_b2b_document_type_project_tag" : "EMPTY",
  "endpoint_project_id" : null,
  "endpoint_project_tag" : "EMPTY",
  "config_plug_tag" : "EMPTY",
  "config_plug_project_id" : null,
  "config_plug_project_tag" : "EMPTY",
  "config_java_service_tag" : "EMPTY",
  "config_java_service_project_id" : null,
  "config_java_service_project_tag" : "EMPTY",
  "disabled" : false,
  "config" : null,
  "config_b2b_document_type_project_mode_id" : "112c1cb8-4b9e-4d1a-a042-0bd031dc7d05",
  "config_imap_project_mode_id" : "112c1cb8-4b9e-4d1a-a042-0bd031dc7d05",
  "config_java_service_project_mode_id" : "112c1cb8-4b9e-4d1a-a042-0bd031dc7d05",
  "config_plug_project_mode_id" : "112c1cb8-4b9e-4d1a-a042-0bd031dc7d05",
  "config_service_project_mode_id" : "112c1cb8-4b9e-4d1a-a042-0bd031dc7d05",
  "endpoint_project_mode_id" : "112c1cb8-4b9e-4d1a-a042-0bd031dc7d05",
  "service_project_mode_id" : "112c1cb8-4b9e-4d1a-a042-0bd031dc7d05",
  "parent_component_config_service_project_mode_id" : "112c1cb8-4b9e-4d1a-a042-0bd031dc7d05",
  "is_audit" : true,
  "keys_with_order" : null
}