{
  "component_config_id" : "21492fda-641d-47f5-8673-a9665596c317",
  "endpoint_config_json" : {
    "type" : "jsonb",
    "value" : "{\"crossRef\": [], \"services\": [], \"multistep\": [], \"operations\": []}",
    "null" : false
  },
  "input_config_json" : {
    "type" : "jsonb",
    "value" : "{\"crossRef\": [], \"services\": [], \"multistep\": [], \"operations\": [{\"map\": {\"id\": \"8f9775e4-c16b-443f-b442-9633fa0f3a24\", \"root\": false, \"type\": \"list\", \"cached\": false, \"source\": \"/AmplifyAPISpecLintingJobWebhookPayloadParserOutput/AmplifyAPISpecLintingJobWebhookPayload/payload/metadata/references[]/selfLink\", \"target\": \"/GetAPISpecLintingRulesetFromSelfLinkInput/selfLink\", \"mapNull\": false, \"disabled\": false, \"expression\": \"%{/AmplifyAPISpecLintingJobWebhookPayloadParserOutput/AmplifyAPISpecLintingJobWebhookPayload/payload/metadata/references[]/kind}% == \\\"APISpecLintingRuleset\\\" \", \"extractXml\": false, \"extractJson\": false, \"targetOrder\": 1.0, \"mapEmptyString\": false, \"sourceJavaType\": \"java.lang.String\", \"targetJavaType\": \"java.lang.String\"}}]}",
    "null" : false
  },
  "output_config_json" : {
    "type" : "jsonb",
    "value" : "{\"crossRef\": [], \"services\": [], \"multistep\": [], \"operations\": [{\"map\": {\"id\": \"880656ea-e732-421c-872e-aa16ebbe16cc\", \"root\": true, \"type\": \"map\", \"cached\": false, \"source\": \"/GetAPISpecLintingRulesetFromSelfLinkOutput\", \"target\": \"/GetAPISpecLintingRulesetFromSelfLinkOutput\", \"mapNull\": false, \"disabled\": false, \"extractXml\": false, \"extractJson\": false, \"targetOrder\": 1.0, \"mapEmptyString\": false}}]}",
    "null" : false
  },
  "component_id" : "756d919f-1b1f-4eab-9f44-2f7b5bbe175c",
  "service_id" : "3c216011-0bad-4919-8125-318f5e2b36c0",
  "endpoint_id" : null,
  "parent_component_config_id" : "89ad043e-a296-4735-a0f4-d4f7408e7ef7",
  "component_config_order" : 1.71875,
  "action_id" : "8e231fcc-71d0-43f6-9303-70dcb0ca6080",
  "name" : "Get API Spec Linting Ruleset",
  "description" : "",
  "override_endpoint" : false,
  "input_structure_json" : {
    "type" : "jsonb",
    "value" : "{\"maps\": [{\"/GetAPISpecLintingRulesetFromSelfLinkInput/selfLink\": [{\"type\": \"list\", \"source\": {\"path\": \"/AmplifyAPISpecLintingJobWebhookPayloadParserOutput/AmplifyAPISpecLintingJobWebhookPayload/payload/metadata/references[]/selfLink\", \"title\": \"selfLink\", \"dataElementType\": \"string\"}, \"target\": {\"path\": \"/GetAPISpecLintingRulesetFromSelfLinkInput/selfLink\", \"order\": 1, \"title\": \"selfLink\", \"dataElementType\": \"string\"}, \"mapCondition\": {\"defaultValue\": null, \"isConditionSet\": true, \"sourceTreeIndex\": [{\"key\": 1, \"title\": \"AmplifyAPISpecLintingJobWebhookPayloadParserOutput\", \"isLeaf\": false, \"isArray\": false, \"children\": [{\"key\": 2, \"title\": \"AmplifyAPISpecLintingJobWebhookPayload\", \"isLeaf\": false, \"isArray\": false, \"children\": [{\"key\": 3, \"title\": \"payload\", \"isLeaf\": false, \"isArray\": false, \"children\": [{\"key\": 4, \"title\": \"metadata\", \"isLeaf\": false, \"isArray\": false, \"children\": [{\"key\": 5, \"title\": \"references\", \"isLeaf\": false, \"isArray\": true, \"children\": [{\"key\": 6, \"title\": \"selfLink\", \"isLeaf\": false, \"isArray\": false, \"expanded\": true, \"parentKey\": 5}], \"expanded\": true, \"parentKey\": 4, \"arrayIndex\": null}], \"expanded\": true, \"parentKey\": 3}], \"expanded\": true, \"parentKey\": 2}], \"expanded\": true, \"parentKey\": 1}], \"expanded\": true, \"parentKey\": 0}], \"targetTreeIndex\": [{\"key\": 1, \"title\": \"GetAPISpecLintingRulesetFromSelfLinkInput\", \"isLeaf\": false, \"isArray\": false, \"children\": [{\"key\": 2, \"title\": \"selfLink\", \"isLeaf\": false, \"isArray\": false, \"expanded\": true, \"parentKey\": 1}], \"expanded\": true, \"parentKey\": 0}], \"mapConditionFormValue\": {\"fields\": [{\"id\": 1, \"path\": \"%{/AmplifyAPISpecLintingJobWebhookPayloadParserOutput/AmplifyAPISpecLintingJobWebhookPayload/payload/metadata/references[]/kind}%\", \"field\": \"/AmplifyAPISpecLintingJobWebhookPayloadParserOutput/AmplifyAPISpecLintingJobWebhookPayload/payload/metadata/references[]/kind\", \"value\": \"APISpecLintingRuleset\", \"isGroup\": false, \"children\": null, \"operator\": \"==\", \"operation\": \"&&\", \"isTreeChecked\": false, \"dataElementType\": \"string\"}]}}}]}], \"mappedNodes\": [\"/GetAPISpecLintingRulesetFromSelfLinkOutputactionOut\", \"/GetAPISpecLintingRulesetFromSelfLinkOutputpipeOut\", \"/AmplifyAPISpecLintingJobWebhookPayloadParserOutput/AmplifyAPISpecLintingJobWebhookPayload/payload/metadata/references[]/selfLink pipeIn\", \"/GetAPISpecLintingRulesetFromSelfLinkInput/selfLink actionIn\"]}",
    "null" : false
  },
  "output_structure_json" : {
    "type" : "jsonb",
    "value" : "{\"maps\": [{\"/GetAPISpecLintingRulesetFromSelfLinkOutput\": [{\"type\": \"map\", \"source\": {\"path\": \"/GetAPISpecLintingRulesetFromSelfLinkOutput\", \"title\": \"GetAPISpecLintingRulesetFromSelfLinkOutput\", \"dataElementType\": \"document\"}, \"target\": {\"path\": \"/GetAPISpecLintingRulesetFromSelfLinkOutput\", \"order\": 1, \"title\": \"GetAPISpecLintingRulesetFromSelfLinkOutput\", \"dataElementType\": \"document\"}, \"mapCondition\": {\"isConditionSet\": false, \"sourceTreeIndex\": [], \"targetTreeIndex\": [], \"mapConditionFormValue\": {}}}]}], \"tracks\": {}, \"transformer\": []}",
    "null" : false
  },
  "endpoint_structure_json" : {
    "type" : "jsonb",
    "value" : "{\"maps\": []}",
    "null" : false
  },
  "is_error" : false,
  "no_of_errors" : 0,
  "action_input_type" : null,
  "config_service_id" : "a176b2e2-48f2-412c-9b25-c57a7d01676c",
  "config_imap_id" : null,
  "config_b2b_document_type_id" : null,
  "config_document_id" : null,
  "add_variables" : {
    "type" : "jsonb",
    "value" : "[]",
    "null" : false
  },
  "drop_variables" : {
    "type" : "jsonb",
    "value" : "[]",
    "null" : false
  },
  "plug_input_structure" : null,
  "plug_output_structure" : null,
  "config_plug_id" : null,
  "override_plug" : false,
  "config_java_service_id" : null,
  "service_tag" : "EMPTY",
  "endpoint_tag" : "EMPTY",
  "config_service_tag" : "EMPTY",
  "config_imap_tag" : "EMPTY",
  "config_b2b_document_type_tag" : "EMPTY",
  "active" : true,
  "parent_component_config_service_tag" : "EMPTY",
  "service_project_id" : "5e4ed772-e812-4368-9b48-c95ba4e3ec23",
  "service_project_tag" : "EMPTY",
  "config_service_project_id" : "15dcb596-cc03-4642-b9df-9dc44a64ee86",
  "config_service_project_tag" : "EMPTY",
  "config_imap_project_id" : null,
  "config_imap_project_tag" : "EMPTY",
  "config_b2b_document_type_project_id" : null,
  "config_b2b_document_type_project_tag" : "EMPTY",
  "endpoint_project_id" : null,
  "endpoint_project_tag" : "EMPTY",
  "config_plug_tag" : "EMPTY",
  "config_plug_project_id" : null,
  "config_plug_project_tag" : "EMPTY",
  "config_java_service_tag" : "EMPTY",
  "config_java_service_project_id" : null,
  "config_java_service_project_tag" : "EMPTY",
  "disabled" : false,
  "config" : {
    "type" : "json",
    "value" : "{\"serviceProjectName\":\"AmplifyCentralIntegrationUtils\"}",
    "null" : false
  },
  "config_b2b_document_type_project_mode_id" : "112c1cb8-4b9e-4d1a-a042-0bd031dc7d05",
  "config_imap_project_mode_id" : "112c1cb8-4b9e-4d1a-a042-0bd031dc7d05",
  "config_java_service_project_mode_id" : "112c1cb8-4b9e-4d1a-a042-0bd031dc7d05",
  "config_plug_project_mode_id" : "112c1cb8-4b9e-4d1a-a042-0bd031dc7d05",
  "config_service_project_mode_id" : "112c1cb8-4b9e-4d1a-a042-0bd031dc7d05",
  "endpoint_project_mode_id" : "112c1cb8-4b9e-4d1a-a042-0bd031dc7d05",
  "service_project_mode_id" : "112c1cb8-4b9e-4d1a-a042-0bd031dc7d05",
  "parent_component_config_service_project_mode_id" : "112c1cb8-4b9e-4d1a-a042-0bd031dc7d05",
  "is_audit" : true,
  "keys_with_order" : null
}