{
  "component_config_id" : "8f1de585-25e0-48c1-8e47-dc34b25a781c",
  "endpoint_config_json" : {
    "type" : "jsonb",
    "value" : "{\"crossRef\": [], \"services\": [], \"multistep\": [], \"operations\": []}",
    "null" : false
  },
  "input_config_json" : {
    "type" : "jsonb",
    "value" : "{\"crossRef\": [], \"services\": [], \"multistep\": [], \"operations\": [{\"map\": {\"id\": \"5ce75d5e-a0fa-4366-a402-089b75e160aa\", \"root\": false, \"type\": \"setValue\", \"cached\": false, \"target\": \"/HTTPSPostInput/body\", \"mapNull\": false, \"disabled\": false, \"extractXml\": false, \"extractJson\": false, \"targetOrder\": 3.0, \"targetValue\": \"{\\n    \\\"@type\\\": \\\"MessageCard\\\",\\n    \\\"@context\\\": \\\"http://schema.org/extensions\\\",\\n    \\\"themeColor\\\": \\\"0076D7\\\",\\n    \\\"summary\\\": \\\"Marketplace Product Subscriptions Request\\\",\\n    \\\"sections\\\": [{\\n        \\\"activityTitle\\\": \\\"Marketplace Product Subscriptions Request\\\",\\n        \\\"activitySubtitle\\\": \\\"%{/Vars/MSTeamsMessageStr}%\\\",\\n        \\\"activityImage\\\": \\\"https://i.imgur.com/367ezJx.jpg\\\",\\n        \\\"markdown\\\": true\\n    }],\\n    \\\"potentialAction\\\": [{\\n        \\\"@type\\\": \\\"ActionCard\\\",\\n        \\\"name\\\": \\\"Approval Buttons\\\",\\n        \\\"actions\\\": [{\\n            \\\"@type\\\": \\\"HttpPOST\\\",\\n            \\\"name\\\": \\\"Approve\\\",\\n            \\\"target\\\": \\\"%{/Vars/ApproverUrl}%\\\",\\n            \\\"body\\\": \\\"{\\\\\\\"selfLink\\\\\\\":\\\\\\\"%{/GetSubscriptionDetailsFromSubscriptionPayloadOutput/SubscriptionSelfLink}%\\\\\\\",\\\\\\\"state\\\\\\\":\\\\\\\"approved\\\\\\\"}\\\"\\n        },{\\n            \\\"@type\\\": \\\"HttpPOST\\\",\\n            \\\"name\\\": \\\"Reject\\\",\\n            \\\"target\\\": \\\"%{/Vars/ApproverUrl}%\\\",\\n            \\\"body\\\": \\\"{\\\\\\\"selfLink\\\\\\\":\\\\\\\"%{/GetSubscriptionDetailsFromSubscriptionPayloadOutput/SubscriptionSelfLink}%\\\\\\\",\\\\\\\"state\\\\\\\":\\\\\\\"rejected\\\\\\\"}\\\"\\n        }]\\n    }]\\n}\", \"mapEmptyString\": false, \"targetJavaType\": \"java.lang.String\", \"variableSubstitution\": true}}]}",
    "null" : false
  },
  "output_config_json" : {
    "type" : "jsonb",
    "value" : "{\"crossRef\": [], \"services\": [], \"multistep\": [], \"operations\": [{\"map\": {\"id\": \"32ee7467-48dd-436c-b9fa-435ade47ea0f\", \"root\": true, \"type\": \"map\", \"cached\": false, \"source\": \"/HTTPSPostOutput\", \"target\": \"/HTTPSPostOutput\", \"mapNull\": false, \"disabled\": false, \"extractXml\": false, \"extractJson\": false, \"mapEmptyString\": false}}]}",
    "null" : false
  },
  "component_id" : "1dd81dfd-e452-4eb3-bbd7-bc6f0da00cbd",
  "service_id" : "f3ba8e96-dbf9-426b-8082-95a6cc6f2152",
  "endpoint_id" : "c2b74221-ff7d-4055-9921-b58be150f5a1",
  "parent_component_config_id" : "3ef3dc5b-2636-4bd9-94c7-c7846e501f60",
  "component_config_order" : 1.0,
  "action_id" : "c3ddf699-458d-4e3a-84e3-66f8320787eb",
  "name" : "Notify MS Teams",
  "description" : "",
  "override_endpoint" : false,
  "input_structure_json" : {
    "type" : "jsonb",
    "value" : "{\"maps\": [{\"/HTTPSPostInput/body\": [{\"type\": \"setValue\", \"target\": {\"path\": \"/HTTPSPostInput/body\", \"order\": 3, \"title\": \"body\", \"dataElementType\": \"string\"}, \"values\": [{\"id\": \"5537586e-5beb-4483-a753-c81ba1a26a71\", \"key\": \"/HTTPSPostInput/body\", \"type\": \"object\", \"order\": 3, \"title\": \"body\", \"isLeaf\": false, \"children\": [], \"setValue\": null, \"uiElement\": \"{\\n    \\\"@type\\\": \\\"MessageCard\\\",\\n    \\\"@context\\\": \\\"http://schema.org/extensions\\\",\\n    \\\"themeColor\\\": \\\"0076D7\\\",\\n    \\\"summary\\\": \\\"Marketplace Product Subscriptions Request\\\",\\n    \\\"sections\\\": [{\\n        \\\"activityTitle\\\": \\\"Marketplace Product Subscriptions Request\\\",\\n        \\\"activitySubtitle\\\": \\\"<input _ngcontent-kao-c270=\\\"\\\" class=\\\"chip\\\" title=\\\"/Vars/MSTeamsMessageStr\\\" readonly=\\\"true\\\" disabled=\\\"true\\\" type=\\\"button\\\" value=\\\"MSTeamsMessageStr\\\">\\\",\\n        \\\"activityImage\\\": \\\"https://i.imgur.com/367ezJx.jpg\\\",\\n        \\\"markdown\\\": true\\n    }],\\n    \\\"potentialAction\\\": [{\\n        \\\"@type\\\": \\\"ActionCard\\\",\\n        \\\"name\\\": \\\"Approval Buttons\\\",\\n        \\\"actions\\\": [{\\n            \\\"@type\\\": \\\"HttpPOST\\\",\\n            \\\"name\\\": \\\"Approve\\\",\\n            \\\"target\\\": \\\"<input _ngcontent-kao-c270=\\\"\\\" class=\\\"chip\\\" title=\\\"/Vars/ApproverUrl\\\" readonly=\\\"true\\\" disabled=\\\"true\\\" type=\\\"button\\\" value=\\\"ApproverUrl\\\">\\\",\\n            \\\"body\\\": \\\"{\\\\\\\"selfLink\\\\\\\":\\\\\\\"<input _ngcontent-vvh-c270=\\\"\\\" class=\\\"chip\\\" title=\\\"/GetSubscriptionDetailsFromSubscriptionPayloadOutput/SubscriptionSelfLink\\\" readonly=\\\"true\\\" disabled=\\\"true\\\" type=\\\"button\\\" value=\\\"SubscriptionSelfLink\\\">\\\\\\\",\\\\\\\"state\\\\\\\":\\\\\\\"approved\\\\\\\"}\\\"\\n        },{\\n            \\\"@type\\\": \\\"HttpPOST\\\",\\n            \\\"name\\\": \\\"Reject\\\",\\n            \\\"target\\\": \\\"<input _ngcontent-kao-c270=\\\"\\\" class=\\\"chip\\\" title=\\\"/Vars/ApproverUrl\\\" readonly=\\\"true\\\" disabled=\\\"true\\\" type=\\\"button\\\" value=\\\"ApproverUrl\\\">\\\",\\n            \\\"body\\\": \\\"{\\\\\\\"selfLink\\\\\\\":\\\\\\\"<input _ngcontent-vvh-c270=\\\"\\\" class=\\\"chip\\\" title=\\\"/GetSubscriptionDetailsFromSubscriptionPayloadOutput/SubscriptionSelfLink\\\" readonly=\\\"true\\\" disabled=\\\"true\\\" type=\\\"button\\\" value=\\\"SubscriptionSelfLink\\\">\\\\\\\",\\\\\\\"state\\\\\\\":\\\\\\\"rejected\\\\\\\"}\\\"\\n        }]\\n    }]\\n}\", \"isSetValue\": false, \"childrenSet\": false, \"hasChildren\": false, \"dataElementType\": \"string\"}], \"mapCondition\": {\"isConditionSet\": false, \"sourceTreeIndex\": [], \"targetTreeIndex\": [], \"mapConditionFormValue\": {}}, \"variableSubstitution\": true, \"overwritePipelineValue\": false}]}], \"mappedNodes\": [\"/HTTPSPostOutput\", \"/HTTPSPostOutputpipeOut\", \"/HTTPSPostInput/body actionIn\", \"/HTTPSPostInput actionIn\", \"/HTTPSPostInput actionIn\", \"/HTTPSPostInput/body actionIn\", \"/HTTPSPostInput actionIn\", \"/HTTPSPostInput actionIn\", \"/HTTPSPostInput/body actionIn\", \"/HTTPSPostInput actionIn\", \"/HTTPSPostInput/body actionIn\", \"/HTTPSPostInput actionIn\", \"/HTTPSPostInput actionIn\", \"/HTTPSPostInput/body actionIn\", \"/HTTPSPostInput actionIn\", \"/HTTPSPostInput actionIn\", \"/HTTPSPostInput/body actionIn\", \"/HTTPSPostInput actionIn\", \"/HTTPSPostInput/body actionIn\", \"/HTTPSPostInput actionIn\", \"/HTTPSPostInput actionIn\", \"/HTTPSPostInput/body actionIn\", \"/HTTPSPostInput actionIn\", \"/HTTPSPostInput actionIn\", \"/HTTPSPostInput/body actionIn\", \"/HTTPSPostInput actionIn\", \"/HTTPSPostInput actionIn\", \"/HTTPSPostInput/body actionIn\", \"/HTTPSPostInput actionIn\", \"/HTTPSPostInput actionIn\", \"/HTTPSPostInput/body actionIn\", \"/HTTPSPostInput actionIn\", \"/HTTPSPostInput actionIn\", \"/HTTPSPostInput/body actionIn\", \"/HTTPSPostInput actionIn\", \"/HTTPSPostInput actionIn\", \"/HTTPSPostInput/body actionIn\", \"/HTTPSPostInput actionIn\", \"/HTTPSPostInput actionIn\", \"/HTTPSPostInput/body actionIn\", \"/HTTPSPostInput actionIn\", \"/HTTPSPostInput/body actionIn\", \"/HTTPSPostInput actionIn\", \"/HTTPSPostInput actionIn\", \"/HTTPSPostInput/body actionIn\", \"/HTTPSPostInput actionIn\", \"/HTTPSPostInput actionIn\", \"/HTTPSPostInput actionIn\", \"/HTTPSPostInput/body actionIn\", \"/HTTPSPostInput actionIn\"]}",
    "null" : false
  },
  "output_structure_json" : {
    "type" : "jsonb",
    "value" : "{\"maps\": [{\"/HTTPSPostOutput\": [{\"type\": \"map\", \"source\": {\"path\": \"/HTTPSPostOutput\", \"title\": \"HTTPSPostOutput\", \"dataElementType\": \"document\"}, \"target\": {\"path\": \"/HTTPSPostOutput\", \"alias\": null, \"order\": null, \"title\": \"HTTPSPostOutput\", \"dataElementType\": \"document\"}, \"mapCondition\": {\"mapNull\": null, \"defaultValue\": null, \"isConditionSet\": false, \"mapEmptyString\": null, \"sourceTreeIndex\": [], \"targetTreeIndex\": [], \"mapConditionFormValue\": {\"fields\": null}}}]}], \"tracks\": {}, \"transformer\": []}",
    "null" : false
  },
  "endpoint_structure_json" : {
    "type" : "jsonb",
    "value" : "{\"maps\": []}",
    "null" : false
  },
  "is_error" : false,
  "no_of_errors" : 0,
  "action_input_type" : null,
  "config_service_id" : null,
  "config_imap_id" : null,
  "config_b2b_document_type_id" : null,
  "config_document_id" : null,
  "add_variables" : {
    "type" : "jsonb",
    "value" : "[]",
    "null" : false
  },
  "drop_variables" : {
    "type" : "jsonb",
    "value" : "[]",
    "null" : false
  },
  "plug_input_structure" : null,
  "plug_output_structure" : null,
  "config_plug_id" : null,
  "override_plug" : false,
  "config_java_service_id" : null,
  "service_tag" : "EMPTY",
  "endpoint_tag" : "EMPTY",
  "config_service_tag" : "EMPTY",
  "config_imap_tag" : "EMPTY",
  "config_b2b_document_type_tag" : "EMPTY",
  "active" : true,
  "parent_component_config_service_tag" : "EMPTY",
  "service_project_id" : "5e4ed772-e812-4368-9b48-c95ba4e3ec23",
  "service_project_tag" : "EMPTY",
  "config_service_project_id" : null,
  "config_service_project_tag" : "EMPTY",
  "config_imap_project_id" : null,
  "config_imap_project_tag" : "EMPTY",
  "config_b2b_document_type_project_id" : null,
  "config_b2b_document_type_project_tag" : "EMPTY",
  "endpoint_project_id" : "5e4ed772-e812-4368-9b48-c95ba4e3ec23",
  "endpoint_project_tag" : "EMPTY",
  "config_plug_tag" : "EMPTY",
  "config_plug_project_id" : null,
  "config_plug_project_tag" : "EMPTY",
  "config_java_service_tag" : "EMPTY",
  "config_java_service_project_id" : null,
  "config_java_service_project_tag" : "EMPTY",
  "disabled" : false,
  "config" : {
    "type" : "json",
    "value" : "{}",
    "null" : false
  },
  "config_b2b_document_type_project_mode_id" : "112c1cb8-4b9e-4d1a-a042-0bd031dc7d05",
  "config_imap_project_mode_id" : "112c1cb8-4b9e-4d1a-a042-0bd031dc7d05",
  "config_java_service_project_mode_id" : "112c1cb8-4b9e-4d1a-a042-0bd031dc7d05",
  "config_plug_project_mode_id" : "112c1cb8-4b9e-4d1a-a042-0bd031dc7d05",
  "config_service_project_mode_id" : "112c1cb8-4b9e-4d1a-a042-0bd031dc7d05",
  "endpoint_project_mode_id" : "112c1cb8-4b9e-4d1a-a042-0bd031dc7d05",
  "service_project_mode_id" : "112c1cb8-4b9e-4d1a-a042-0bd031dc7d05",
  "parent_component_config_service_project_mode_id" : "112c1cb8-4b9e-4d1a-a042-0bd031dc7d05",
  "is_audit" : true,
  "keys_with_order" : null
}