{
  "component_config_id" : "250ca915-dbc7-44e9-aef6-2d1bc2be9e9e",
  "endpoint_config_json" : {
    "type" : "jsonb",
    "value" : "{\"crossRef\": [], \"services\": [], \"multistep\": [], \"operations\": []}",
    "null" : false
  },
  "input_config_json" : {
    "type" : "jsonb",
    "value" : "{\"crossRef\": [], \"services\": [], \"multistep\": [], \"operations\": [{\"map\": {\"id\": \"593c78e4-3cec-4cc4-bc7c-5b44cd2f3748\", \"root\": true, \"type\": \"map\", \"cached\": false, \"source\": \"/AmplifyAgentWebhookPayloadParserOutput/AmplifyAgentWebhookPayload/payload\", \"target\": \"/ReportAgentStatusInput/Agent\", \"mapNull\": false, \"disabled\": false, \"extractXml\": false, \"extractJson\": false, \"targetOrder\": 1.0, \"mapEmptyString\": false}}, {\"map\": {\"id\": \"2578eade-0a54-4dc5-9d74-b17a26a4ead6\", \"root\": false, \"type\": \"map\", \"cached\": false, \"source\": \"/AmplifyCentralBaseAddress\", \"target\": \"/ReportAgentStatusInput/AmplifyCentralBaseAddress\", \"mapNull\": false, \"disabled\": false, \"extractXml\": false, \"extractJson\": false, \"targetOrder\": 1.0, \"mapEmptyString\": false, \"sourceJavaType\": \"java.lang.String\", \"targetJavaType\": \"java.lang.String\"}}, {\"map\": {\"id\": \"64375798-40be-49ba-ac61-0d4dfbcc6a0a\", \"root\": false, \"type\": \"map\", \"cached\": false, \"source\": \"/IncidentBaseAddress\", \"target\": \"/ReportAgentStatusInput/IncidentBaseAddress\", \"mapNull\": false, \"disabled\": false, \"extractXml\": false, \"extractJson\": false, \"targetOrder\": 1.0, \"mapEmptyString\": false, \"sourceJavaType\": \"java.lang.String\", \"targetJavaType\": \"java.lang.String\"}}, {\"map\": {\"id\": \"bad49d59-9354-4435-92f2-0fdd41fd1c19\", \"root\": false, \"type\": \"map\", \"cached\": false, \"source\": \"/AllAgentsStatusReportUrl\", \"target\": \"/ReportAgentStatusInput/AgentReportAPIUrl\", \"mapNull\": false, \"disabled\": false, \"extractXml\": false, \"extractJson\": false, \"targetOrder\": 1.0, \"mapEmptyString\": false, \"sourceJavaType\": \"java.lang.String\", \"targetJavaType\": \"java.lang.String\"}}]}",
    "null" : false
  },
  "output_config_json" : {
    "type" : "jsonb",
    "value" : "{\"crossRef\": [], \"services\": [], \"multistep\": [], \"operations\": [{\"map\": {\"id\": \"00ae815f-7a72-4bba-95ba-73dba6c9ce3b\", \"root\": true, \"type\": \"map\", \"cached\": false, \"source\": \"/ReportAgentStatusOutput\", \"target\": \"/ReportAgentStatusOutput\", \"mapNull\": false, \"disabled\": false, \"extractXml\": false, \"extractJson\": false, \"targetOrder\": 1.0, \"mapEmptyString\": false}}]}",
    "null" : false
  },
  "component_id" : "756d919f-1b1f-4eab-9f44-2f7b5bbe175c",
  "service_id" : "3f538b22-c2de-4d3e-9b6a-ff7a8d5743fc",
  "endpoint_id" : null,
  "parent_component_config_id" : "6f02e0a5-f8c7-4c50-b0cb-3b5aa6c0b0a6",
  "component_config_order" : 2.0,
  "action_id" : "8e231fcc-71d0-43f6-9303-70dcb0ca6080",
  "name" : "Report status",
  "description" : "",
  "override_endpoint" : false,
  "input_structure_json" : {
    "type" : "jsonb",
    "value" : "{\"maps\": [{\"/ReportAgentStatusInput/Agent\": [{\"type\": \"map\", \"source\": {\"path\": \"/AmplifyAgentWebhookPayloadParserOutput/AmplifyAgentWebhookPayload/payload\", \"title\": \"payload\", \"dataElementType\": \"document\"}, \"target\": {\"path\": \"/ReportAgentStatusInput/Agent\", \"order\": 1, \"title\": \"Agent\", \"dataElementType\": \"document\"}, \"mapCondition\": {\"isConditionSet\": false, \"sourceTreeIndex\": [], \"targetTreeIndex\": [], \"mapConditionFormValue\": {}}}]}, {\"/ReportAgentStatusInput/AmplifyCentralBaseAddress\": [{\"type\": \"map\", \"source\": {\"path\": \"/AmplifyCentralBaseAddress\", \"title\": \"AmplifyCentralBaseAddress\", \"dataElementType\": \"string\"}, \"target\": {\"path\": \"/ReportAgentStatusInput/AmplifyCentralBaseAddress\", \"order\": 1, \"title\": \"AmplifyCentralBaseAddress\", \"dataElementType\": \"string\"}, \"mapCondition\": {\"isConditionSet\": false, \"sourceTreeIndex\": [], \"targetTreeIndex\": [], \"mapConditionFormValue\": {}}}]}, {\"/ReportAgentStatusInput/IncidentBaseAddress\": [{\"type\": \"map\", \"source\": {\"path\": \"/IncidentBaseAddress\", \"title\": \"IncidentBaseAddress\", \"dataElementType\": \"string\"}, \"target\": {\"path\": \"/ReportAgentStatusInput/IncidentBaseAddress\", \"order\": 1, \"title\": \"IncidentBaseAddress\", \"dataElementType\": \"string\"}, \"mapCondition\": {\"isConditionSet\": false, \"sourceTreeIndex\": [], \"targetTreeIndex\": [], \"mapConditionFormValue\": {}}}]}, {\"/ReportAgentStatusInput/AgentReportAPIUrl\": [{\"type\": \"map\", \"source\": {\"path\": \"/AllAgentsStatusReportUrl\", \"title\": \"AllAgentsStatusReportUrl\", \"dataElementType\": \"string\"}, \"target\": {\"path\": \"/ReportAgentStatusInput/AgentReportAPIUrl\", \"order\": 1, \"title\": \"AgentReportAPIUrl\", \"dataElementType\": \"string\"}, \"mapCondition\": {\"isConditionSet\": false, \"sourceTreeIndex\": [], \"targetTreeIndex\": [], \"mapConditionFormValue\": {}}}]}], \"mappedNodes\": [\"/ReportAgentStatusOutputactionOut\", \"/ReportAgentStatusOutputpipeOut\", \"/AmplifyAgentWebhookPayloadParserOutput/AmplifyAgentWebhookPayload/payload pipeIn\", \"/ReportAgentStatusInput/Agent actionIn\", \"/AmplifyCentralBaseAddress pipeIn\", \"/ReportAgentStatusInput/AmplifyCentralBaseAddress actionIn\", \"/IncidentBaseAddress pipeIn\", \"/ReportAgentStatusInput/IncidentBaseAddress actionIn\", \"/AllAgentsStatusReportUrl pipeIn\", \"/ReportAgentStatusInput/AgentReportAPIUrl actionIn\"]}",
    "null" : false
  },
  "output_structure_json" : {
    "type" : "jsonb",
    "value" : "{\"maps\": [{\"/ReportAgentStatusOutput\": [{\"type\": \"map\", \"source\": {\"path\": \"/ReportAgentStatusOutput\", \"title\": \"ReportAgentStatusOutput\", \"dataElementType\": \"document\"}, \"target\": {\"path\": \"/ReportAgentStatusOutput\", \"order\": 1, \"title\": \"ReportAgentStatusOutput\", \"dataElementType\": \"document\"}, \"mapCondition\": {\"isConditionSet\": false, \"sourceTreeIndex\": [], \"targetTreeIndex\": [], \"mapConditionFormValue\": {}}}]}], \"tracks\": {}, \"transformer\": []}",
    "null" : false
  },
  "endpoint_structure_json" : {
    "type" : "jsonb",
    "value" : "{\"maps\": []}",
    "null" : false
  },
  "is_error" : false,
  "no_of_errors" : 0,
  "action_input_type" : null,
  "config_service_id" : "74e9db42-98d6-4127-823a-bb05471b39c4",
  "config_imap_id" : null,
  "config_b2b_document_type_id" : null,
  "config_document_id" : null,
  "add_variables" : {
    "type" : "jsonb",
    "value" : "[]",
    "null" : false
  },
  "drop_variables" : {
    "type" : "jsonb",
    "value" : "[]",
    "null" : false
  },
  "plug_input_structure" : null,
  "plug_output_structure" : null,
  "config_plug_id" : null,
  "override_plug" : false,
  "config_java_service_id" : null,
  "service_tag" : "EMPTY",
  "endpoint_tag" : "EMPTY",
  "config_service_tag" : "EMPTY",
  "config_imap_tag" : "EMPTY",
  "config_b2b_document_type_tag" : "EMPTY",
  "active" : true,
  "parent_component_config_service_tag" : "EMPTY",
  "service_project_id" : "5e4ed772-e812-4368-9b48-c95ba4e3ec23",
  "service_project_tag" : "EMPTY",
  "config_service_project_id" : "5e4ed772-e812-4368-9b48-c95ba4e3ec23",
  "config_service_project_tag" : "EMPTY",
  "config_imap_project_id" : null,
  "config_imap_project_tag" : "EMPTY",
  "config_b2b_document_type_project_id" : null,
  "config_b2b_document_type_project_tag" : "EMPTY",
  "endpoint_project_id" : null,
  "endpoint_project_tag" : "EMPTY",
  "config_plug_tag" : "EMPTY",
  "config_plug_project_id" : null,
  "config_plug_project_tag" : "EMPTY",
  "config_java_service_tag" : "EMPTY",
  "config_java_service_project_id" : null,
  "config_java_service_project_tag" : "EMPTY",
  "disabled" : false,
  "config" : {
    "type" : "json",
    "value" : "{\"serviceProjectName\":\"AmplifyCentralIntegrationExamples\"}",
    "null" : false
  },
  "config_b2b_document_type_project_mode_id" : "112c1cb8-4b9e-4d1a-a042-0bd031dc7d05",
  "config_imap_project_mode_id" : "112c1cb8-4b9e-4d1a-a042-0bd031dc7d05",
  "config_java_service_project_mode_id" : "112c1cb8-4b9e-4d1a-a042-0bd031dc7d05",
  "config_plug_project_mode_id" : "112c1cb8-4b9e-4d1a-a042-0bd031dc7d05",
  "config_service_project_mode_id" : "112c1cb8-4b9e-4d1a-a042-0bd031dc7d05",
  "endpoint_project_mode_id" : "112c1cb8-4b9e-4d1a-a042-0bd031dc7d05",
  "service_project_mode_id" : "112c1cb8-4b9e-4d1a-a042-0bd031dc7d05",
  "parent_component_config_service_project_mode_id" : "112c1cb8-4b9e-4d1a-a042-0bd031dc7d05",
  "is_audit" : true,
  "keys_with_order" : null
}