{
  "component_config_id" : "75720cd9-ddd8-4388-af27-0fc348e9ef16",
  "endpoint_config_json" : {
    "type" : "jsonb",
    "value" : "{\"crossRef\": [], \"services\": [], \"multistep\": [], \"operations\": []}",
    "null" : false
  },
  "input_config_json" : {
    "type" : "jsonb",
    "value" : "{\"crossRef\": [], \"services\": [], \"multistep\": [], \"operations\": [{\"map\": {\"id\": \"300e3e68-4ce9-472d-893d-29ea817bd8db\", \"root\": false, \"type\": \"setValue\", \"cached\": false, \"target\": \"/HTTPSPostInput/body\", \"mapNull\": false, \"disabled\": false, \"extractXml\": false, \"extractJson\": false, \"targetOrder\": 3.0, \"targetValue\": \"{\\n    \\\"@type\\\": \\\"MessageCard\\\",\\n    \\\"@context\\\": \\\"http://schema.org/extensions\\\",\\n    \\\"themeColor\\\": \\\"0076D7\\\",\\n    \\\"summary\\\": \\\"API Compliance Notification\\\",\\n    \\\"sections\\\": [{\\n        \\\"activityTitle\\\": \\\"API Compliance Notification\\\",\\n        \\\"activitySubtitle\\\": \\\"API Compliance %{/Vars/RuleType}% test completed for API: %{/Vars/APIName}%\\\",\\n        \\\"activityImage\\\": \\\"%{/Vars/ScoreImageUrl}%\\\",\\n        \\\"facts\\\": [{\\n            \\\"name\\\": \\\"API:\\\",\\n            \\\"value\\\": \\\"[%{/Vars/APIName}%](%{/Vars/APIUrl}%)\\\"\\n        }, {\\n            \\\"name\\\": \\\"Environment:\\\",\\n            \\\"value\\\": \\\"[%{/Vars/EnvironmentName}%](%{/Vars/EnvironmentUrl}%)\\\"\\n        }, {\\n            \\\"name\\\": \\\"Score:\\\",\\n            \\\"value\\\": \\\"%{/Vars/Score}%\\\"\\n        }, {\\n            \\\"name\\\": \\\"Error Count:\\\",\\n            \\\"value\\\": \\\"%{/Vars/ErrorCount}%\\\"\\n        }, {\\n            \\\"name\\\": \\\"Warning Count:\\\",\\n            \\\"value\\\": \\\"%{/Vars/WarningCount}%\\\"\\n        }, {\\n            \\\"name\\\": \\\"Rule Name:\\\",\\n            \\\"value\\\": \\\"%{/Vars/RuleName}%\\\"\\n        }, {\\n            \\\"name\\\": \\\"Rule Type:\\\",\\n            \\\"value\\\": \\\"%{/Vars/RuleType}%\\\"\\n        }, {\\n            \\\"name\\\": \\\"Job Name:\\\",\\n            \\\"value\\\": \\\"%{/Vars/JobName}%\\\"\\n        }, {\\n            \\\"name\\\": \\\"Job Id:\\\",\\n            \\\"value\\\": \\\"%{/Vars/JobId}%\\\"\\n        }, {\\n            \\\"name\\\": \\\"Incident:\\\",\\n            \\\"value\\\": \\\"[View Incident](%{/Vars/IncidentUrl}%%{/CreateIncidentOutput/response/result/sys_id}%)\\\"\\n        }, {\\n            \\\"name\\\": \\\"API Compliance Report:\\\",\\n            \\\"value\\\": \\\"[View API Compliance Report Details](%{/Vars/ReportUrl}%)\\\"\\n        }, {\\n            \\\"name\\\": \\\"API OAS Doc:\\\",\\n            \\\"value\\\": \\\"[View API OAS Doc](%{/Vars/OASDocURL}%)\\\"\\n        }],\\n        \\\"markdown\\\": true\\n    }]\\n}\\n\", \"mapEmptyString\": false, \"targetJavaType\": \"java.lang.String\", \"variableSubstitution\": true}}]}",
    "null" : false
  },
  "output_config_json" : {
    "type" : "jsonb",
    "value" : "{\"crossRef\": [], \"services\": [], \"multistep\": [], \"operations\": [{\"map\": {\"id\": \"12a1a85f-aa9d-4e0b-b42a-8f6504d0f401\", \"root\": true, \"type\": \"map\", \"cached\": false, \"source\": \"/HTTPSPostOutput\", \"target\": \"/HTTPSPostOutput\", \"mapNull\": false, \"disabled\": false, \"extractXml\": false, \"extractJson\": false, \"mapEmptyString\": false}}]}",
    "null" : false
  },
  "component_id" : "1dd81dfd-e452-4eb3-bbd7-bc6f0da00cbd",
  "service_id" : "3c216011-0bad-4919-8125-318f5e2b36c0",
  "endpoint_id" : "aeb1ee90-35f1-4664-b970-79e09c436194",
  "parent_component_config_id" : "b20f7c79-bda4-49f7-ab57-26b556a43929",
  "component_config_order" : 8.0,
  "action_id" : "c3ddf699-458d-4e3a-84e3-66f8320787eb",
  "name" : "Send to MS Teams",
  "description" : "",
  "override_endpoint" : false,
  "input_structure_json" : {
    "type" : "jsonb",
    "value" : "{\"maps\": [{\"/HTTPSPostInput/body\": [{\"type\": \"setValue\", \"target\": {\"path\": \"/HTTPSPostInput/body\", \"order\": 3, \"title\": \"body\", \"dataElementType\": \"string\"}, \"values\": [{\"id\": \"6498b5c7-38b3-45e4-97b2-85038e58d033\", \"key\": \"/HTTPSPostInput/body\", \"type\": \"object\", \"order\": 3, \"title\": \"body\", \"isLeaf\": false, \"children\": [], \"setValue\": null, \"uiElement\": \"{\\n    \\\"@type\\\": \\\"MessageCard\\\",\\n    \\\"@context\\\": \\\"http://schema.org/extensions\\\",\\n    \\\"themeColor\\\": \\\"0076D7\\\",\\n    \\\"summary\\\": \\\"API Compliance Notification\\\",\\n    \\\"sections\\\": [{\\n        \\\"activityTitle\\\": \\\"API Compliance Notification\\\",\\n        \\\"activitySubtitle\\\": \\\"API Compliance <input _ngcontent-ng-c1270903566=\\\"\\\" class=\\\"chip\\\" title=\\\"/Vars/RuleType\\\" readonly=\\\"true\\\" disabled=\\\"true\\\" type=\\\"button\\\" value=\\\"RuleType\\\"> test completed for API: <input _ngcontent-ng-c1270903566=\\\"\\\" class=\\\"chip\\\" title=\\\"/Vars/APIName\\\" readonly=\\\"true\\\" disabled=\\\"true\\\" type=\\\"button\\\" value=\\\"APIName\\\">\\\",\\n        \\\"activityImage\\\": \\\"<input _ngcontent-ng-c1270903566=\\\"\\\" class=\\\"chip\\\" title=\\\"/Vars/ScoreImageUrl\\\" readonly=\\\"true\\\" disabled=\\\"true\\\" type=\\\"button\\\" value=\\\"ScoreImageUrl\\\">\\\",\\n        \\\"facts\\\": [{\\n            \\\"name\\\": \\\"API:\\\",\\n            \\\"value\\\": \\\"[<input _ngcontent-ng-c1270903566=\\\"\\\" class=\\\"chip\\\" title=\\\"/Vars/APIName\\\" readonly=\\\"true\\\" disabled=\\\"true\\\" type=\\\"button\\\" value=\\\"APIName\\\">](<input _ngcontent-ng-c1270903566=\\\"\\\" class=\\\"chip\\\" title=\\\"/Vars/APIUrl\\\" readonly=\\\"true\\\" disabled=\\\"true\\\" type=\\\"button\\\" value=\\\"APIUrl\\\">)\\\"\\n        }, {\\n            \\\"name\\\": \\\"Environment:\\\",\\n            \\\"value\\\": \\\"[<input _ngcontent-ng-c1270903566=\\\"\\\" class=\\\"chip\\\" title=\\\"/Vars/EnvironmentName\\\" readonly=\\\"true\\\" disabled=\\\"true\\\" type=\\\"button\\\" value=\\\"EnvironmentName\\\">](<input _ngcontent-ng-c1270903566=\\\"\\\" class=\\\"chip\\\" title=\\\"/Vars/EnvironmentUrl\\\" readonly=\\\"true\\\" disabled=\\\"true\\\" type=\\\"button\\\" value=\\\"EnvironmentUrl\\\">)\\\"\\n        }, {\\n            \\\"name\\\": \\\"Score:\\\",\\n            \\\"value\\\": \\\"<input _ngcontent-ng-c1270903566=\\\"\\\" class=\\\"chip\\\" title=\\\"/Vars/Score\\\" readonly=\\\"true\\\" disabled=\\\"true\\\" type=\\\"button\\\" value=\\\"Score\\\">\\\"\\n        }, {\\n            \\\"name\\\": \\\"Error Count:\\\",\\n            \\\"value\\\": \\\"<input _ngcontent-ng-c1270903566=\\\"\\\" class=\\\"chip\\\" title=\\\"/Vars/ErrorCount\\\" readonly=\\\"true\\\" disabled=\\\"true\\\" type=\\\"button\\\" value=\\\"ErrorCount\\\">\\\"\\n        }, {\\n            \\\"name\\\": \\\"Warning Count:\\\",\\n            \\\"value\\\": \\\"<input _ngcontent-ng-c1270903566=\\\"\\\" class=\\\"chip\\\" title=\\\"/Vars/WarningCount\\\" readonly=\\\"true\\\" disabled=\\\"true\\\" type=\\\"button\\\" value=\\\"WarningCount\\\">\\\"\\n        }, {\\n            \\\"name\\\": \\\"Rule Name:\\\",\\n            \\\"value\\\": \\\"<input _ngcontent-ng-c1270903566=\\\"\\\" class=\\\"chip\\\" title=\\\"/Vars/RuleName\\\" readonly=\\\"true\\\" disabled=\\\"true\\\" type=\\\"button\\\" value=\\\"RuleName\\\">\\\"\\n        }, {\\n            \\\"name\\\": \\\"Rule Type:\\\",\\n            \\\"value\\\": \\\"<input _ngcontent-ng-c1270903566=\\\"\\\" class=\\\"chip\\\" title=\\\"/Vars/RuleType\\\" readonly=\\\"true\\\" disabled=\\\"true\\\" type=\\\"button\\\" value=\\\"RuleType\\\">\\\"\\n        }, {\\n            \\\"name\\\": \\\"Job Name:\\\",\\n            \\\"value\\\": \\\"<input _ngcontent-ng-c1270903566=\\\"\\\" class=\\\"chip\\\" title=\\\"/Vars/JobName\\\" readonly=\\\"true\\\" disabled=\\\"true\\\" type=\\\"button\\\" value=\\\"JobName\\\">\\\"\\n        }, {\\n            \\\"name\\\": \\\"Job Id:\\\",\\n            \\\"value\\\": \\\"<input _ngcontent-ng-c1270903566=\\\"\\\" class=\\\"chip\\\" title=\\\"/Vars/JobId\\\" readonly=\\\"true\\\" disabled=\\\"true\\\" type=\\\"button\\\" value=\\\"JobId\\\">\\\"\\n        }, {\\n            \\\"name\\\": \\\"Incident:\\\",\\n            \\\"value\\\": \\\"[View Incident](<input _ngcontent-ng-c1270903566=\\\"\\\" class=\\\"chip\\\" title=\\\"/Vars/IncidentUrl\\\" readonly=\\\"true\\\" disabled=\\\"true\\\" type=\\\"button\\\" value=\\\"IncidentUrl\\\"><input _ngcontent-ng-c1270903566=\\\"\\\" class=\\\"chip\\\" title=\\\"/CreateIncidentOutput/response/result/sys_id\\\" readonly=\\\"true\\\" disabled=\\\"true\\\" type=\\\"button\\\" value=\\\"sys_id\\\">)\\\"\\n        }, {\\n            \\\"name\\\": \\\"API Compliance Report:\\\",\\n            \\\"value\\\": \\\"[View API Compliance Report Details](<input _ngcontent-ng-c1270903566=\\\"\\\" class=\\\"chip\\\" title=\\\"/Vars/ReportUrl\\\" readonly=\\\"true\\\" disabled=\\\"true\\\" type=\\\"button\\\" value=\\\"ReportUrl\\\">)\\\"\\n        }, {\\n            \\\"name\\\": \\\"API OAS Doc:\\\",\\n            \\\"value\\\": \\\"[View API OAS Doc](<input _ngcontent-ng-c1270903566=\\\"\\\" class=\\\"chip\\\" title=\\\"/Vars/OASDocURL\\\" readonly=\\\"true\\\" disabled=\\\"true\\\" type=\\\"button\\\" value=\\\"OASDocURL\\\">)\\\"\\n        }],\\n        \\\"markdown\\\": true\\n    }]\\n}\\n\", \"isSetValue\": false, \"childrenSet\": false, \"hasChildren\": false, \"dataElementType\": \"string\"}], \"mapCondition\": {\"isConditionSet\": false, \"sourceTreeIndex\": [], \"targetTreeIndex\": [], \"mapConditionFormValue\": {}}, \"variableSubstitution\": true, \"overwritePipelineValue\": false}]}], \"mappedNodes\": [\"/HTTPSPostOutput\", \"/HTTPSPostOutputpipeOut\", \"/HTTPSPostInput/body actionIn\", \"/HTTPSPostInput actionIn\", \"/HTTPSPostInput/body actionIn\", \"/HTTPSPostInput actionIn\", \"/HTTPSPostInput actionIn\", \"/HTTPSPostInput/body actionIn\", \"/HTTPSPostInput actionIn\", \"/HTTPSPostInput actionIn\", \"/HTTPSPostInput/body actionIn\", \"/HTTPSPostInput actionIn\", \"/HTTPSPostInput actionIn\", \"/HTTPSPostInput/body actionIn\", \"/HTTPSPostInput actionIn\", \"/HTTPSPostInput actionIn\", \"/HTTPSPostInput/body actionIn\", \"/HTTPSPostInput actionIn\", \"/HTTPSPostInput actionIn\", \"/HTTPSPostInput/body actionIn\", \"/HTTPSPostInput actionIn\", \"/HTTPSPostInput actionIn\", \"/HTTPSPostInput/body actionIn\", \"/HTTPSPostInput actionIn\", \"/HTTPSPostInput actionIn\", \"/HTTPSPostInput/body actionIn\", \"/HTTPSPostInput actionIn\"]}",
    "null" : false
  },
  "output_structure_json" : {
    "type" : "jsonb",
    "value" : "{\"maps\": [{\"/HTTPSPostOutput\": [{\"type\": \"map\", \"source\": {\"path\": \"/HTTPSPostOutput\", \"title\": \"HTTPSPostOutput\", \"dataElementType\": \"document\"}, \"target\": {\"path\": \"/HTTPSPostOutput\", \"alias\": null, \"order\": null, \"title\": \"HTTPSPostOutput\", \"dataElementType\": \"document\"}, \"mapCondition\": {\"mapNull\": null, \"defaultValue\": null, \"isConditionSet\": false, \"mapEmptyString\": null, \"sourceTreeIndex\": [], \"targetTreeIndex\": [], \"mapConditionFormValue\": {\"fields\": null}}}]}], \"tracks\": {}, \"transformer\": []}",
    "null" : false
  },
  "endpoint_structure_json" : {
    "type" : "jsonb",
    "value" : "{\"maps\": []}",
    "null" : false
  },
  "is_error" : false,
  "no_of_errors" : 0,
  "action_input_type" : null,
  "config_service_id" : null,
  "config_imap_id" : null,
  "config_b2b_document_type_id" : null,
  "config_document_id" : null,
  "add_variables" : {
    "type" : "jsonb",
    "value" : "[]",
    "null" : false
  },
  "drop_variables" : {
    "type" : "jsonb",
    "value" : "[]",
    "null" : false
  },
  "plug_input_structure" : null,
  "plug_output_structure" : null,
  "config_plug_id" : null,
  "override_plug" : false,
  "config_java_service_id" : null,
  "service_tag" : "EMPTY",
  "endpoint_tag" : "EMPTY",
  "config_service_tag" : "EMPTY",
  "config_imap_tag" : "EMPTY",
  "config_b2b_document_type_tag" : "EMPTY",
  "active" : true,
  "parent_component_config_service_tag" : "EMPTY",
  "service_project_id" : "5e4ed772-e812-4368-9b48-c95ba4e3ec23",
  "service_project_tag" : "EMPTY",
  "config_service_project_id" : null,
  "config_service_project_tag" : "EMPTY",
  "config_imap_project_id" : null,
  "config_imap_project_tag" : "EMPTY",
  "config_b2b_document_type_project_id" : null,
  "config_b2b_document_type_project_tag" : "EMPTY",
  "endpoint_project_id" : "5e4ed772-e812-4368-9b48-c95ba4e3ec23",
  "endpoint_project_tag" : "EMPTY",
  "config_plug_tag" : "EMPTY",
  "config_plug_project_id" : null,
  "config_plug_project_tag" : "EMPTY",
  "config_java_service_tag" : "EMPTY",
  "config_java_service_project_id" : null,
  "config_java_service_project_tag" : "EMPTY",
  "disabled" : false,
  "config" : {
    "type" : "json",
    "value" : "{}",
    "null" : false
  },
  "config_b2b_document_type_project_mode_id" : "112c1cb8-4b9e-4d1a-a042-0bd031dc7d05",
  "config_imap_project_mode_id" : "112c1cb8-4b9e-4d1a-a042-0bd031dc7d05",
  "config_java_service_project_mode_id" : "112c1cb8-4b9e-4d1a-a042-0bd031dc7d05",
  "config_plug_project_mode_id" : "112c1cb8-4b9e-4d1a-a042-0bd031dc7d05",
  "config_service_project_mode_id" : "112c1cb8-4b9e-4d1a-a042-0bd031dc7d05",
  "endpoint_project_mode_id" : "112c1cb8-4b9e-4d1a-a042-0bd031dc7d05",
  "service_project_mode_id" : "112c1cb8-4b9e-4d1a-a042-0bd031dc7d05",
  "parent_component_config_service_project_mode_id" : "112c1cb8-4b9e-4d1a-a042-0bd031dc7d05",
  "is_audit" : true,
  "keys_with_order" : null
}