{
  "component_config_id" : "4103ed8f-42eb-4f7f-8cda-f8df46610aa5",
  "endpoint_config_json" : {
    "type" : "jsonb",
    "value" : "{\"crossRef\": [], \"services\": [], \"multistep\": [], \"operations\": []}",
    "null" : false
  },
  "input_config_json" : {
    "type" : "jsonb",
    "value" : "{\"crossRef\": [], \"services\": [], \"multistep\": [], \"operations\": [{\"map\": {\"id\": \"0d3c7888-63f5-40d4-82aa-0fa0543a721d\", \"root\": false, \"type\": \"setValue\", \"cached\": false, \"target\": \"/HTTPSPostInput/body\", \"mapNull\": false, \"disabled\": false, \"extractXml\": false, \"extractJson\": false, \"targetOrder\": 3.0, \"targetValue\": \"{\\n    \\\"@type\\\": \\\"MessageCard\\\",\\n    \\\"@context\\\": \\\"http://schema.org/extensions\\\",\\n    \\\"themeColor\\\": \\\"0076D7\\\",\\n    \\\"summary\\\": \\\"Amplify Central Agent Updated\\\",\\n    \\\"sections\\\": [{\\n        \\\"activityTitle\\\": \\\"Amplify Central Agent Updated\\\",\\n        \\\"activitySubtitle\\\": \\\"Agent status changed to **%{/ReportAgentStatusInput/Agent/status/state}%**\\\",\\n        \\\"activityImage\\\": \\\"%{/MSTeamsIconUrl}%\\\",\\n        \\\"facts\\\": [{\\n            \\\"name\\\": \\\"Agent Name:\\\",\\n            \\\"value\\\": \\\"%{/ReportAgentStatusInput/Agent/title}%\\\"\\n        }, {\\n            \\\"name\\\": \\\"Agent Type:\\\",\\n            \\\"value\\\": \\\"%{/ReportAgentStatusInput/Agent/kind}%\\\"\\n        }, {\\n            \\\"name\\\": \\\"Environment:\\\",\\n            \\\"value\\\": \\\"[%{/ReportAgentStatusInput/Agent/metadata/scope/title}%](%{/ReportAgentStatusInput/AmplifyCentralBaseAddress}%/topology/environments/details/%{/ReportAgentStatusInput/Agent/metadata/scope/name}%)\\\"\\n        }, {\\n            \\\"name\\\": \\\"Incident:\\\",\\n            \\\"value\\\": \\\"[Click to view incident](%{/ReportAgentStatusInput/IncidentBaseAddress}%%{/CreateIncidentOutput/response/result/sys_id}%)\\\"\\n        }, {\\n            \\\"name\\\": \\\"Agent Report:\\\",\\n            \\\"value\\\": \\\"[Click to display Agent Report](%{/ReportAgentStatusInput/AgentReportAPIUrl}%)\\\"\\n        }],\\n        \\\"markdown\\\": true\\n    }]\\n}\", \"mapEmptyString\": false, \"targetJavaType\": \"java.lang.String\", \"variableSubstitution\": true}}]}",
    "null" : false
  },
  "output_config_json" : {
    "type" : "jsonb",
    "value" : "{\"crossRef\": [], \"services\": [], \"multistep\": [], \"operations\": [{\"map\": {\"id\": \"2d3613a2-b698-4c39-b28e-61b6e0e77ae4\", \"root\": true, \"type\": \"map\", \"cached\": false, \"source\": \"/HTTPSPostOutput\", \"target\": \"/HTTPSPostOutput\", \"mapNull\": false, \"disabled\": false, \"extractXml\": false, \"extractJson\": false, \"mapEmptyString\": false}}]}",
    "null" : false
  },
  "component_id" : "1dd81dfd-e452-4eb3-bbd7-bc6f0da00cbd",
  "service_id" : "74e9db42-98d6-4127-823a-bb05471b39c4",
  "endpoint_id" : "303f9d2c-f792-4228-92d8-0103746cc370",
  "parent_component_config_id" : "5bac586a-afba-4372-ba03-576ec6ed08e7",
  "component_config_order" : 2.0,
  "action_id" : "c3ddf699-458d-4e3a-84e3-66f8320787eb",
  "name" : "Send to MS Teams",
  "description" : "",
  "override_endpoint" : false,
  "input_structure_json" : {
    "type" : "jsonb",
    "value" : "{\"maps\": [{\"/HTTPSPostInput/body\": [{\"type\": \"setValue\", \"target\": {\"path\": \"/HTTPSPostInput/body\", \"order\": 3, \"title\": \"body\", \"dataElementType\": \"string\"}, \"values\": [{\"id\": \"3f75b623-5ecb-44a8-a7a0-73e890258348\", \"key\": \"/HTTPSPostInput/body\", \"type\": \"object\", \"order\": 3, \"title\": \"body\", \"isLeaf\": false, \"children\": [], \"setValue\": null, \"uiElement\": \"{\\n    \\\"@type\\\": \\\"MessageCard\\\",\\n    \\\"@context\\\": \\\"http://schema.org/extensions\\\",\\n    \\\"themeColor\\\": \\\"0076D7\\\",\\n    \\\"summary\\\": \\\"Amplify Central Agent Updated\\\",\\n    \\\"sections\\\": [{\\n        \\\"activityTitle\\\": \\\"Amplify Central Agent Updated\\\",\\n        \\\"activitySubtitle\\\": \\\"Agent status changed to **<input _ngcontent-ng-c1270903566=\\\"\\\" class=\\\"chip\\\" title=\\\"/ReportAgentStatusInput/Agent/status/state\\\" readonly=\\\"true\\\" disabled=\\\"true\\\" type=\\\"button\\\" value=\\\"state\\\">**\\\",\\n        \\\"activityImage\\\": \\\"<input _ngcontent-ng-c1270903566=\\\"\\\" class=\\\"chip\\\" title=\\\"/MSTeamsIconUrl\\\" readonly=\\\"true\\\" disabled=\\\"true\\\" type=\\\"button\\\" value=\\\"MSTeamsIconUrl\\\">\\\",\\n        \\\"facts\\\": [{\\n            \\\"name\\\": \\\"Agent Name:\\\",\\n            \\\"value\\\": \\\"<input _ngcontent-ng-c1270903566=\\\"\\\" class=\\\"chip\\\" title=\\\"/ReportAgentStatusInput/Agent/title\\\" readonly=\\\"true\\\" disabled=\\\"true\\\" type=\\\"button\\\" value=\\\"title\\\">\\\"\\n        }, {\\n            \\\"name\\\": \\\"Agent Type:\\\",\\n            \\\"value\\\": \\\"<input _ngcontent-ng-c1270903566=\\\"\\\" class=\\\"chip\\\" title=\\\"/ReportAgentStatusInput/Agent/kind\\\" readonly=\\\"true\\\" disabled=\\\"true\\\" type=\\\"button\\\" value=\\\"kind\\\">\\\"\\n        }, {\\n            \\\"name\\\": \\\"Environment:\\\",\\n            \\\"value\\\": \\\"[<input _ngcontent-ng-c1270903566=\\\"\\\" class=\\\"chip\\\" title=\\\"/ReportAgentStatusInput/Agent/metadata/scope/title\\\" readonly=\\\"true\\\" disabled=\\\"true\\\" type=\\\"button\\\" value=\\\"title\\\">](<input _ngcontent-ng-c1270903566=\\\"\\\" class=\\\"chip\\\" title=\\\"/ReportAgentStatusInput/AmplifyCentralBaseAddress\\\" readonly=\\\"true\\\" disabled=\\\"true\\\" type=\\\"button\\\" value=\\\"AmplifyCentralBaseAddress\\\">/topology/environments/details/<input _ngcontent-ng-c1270903566=\\\"\\\" class=\\\"chip\\\" title=\\\"/ReportAgentStatusInput/Agent/metadata/scope/name\\\" readonly=\\\"true\\\" disabled=\\\"true\\\" type=\\\"button\\\" value=\\\"name\\\">)\\\"\\n        }, {\\n            \\\"name\\\": \\\"Incident:\\\",\\n            \\\"value\\\": \\\"[Click to view incident](<input _ngcontent-ng-c1270903566=\\\"\\\" class=\\\"chip\\\" title=\\\"/ReportAgentStatusInput/IncidentBaseAddress\\\" readonly=\\\"true\\\" disabled=\\\"true\\\" type=\\\"button\\\" value=\\\"IncidentBaseAddress\\\"><input _ngcontent-ng-c1270903566=\\\"\\\" class=\\\"chip\\\" title=\\\"/CreateIncidentOutput/response/result/sys_id\\\" readonly=\\\"true\\\" disabled=\\\"true\\\" type=\\\"button\\\" value=\\\"sys_id\\\">)\\\"\\n        }, {\\n            \\\"name\\\": \\\"Agent Report:\\\",\\n            \\\"value\\\": \\\"[Click to display Agent Report](<input _ngcontent-ng-c1270903566=\\\"\\\" class=\\\"chip\\\" title=\\\"/ReportAgentStatusInput/AgentReportAPIUrl\\\" readonly=\\\"true\\\" disabled=\\\"true\\\" type=\\\"button\\\" value=\\\"AgentReportAPIUrl\\\">)\\\"\\n        }],\\n        \\\"markdown\\\": true\\n    }]\\n}\", \"isSetValue\": false, \"childrenSet\": false, \"hasChildren\": false, \"dataElementType\": \"string\"}], \"mapCondition\": {\"isConditionSet\": false, \"sourceTreeIndex\": [], \"targetTreeIndex\": [], \"mapConditionFormValue\": {}}, \"variableSubstitution\": true, \"overwritePipelineValue\": false}]}], \"mappedNodes\": [\"/HTTPSPostOutput\", \"/HTTPSPostOutputpipeOut\", \"/HTTPSPostInput/body actionIn\", \"/HTTPSPostInput actionIn\", \"/HTTPSPostInput actionIn\", \"/HTTPSPostInput/body actionIn\", \"/HTTPSPostInput actionIn\", \"/HTTPSPostInput actionIn\", \"/HTTPSPostInput/body actionIn\", \"/HTTPSPostInput actionIn\"]}",
    "null" : false
  },
  "output_structure_json" : {
    "type" : "jsonb",
    "value" : "{\"maps\": [{\"/HTTPSPostOutput\": [{\"type\": \"map\", \"source\": {\"path\": \"/HTTPSPostOutput\", \"title\": \"HTTPSPostOutput\", \"dataElementType\": \"document\"}, \"target\": {\"path\": \"/HTTPSPostOutput\", \"alias\": null, \"order\": null, \"title\": \"HTTPSPostOutput\", \"dataElementType\": \"document\"}, \"mapCondition\": {\"mapNull\": null, \"defaultValue\": null, \"isConditionSet\": false, \"mapEmptyString\": null, \"sourceTreeIndex\": [], \"targetTreeIndex\": [], \"mapConditionFormValue\": {\"fields\": null}}}]}], \"tracks\": {}, \"transformer\": []}",
    "null" : false
  },
  "endpoint_structure_json" : {
    "type" : "jsonb",
    "value" : "{\"maps\": []}",
    "null" : false
  },
  "is_error" : false,
  "no_of_errors" : 0,
  "action_input_type" : null,
  "config_service_id" : null,
  "config_imap_id" : null,
  "config_b2b_document_type_id" : null,
  "config_document_id" : null,
  "add_variables" : {
    "type" : "jsonb",
    "value" : "[]",
    "null" : false
  },
  "drop_variables" : {
    "type" : "jsonb",
    "value" : "[]",
    "null" : false
  },
  "plug_input_structure" : null,
  "plug_output_structure" : null,
  "config_plug_id" : null,
  "override_plug" : false,
  "config_java_service_id" : null,
  "service_tag" : "EMPTY",
  "endpoint_tag" : "EMPTY",
  "config_service_tag" : "EMPTY",
  "config_imap_tag" : "EMPTY",
  "config_b2b_document_type_tag" : "EMPTY",
  "active" : true,
  "parent_component_config_service_tag" : "EMPTY",
  "service_project_id" : "5e4ed772-e812-4368-9b48-c95ba4e3ec23",
  "service_project_tag" : "EMPTY",
  "config_service_project_id" : null,
  "config_service_project_tag" : "EMPTY",
  "config_imap_project_id" : null,
  "config_imap_project_tag" : "EMPTY",
  "config_b2b_document_type_project_id" : null,
  "config_b2b_document_type_project_tag" : "EMPTY",
  "endpoint_project_id" : "5e4ed772-e812-4368-9b48-c95ba4e3ec23",
  "endpoint_project_tag" : "EMPTY",
  "config_plug_tag" : "EMPTY",
  "config_plug_project_id" : null,
  "config_plug_project_tag" : "EMPTY",
  "config_java_service_tag" : "EMPTY",
  "config_java_service_project_id" : null,
  "config_java_service_project_tag" : "EMPTY",
  "disabled" : false,
  "config" : {
    "type" : "json",
    "value" : "{}",
    "null" : false
  },
  "config_b2b_document_type_project_mode_id" : "112c1cb8-4b9e-4d1a-a042-0bd031dc7d05",
  "config_imap_project_mode_id" : "112c1cb8-4b9e-4d1a-a042-0bd031dc7d05",
  "config_java_service_project_mode_id" : "112c1cb8-4b9e-4d1a-a042-0bd031dc7d05",
  "config_plug_project_mode_id" : "112c1cb8-4b9e-4d1a-a042-0bd031dc7d05",
  "config_service_project_mode_id" : "112c1cb8-4b9e-4d1a-a042-0bd031dc7d05",
  "endpoint_project_mode_id" : "112c1cb8-4b9e-4d1a-a042-0bd031dc7d05",
  "service_project_mode_id" : "112c1cb8-4b9e-4d1a-a042-0bd031dc7d05",
  "parent_component_config_service_project_mode_id" : "112c1cb8-4b9e-4d1a-a042-0bd031dc7d05",
  "is_audit" : true,
  "keys_with_order" : null
}