{
  "component_config_id" : "5e267dea-8682-4cb8-967e-d53b65e8f220",
  "endpoint_config_json" : {
    "type" : "jsonb",
    "value" : "{\"crossRef\": [], \"services\": [], \"multistep\": [], \"operations\": []}",
    "null" : false
  },
  "input_config_json" : {
    "type" : "jsonb",
    "value" : "{\"crossRef\": [], \"services\": [], \"multistep\": [], \"operations\": []}",
    "null" : false
  },
  "output_config_json" : {
    "type" : "jsonb",
    "value" : "{\"crossRef\": [], \"services\": [], \"multistep\": [], \"operations\": [{\"map\": {\"id\": \"fb5f500e-bc51-4404-b353-7af817c58671\", \"root\": false, \"type\": \"setValue\", \"cached\": false, \"target\": \"/Vars/MSTeamsMessageStr\", \"mapNull\": false, \"disabled\": false, \"extractXml\": false, \"extractJson\": false, \"targetOrder\": 1.0, \"targetValue\": \"A Marketplace Product subscription request: **%{/Vars/SubscriptionName}%** from Org: **%{/Vars/OrgName}%** and Team: **%{/Vars/TeamName}%** for Product: **%{/Vars/ProductName}%** requested on **%{/Vars/SubscriptionUpdatedDt}%** is **%{/GetSubscriptionDetailsFromSubscriptionPayloadOutput/SubscriptionApprovalState}%** by **%{/Vars/ApproverName}% (%{/Vars/ApproverEmail}%)**. \", \"mapEmptyString\": false, \"targetJavaType\": \"java.lang.String\", \"variableSubstitution\": true}}, {\"map\": {\"id\": \"91687102-61e5-4b83-a4d0-c8af9e27a678\", \"root\": false, \"type\": \"setValue\", \"cached\": false, \"target\": \"/Vars/EmailMessageBody\", \"mapNull\": false, \"disabled\": false, \"extractXml\": false, \"extractJson\": false, \"targetOrder\": 1.0, \"targetValue\": \"<p>A Marketplace Product subscription request: <b>%{/Vars/SubscriptionName}%</b> from Org: <b>%{/Vars/OrgName}%</b> and Team: <b>%{/Vars/TeamName}%</b> for Product: <b>%{/Vars/ProductName}%</b> requested on <b>%{/Vars/SubscriptionUpdatedDt}%</b> is <b>%{/AmplifyWebhookPayloadParserOutput/AmplifyWebhookPayload/payload/approval/state}%<b> by <b>%{/Vars/ApproverName}% (%{/Vars/ApproverEmail}%)</b>.</p>\", \"mapEmptyString\": false, \"targetJavaType\": \"java.lang.String\", \"variableSubstitution\": true}}]}",
    "null" : false
  },
  "component_id" : "8ac5fe03-27a2-4e6a-a449-6a8893818223",
  "service_id" : "e8853ee9-6f7f-4b76-b211-7f454691bd84",
  "endpoint_id" : null,
  "parent_component_config_id" : "a3aeebf2-cbd6-450b-8e9c-79bc4575b108",
  "component_config_order" : 3.0,
  "action_id" : "06843b78-eab0-45da-afab-8c8277d7553f",
  "name" : "Set MS Teams and Email Message",
  "description" : "",
  "override_endpoint" : false,
  "input_structure_json" : {
    "type" : "jsonb",
    "value" : "{\"maps\": [], \"mappedNodes\": [\"/Vars/MSTeamsMessageStrpipeOut\", \"/VarspipeOut\", \"/Vars/MSTeamsMessageStrpipeOut\", \"/VarspipeOut\", \"/VarspipeOut\", \"/Vars/MSTeamsMessageStrpipeOut\", \"/VarspipeOut\", \"/VarspipeOut\", \"/Vars/MSTeamsMessageStrpipeOut\", \"/VarspipeOut\", \"/VarspipeOut\", \"/Vars/MSTeamsMessageStrpipeOut\", \"/VarspipeOut\", \"/VarspipeOut\", \"/Vars/EmailMessageBodypipeOut\", \"/VarspipeOut\", \"/Vars/EmailMessageBodypipeOut\", \"/VarspipeOut\"]}",
    "null" : false
  },
  "output_structure_json" : {
    "type" : "jsonb",
    "value" : "{\"maps\": [{\"/Vars/MSTeamsMessageStr\": [{\"type\": \"setValue\", \"order\": 1, \"target\": {\"path\": \"/Vars/MSTeamsMessageStr\", \"order\": 1, \"title\": \"MSTeamsMessageStr\", \"dataElementType\": \"string\"}, \"values\": [{\"id\": \"f16b9666-bb13-45ef-b2ce-1506188b10e6\", \"key\": \"/Vars/MSTeamsMessageStr\", \"type\": \"node\", \"order\": 1, \"title\": \"MSTeamsMessageStr\", \"children\": [], \"setValue\": null, \"editAllow\": true, \"uiElement\": \"A Marketplace Product subscription request: **<input _ngcontent-cbb-c270=\\\"\\\" class=\\\"chip\\\" title=\\\"/Vars/SubscriptionName\\\" readonly=\\\"true\\\" disabled=\\\"true\\\" type=\\\"button\\\" value=\\\"SubscriptionName\\\">** from Org: **<input _ngcontent-cbb-c270=\\\"\\\" class=\\\"chip\\\" title=\\\"/Vars/OrgName\\\" readonly=\\\"true\\\" disabled=\\\"true\\\" type=\\\"button\\\" value=\\\"OrgName\\\">** and Team: **<input _ngcontent-cbb-c270=\\\"\\\" class=\\\"chip\\\" title=\\\"/Vars/TeamName\\\" readonly=\\\"true\\\" disabled=\\\"true\\\" type=\\\"button\\\" value=\\\"TeamName\\\">** for Product: **<input _ngcontent-cbb-c270=\\\"\\\" class=\\\"chip\\\" title=\\\"/Vars/ProductName\\\" readonly=\\\"true\\\" disabled=\\\"true\\\" type=\\\"button\\\" value=\\\"ProductName\\\">** requested on **<input _ngcontent-cbb-c270=\\\"\\\" class=\\\"chip\\\" title=\\\"/Vars/SubscriptionUpdatedDt\\\" readonly=\\\"true\\\" disabled=\\\"true\\\" type=\\\"button\\\" value=\\\"SubscriptionUpdatedDt\\\">** is **<input _ngcontent-vvh-c270=\\\"\\\" class=\\\"chip\\\" title=\\\"/GetSubscriptionDetailsFromSubscriptionPayloadOutput/SubscriptionApprovalState\\\" readonly=\\\"true\\\" disabled=\\\"true\\\" type=\\\"button\\\" value=\\\"SubscriptionApprovalState\\\">** by **<input _ngcontent-cbb-c270=\\\"\\\" class=\\\"chip\\\" title=\\\"/Vars/ApproverName\\\" readonly=\\\"true\\\" disabled=\\\"true\\\" type=\\\"button\\\" value=\\\"ApproverName\\\"> (<input _ngcontent-cbb-c270=\\\"\\\" class=\\\"chip\\\" title=\\\"/Vars/ApproverEmail\\\" readonly=\\\"true\\\" disabled=\\\"true\\\" type=\\\"button\\\" value=\\\"ApproverEmail\\\">)**. \", \"isSetValue\": false, \"childrenSet\": false, \"hasChildren\": false, \"componentName\": \"Declare Vars and Parse webhook payload\", \"dataElementType\": \"string\", \"componentConfigId\": \"fb01c218-196f-4de3-a63a-5a44f005bd13\", \"componentConfigName\": \"Map\"}], \"mapCondition\": {\"isConditionSet\": false, \"sourceTreeIndex\": [], \"targetTreeIndex\": [], \"mapConditionFormValue\": {}}, \"dataElementType\": \"string\", \"variableSubstitution\": true, \"overwritePipelineValue\": false}]}, {\"/Vars/EmailMessageBody\": [{\"type\": \"setValue\", \"order\": 1, \"target\": {\"path\": \"/Vars/EmailMessageBody\", \"order\": 1, \"title\": \"EmailMessageBody\", \"dataElementType\": \"string\"}, \"values\": [{\"id\": \"48df676f-df6d-4aa8-8dc0-4cd51f016b76\", \"key\": \"/Vars/EmailMessageBody\", \"type\": \"node\", \"order\": 1, \"title\": \"EmailMessageBody\", \"children\": [], \"setValue\": null, \"editAllow\": true, \"uiElement\": \"&lt;p&gt;A Marketplace Product subscription request: &lt;b&gt;<input _ngcontent-ng-c1270903566=\\\"\\\" class=\\\"chip\\\" title=\\\"/Vars/SubscriptionName\\\" readonly=\\\"true\\\" disabled=\\\"true\\\" type=\\\"button\\\" value=\\\"SubscriptionName\\\">&lt;/b&gt; from Org: &lt;b&gt;<input _ngcontent-ng-c1270903566=\\\"\\\" class=\\\"chip\\\" title=\\\"/Vars/OrgName\\\" readonly=\\\"true\\\" disabled=\\\"true\\\" type=\\\"button\\\" value=\\\"OrgName\\\">&lt;/b&gt; and Team: &lt;b&gt;<input _ngcontent-ng-c1270903566=\\\"\\\" class=\\\"chip\\\" title=\\\"/Vars/TeamName\\\" readonly=\\\"true\\\" disabled=\\\"true\\\" type=\\\"button\\\" value=\\\"TeamName\\\">&lt;/b&gt; for Product: &lt;b&gt;<input _ngcontent-ng-c1270903566=\\\"\\\" class=\\\"chip\\\" title=\\\"/Vars/ProductName\\\" readonly=\\\"true\\\" disabled=\\\"true\\\" type=\\\"button\\\" value=\\\"ProductName\\\">&lt;/b&gt; requested on &lt;b&gt;<input _ngcontent-ng-c1270903566=\\\"\\\" class=\\\"chip\\\" title=\\\"/Vars/SubscriptionUpdatedDt\\\" readonly=\\\"true\\\" disabled=\\\"true\\\" type=\\\"button\\\" value=\\\"SubscriptionUpdatedDt\\\">&lt;/b&gt; is &lt;b&gt;<input _ngcontent-ng-c1270903566=\\\"\\\" class=\\\"chip\\\" title=\\\"/AmplifyWebhookPayloadParserOutput/AmplifyWebhookPayload/payload/approval/state\\\" readonly=\\\"true\\\" disabled=\\\"true\\\" type=\\\"button\\\" value=\\\"state\\\">&lt;b&gt; by &lt;b&gt;<input _ngcontent-ng-c1270903566=\\\"\\\" class=\\\"chip\\\" title=\\\"/Vars/ApproverName\\\" readonly=\\\"true\\\" disabled=\\\"true\\\" type=\\\"button\\\" value=\\\"ApproverName\\\"> (<input _ngcontent-ng-c1270903566=\\\"\\\" class=\\\"chip\\\" title=\\\"/Vars/ApproverEmail\\\" readonly=\\\"true\\\" disabled=\\\"true\\\" type=\\\"button\\\" value=\\\"ApproverEmail\\\">)&lt;/b&gt;.&lt;/p&gt;\", \"isSetValue\": false, \"childrenSet\": false, \"hasChildren\": false, \"componentName\": \"Declare Vars and Parse webhook payload\", \"dataElementType\": \"string\", \"componentConfigId\": \"fb01c218-196f-4de3-a63a-5a44f005bd13\", \"componentConfigName\": \"Map\"}], \"mapCondition\": {\"isConditionSet\": false, \"sourceTreeIndex\": [], \"targetTreeIndex\": [], \"mapConditionFormValue\": {}}, \"dataElementType\": \"string\", \"variableSubstitution\": true, \"overwritePipelineValue\": false}]}], \"transformer\": []}",
    "null" : false
  },
  "endpoint_structure_json" : {
    "type" : "jsonb",
    "value" : "{\"maps\": []}",
    "null" : false
  },
  "is_error" : false,
  "no_of_errors" : 0,
  "action_input_type" : null,
  "config_service_id" : null,
  "config_imap_id" : null,
  "config_b2b_document_type_id" : null,
  "config_document_id" : null,
  "add_variables" : {
    "type" : "jsonb",
    "value" : "[]",
    "null" : false
  },
  "drop_variables" : {
    "type" : "jsonb",
    "value" : "[]",
    "null" : false
  },
  "plug_input_structure" : null,
  "plug_output_structure" : null,
  "config_plug_id" : null,
  "override_plug" : false,
  "config_java_service_id" : null,
  "service_tag" : "EMPTY",
  "endpoint_tag" : "EMPTY",
  "config_service_tag" : "EMPTY",
  "config_imap_tag" : "EMPTY",
  "config_b2b_document_type_tag" : "EMPTY",
  "active" : true,
  "parent_component_config_service_tag" : "EMPTY",
  "service_project_id" : "5e4ed772-e812-4368-9b48-c95ba4e3ec23",
  "service_project_tag" : "EMPTY",
  "config_service_project_id" : null,
  "config_service_project_tag" : "EMPTY",
  "config_imap_project_id" : null,
  "config_imap_project_tag" : "EMPTY",
  "config_b2b_document_type_project_id" : null,
  "config_b2b_document_type_project_tag" : "EMPTY",
  "endpoint_project_id" : null,
  "endpoint_project_tag" : "EMPTY",
  "config_plug_tag" : "EMPTY",
  "config_plug_project_id" : null,
  "config_plug_project_tag" : "EMPTY",
  "config_java_service_tag" : "EMPTY",
  "config_java_service_project_id" : null,
  "config_java_service_project_tag" : "EMPTY",
  "disabled" : false,
  "config" : null,
  "config_b2b_document_type_project_mode_id" : "112c1cb8-4b9e-4d1a-a042-0bd031dc7d05",
  "config_imap_project_mode_id" : "112c1cb8-4b9e-4d1a-a042-0bd031dc7d05",
  "config_java_service_project_mode_id" : "112c1cb8-4b9e-4d1a-a042-0bd031dc7d05",
  "config_plug_project_mode_id" : "112c1cb8-4b9e-4d1a-a042-0bd031dc7d05",
  "config_service_project_mode_id" : "112c1cb8-4b9e-4d1a-a042-0bd031dc7d05",
  "endpoint_project_mode_id" : "112c1cb8-4b9e-4d1a-a042-0bd031dc7d05",
  "service_project_mode_id" : "112c1cb8-4b9e-4d1a-a042-0bd031dc7d05",
  "parent_component_config_service_project_mode_id" : "112c1cb8-4b9e-4d1a-a042-0bd031dc7d05",
  "is_audit" : true,
  "keys_with_order" : null
}