{
  "component_config_id" : "7ce4af5a-678d-4034-a868-ea81c9be628a",
  "endpoint_config_json" : {
    "type" : "jsonb",
    "value" : "{\"crossRef\": [], \"services\": [], \"multistep\": [], \"operations\": []}",
    "null" : false
  },
  "input_config_json" : {
    "type" : "jsonb",
    "value" : "{\"crossRef\": [], \"services\": [], \"multistep\": [], \"operations\": [{\"map\": {\"id\": \"4785a39b-b9f4-4362-ab62-d9517d68b8ce\", \"root\": true, \"type\": \"map\", \"cached\": false, \"source\": \"/Response\", \"target\": \"/InitializeEnvAPICallSuccessStatsResponseInput/BadgeServerResponse\", \"mapNull\": false, \"disabled\": false, \"extractXml\": false, \"extractJson\": false, \"targetOrder\": 1.0, \"mapEmptyString\": false}}]}",
    "null" : false
  },
  "output_config_json" : {
    "type" : "jsonb",
    "value" : "{\"crossRef\": [], \"services\": [], \"multistep\": [], \"operations\": [{\"map\": {\"id\": \"da082a1b-060d-4959-9e02-df945f182543\", \"root\": true, \"type\": \"map\", \"cached\": false, \"source\": \"/InitializeEnvAPICallSuccessStatsResponseOutput\", \"target\": \"/InitializeEnvAPICallSuccessStatsResponseOutput\", \"mapNull\": false, \"disabled\": false, \"extractXml\": false, \"extractJson\": false, \"targetOrder\": 1.0, \"mapEmptyString\": false}}, {\"map\": {\"id\": \"30ac634c-e929-452d-97b2-ddc679b12657\", \"root\": true, \"type\": \"map\", \"cached\": false, \"source\": \"/InitializeEnvAPICallSuccessStatsResponseOutput/BadgeServerResponse\", \"target\": \"/Response\", \"mapNull\": false, \"disabled\": false, \"extractXml\": false, \"extractJson\": false, \"targetOrder\": 2.0, \"mapEmptyString\": false}}]}",
    "null" : false
  },
  "component_id" : "756d919f-1b1f-4eab-9f44-2f7b5bbe175c",
  "service_id" : "c345550f-8b2f-4f77-8cd9-4c60af3781f6",
  "endpoint_id" : null,
  "parent_component_config_id" : "c6fd0ea5-ec16-48ab-9949-004e97d04b2a",
  "component_config_order" : 1.0,
  "action_id" : "8e231fcc-71d0-43f6-9303-70dcb0ca6080",
  "name" : "Set Env API Call Stats Response Initializer",
  "description" : "",
  "override_endpoint" : false,
  "input_structure_json" : {
    "type" : "jsonb",
    "value" : "{\"maps\": [{\"/InitializeEnvAPICallSuccessStatsResponseInput/BadgeServerResponse\": [{\"type\": \"map\", \"source\": {\"path\": \"/Response\", \"title\": \"Response\", \"dataElementType\": \"document\"}, \"target\": {\"path\": \"/InitializeEnvAPICallSuccessStatsResponseInput/BadgeServerResponse\", \"order\": 1, \"title\": \"BadgeServerResponse\", \"dataElementType\": \"document\"}, \"mapCondition\": {\"isConditionSet\": false, \"sourceTreeIndex\": [], \"targetTreeIndex\": [], \"mapConditionFormValue\": {}}}]}], \"mappedNodes\": [\"/InitializeEnvAPICallSuccessStatsResponseOutputactionOut\", \"/InitializeEnvAPICallSuccessStatsResponseOutputpipeOut\", \"/Response pipeIn\", \"/InitializeEnvAPICallSuccessStatsResponseInput/BadgeServerResponse actionIn\", \"/InitializeEnvAPICallSuccessStatsResponseOutput/BadgeServerResponse\", \"/ResponsepipeOut\"]}",
    "null" : false
  },
  "output_structure_json" : {
    "type" : "jsonb",
    "value" : "{\"maps\": [{\"/InitializeEnvAPICallSuccessStatsResponseOutput\": [{\"type\": \"map\", \"source\": {\"path\": \"/InitializeEnvAPICallSuccessStatsResponseOutput\", \"title\": \"InitializeEnvAPICallSuccessStatsResponseOutput\", \"dataElementType\": \"document\"}, \"target\": {\"path\": \"/InitializeEnvAPICallSuccessStatsResponseOutput\", \"order\": 1, \"title\": \"InitializeEnvAPICallSuccessStatsResponseOutput\", \"dataElementType\": \"document\"}, \"mapCondition\": {\"isConditionSet\": false, \"sourceTreeIndex\": [], \"targetTreeIndex\": [], \"mapConditionFormValue\": {}}}]}, {\"/Response\": [{\"type\": \"map\", \"source\": {\"path\": \"/InitializeEnvAPICallSuccessStatsResponseOutput/BadgeServerResponse\", \"title\": \"BadgeServerResponse\", \"dataElementType\": \"document\"}, \"target\": {\"path\": \"/Response\", \"order\": 2, \"title\": \"Response\", \"dataElementType\": \"document\"}, \"mapCondition\": {\"isConditionSet\": false, \"sourceTreeIndex\": [], \"targetTreeIndex\": [], \"mapConditionFormValue\": {}}}]}], \"tracks\": {}, \"transformer\": []}",
    "null" : false
  },
  "endpoint_structure_json" : {
    "type" : "jsonb",
    "value" : "{\"maps\": []}",
    "null" : false
  },
  "is_error" : false,
  "no_of_errors" : 0,
  "action_input_type" : null,
  "config_service_id" : "8acdc48b-0e2a-4c37-90fb-0142276ecc8c",
  "config_imap_id" : null,
  "config_b2b_document_type_id" : null,
  "config_document_id" : null,
  "add_variables" : {
    "type" : "jsonb",
    "value" : "[]",
    "null" : false
  },
  "drop_variables" : {
    "type" : "jsonb",
    "value" : "[]",
    "null" : false
  },
  "plug_input_structure" : null,
  "plug_output_structure" : null,
  "config_plug_id" : null,
  "override_plug" : false,
  "config_java_service_id" : null,
  "service_tag" : "EMPTY",
  "endpoint_tag" : "EMPTY",
  "config_service_tag" : "EMPTY",
  "config_imap_tag" : "EMPTY",
  "config_b2b_document_type_tag" : "EMPTY",
  "active" : true,
  "parent_component_config_service_tag" : "EMPTY",
  "service_project_id" : "5e4ed772-e812-4368-9b48-c95ba4e3ec23",
  "service_project_tag" : "EMPTY",
  "config_service_project_id" : "5e4ed772-e812-4368-9b48-c95ba4e3ec23",
  "config_service_project_tag" : "EMPTY",
  "config_imap_project_id" : null,
  "config_imap_project_tag" : "EMPTY",
  "config_b2b_document_type_project_id" : null,
  "config_b2b_document_type_project_tag" : "EMPTY",
  "endpoint_project_id" : null,
  "endpoint_project_tag" : "EMPTY",
  "config_plug_tag" : "EMPTY",
  "config_plug_project_id" : null,
  "config_plug_project_tag" : "EMPTY",
  "config_java_service_tag" : "EMPTY",
  "config_java_service_project_id" : null,
  "config_java_service_project_tag" : "EMPTY",
  "disabled" : false,
  "config" : {
    "type" : "json",
    "value" : "{\"serviceProjectName\":\"AmplifyCentralIntegrationExamples\"}",
    "null" : false
  },
  "config_b2b_document_type_project_mode_id" : "112c1cb8-4b9e-4d1a-a042-0bd031dc7d05",
  "config_imap_project_mode_id" : "112c1cb8-4b9e-4d1a-a042-0bd031dc7d05",
  "config_java_service_project_mode_id" : "112c1cb8-4b9e-4d1a-a042-0bd031dc7d05",
  "config_plug_project_mode_id" : "112c1cb8-4b9e-4d1a-a042-0bd031dc7d05",
  "config_service_project_mode_id" : "112c1cb8-4b9e-4d1a-a042-0bd031dc7d05",
  "endpoint_project_mode_id" : "112c1cb8-4b9e-4d1a-a042-0bd031dc7d05",
  "service_project_mode_id" : "112c1cb8-4b9e-4d1a-a042-0bd031dc7d05",
  "parent_component_config_service_project_mode_id" : "112c1cb8-4b9e-4d1a-a042-0bd031dc7d05",
  "is_audit" : true,
  "keys_with_order" : null
}