{
  "component_config_id" : "79c23740-a079-4749-986f-e49c261c64ad",
  "endpoint_config_json" : {
    "type" : "jsonb",
    "value" : "{\"crossRef\": [], \"services\": [], \"multistep\": [], \"operations\": []}",
    "null" : false
  },
  "input_config_json" : {
    "type" : "jsonb",
    "value" : "{\"crossRef\": [], \"services\": [], \"multistep\": [], \"operations\": []}",
    "null" : false
  },
  "output_config_json" : {
    "type" : "jsonb",
    "value" : "{\"crossRef\": [], \"services\": [], \"multistep\": [], \"operations\": [{\"map\": {\"id\": \"f06c20c3-4cf9-4a76-b7ea-44c82b0e4998\", \"root\": false, \"type\": \"setValue\", \"cached\": false, \"target\": \"/Vars/MSTeamsMessageStr\", \"mapNull\": false, \"disabled\": false, \"extractXml\": false, \"extractJson\": false, \"targetOrder\": 1.0, \"targetValue\": \"A Marketplace Product subscription request: [**%{/GetSubscriptionDetailsFromSubscriptionPayloadOutput/SubscriptionName}%**](%{/Vars/AmplifyCentralBaseAddress}%/marketplace/subscriptions) from Org: **%{/Vars/OrgName}%** and Team: **%{/Vars/TeamName}%** for Product: **%{/Vars/ProductName}%** requested on **%{/Vars/SubscriptionUpdatedDt}%** is **%{/GetSubscriptionDetailsFromSubscriptionPayloadOutput/SubscriptionApprovalState}%** by a **Service Account**. \", \"mapEmptyString\": false, \"targetJavaType\": \"java.lang.String\", \"variableSubstitution\": true}}, {\"map\": {\"id\": \"565525c9-81ea-40af-b07d-21960823431d\", \"root\": false, \"type\": \"setValue\", \"cached\": false, \"target\": \"/Vars/EmailMessageBody\", \"mapNull\": false, \"disabled\": false, \"extractXml\": false, \"extractJson\": false, \"targetOrder\": 1.0, \"targetValue\": \"<p>A Marketplace Product subscription request: <b>%{/Vars/SubscriptionName}%</b> from Org: <b>%{/Vars/OrgName}%</b> and Team: <b>%{/Vars/TeamName}%</b> for Product: <b>%{/Vars/ProductName}%</b> requested on <b>%{/Vars/SubscriptionUpdatedDt}%</b> is <b>%{/GetSubscriptionDetailsFromSubscriptionPayloadOutput/SubscriptionApprovalState}%</b> by a <b>Service Account</b>.</p>\", \"mapEmptyString\": false, \"targetJavaType\": \"java.lang.String\", \"variableSubstitution\": true}}]}",
    "null" : false
  },
  "component_id" : "8ac5fe03-27a2-4e6a-a449-6a8893818223",
  "service_id" : "86b3a8c7-1c2e-4fe4-b89c-e842a84f1593",
  "endpoint_id" : null,
  "parent_component_config_id" : "9566a05c-935c-4e55-b80a-4202dbeb6087",
  "component_config_order" : 2.0,
  "action_id" : "06843b78-eab0-45da-afab-8c8277d7553f",
  "name" : "Set MS Teams and Email Message",
  "description" : "",
  "override_endpoint" : false,
  "input_structure_json" : {
    "type" : "jsonb",
    "value" : "{\"maps\": [], \"mappedNodes\": [\"/Vars/MSTeamsMessageStrpipeOut\", \"/VarspipeOut\", \"/VarspipeOut\", \"/Vars/EmailMessageBodypipeOut\", \"/VarspipeOut\", \"/VarspipeOut\", \"/VarspipeOut\", \"/Vars/EmailMessageBodypipeOut\", \"/VarspipeOut\", \"/VarspipeOut\", \"/VarspipeOut\", \"/Vars/EmailMessageBodypipeOut\", \"/VarspipeOut\", \"/VarspipeOut\", \"/VarspipeOut\", \"/Vars/MSTeamsMessageStrpipeOut\", \"/VarspipeOut\"]}",
    "null" : false
  },
  "output_structure_json" : {
    "type" : "jsonb",
    "value" : "{\"maps\": [{\"/Vars/MSTeamsMessageStr\": [{\"type\": \"setValue\", \"order\": 1, \"target\": {\"path\": \"/Vars/MSTeamsMessageStr\", \"order\": 1, \"title\": \"MSTeamsMessageStr\", \"dataElementType\": \"string\"}, \"values\": [{\"id\": \"e0198147-9adb-475e-93f2-862c3b3b7245\", \"key\": \"/Vars/MSTeamsMessageStr\", \"type\": \"node\", \"order\": 1, \"title\": \"MSTeamsMessageStr\", \"children\": [], \"setValue\": null, \"editAllow\": true, \"uiElement\": \"A Marketplace Product subscription request: [**<input _ngcontent-vvh-c270=\\\"\\\" class=\\\"chip\\\" title=\\\"/GetSubscriptionDetailsFromSubscriptionPayloadOutput/SubscriptionName\\\" readonly=\\\"true\\\" disabled=\\\"true\\\" type=\\\"button\\\" value=\\\"SubscriptionName\\\">**](<input _ngcontent-ng-c1270903566=\\\"\\\" class=\\\"chip\\\" title=\\\"/Vars/AmplifyCentralBaseAddress\\\" readonly=\\\"true\\\" disabled=\\\"true\\\" type=\\\"button\\\" value=\\\"AmplifyCentralBaseAddress\\\">/marketplace/subscriptions) from Org: **<input _ngcontent-vvh-c270=\\\"\\\" class=\\\"chip\\\" title=\\\"/Vars/OrgName\\\" readonly=\\\"true\\\" disabled=\\\"true\\\" type=\\\"button\\\" value=\\\"OrgName\\\">** and Team: **<input _ngcontent-vvh-c270=\\\"\\\" class=\\\"chip\\\" title=\\\"/Vars/TeamName\\\" readonly=\\\"true\\\" disabled=\\\"true\\\" type=\\\"button\\\" value=\\\"TeamName\\\">** for Product: **<input _ngcontent-vvh-c270=\\\"\\\" class=\\\"chip\\\" title=\\\"/Vars/ProductName\\\" readonly=\\\"true\\\" disabled=\\\"true\\\" type=\\\"button\\\" value=\\\"ProductName\\\">** requested on **<input _ngcontent-vvh-c270=\\\"\\\" class=\\\"chip\\\" title=\\\"/Vars/SubscriptionUpdatedDt\\\" readonly=\\\"true\\\" disabled=\\\"true\\\" type=\\\"button\\\" value=\\\"SubscriptionUpdatedDt\\\">** is **<input _ngcontent-vvh-c270=\\\"\\\" class=\\\"chip\\\" title=\\\"/GetSubscriptionDetailsFromSubscriptionPayloadOutput/SubscriptionApprovalState\\\" readonly=\\\"true\\\" disabled=\\\"true\\\" type=\\\"button\\\" value=\\\"SubscriptionApprovalState\\\">** by a **Service Account**. \", \"isSetValue\": false, \"childrenSet\": false, \"hasChildren\": false, \"componentName\": \"Declare Vars and Parse webhook payload\", \"dataElementType\": \"string\", \"componentConfigId\": \"7e2c1bc1-c81b-4584-a9a1-f2a89c687d49\", \"componentConfigName\": \"Map\"}], \"mapCondition\": {\"isConditionSet\": false, \"sourceTreeIndex\": [], \"targetTreeIndex\": [], \"mapConditionFormValue\": {}}, \"dataElementType\": \"string\", \"variableSubstitution\": true, \"overwritePipelineValue\": false}]}, {\"/Vars/EmailMessageBody\": [{\"type\": \"setValue\", \"order\": 1, \"target\": {\"path\": \"/Vars/EmailMessageBody\", \"order\": 1, \"title\": \"EmailMessageBody\", \"dataElementType\": \"string\"}, \"values\": [{\"id\": \"cfefdc63-a681-485a-85a4-c2fbec393628\", \"key\": \"/Vars/EmailMessageBody\", \"type\": \"node\", \"order\": 1, \"title\": \"EmailMessageBody\", \"children\": [], \"setValue\": null, \"editAllow\": true, \"uiElement\": \"&lt;p&gt;A Marketplace Product subscription request: &lt;b&gt;<input _ngcontent-ng-c1270903566=\\\"\\\" class=\\\"chip\\\" title=\\\"/Vars/SubscriptionName\\\" readonly=\\\"true\\\" disabled=\\\"true\\\" type=\\\"button\\\" value=\\\"SubscriptionName\\\">&lt;/b&gt; from Org: &lt;b&gt;<input _ngcontent-ng-c1270903566=\\\"\\\" class=\\\"chip\\\" title=\\\"/Vars/OrgName\\\" readonly=\\\"true\\\" disabled=\\\"true\\\" type=\\\"button\\\" value=\\\"OrgName\\\">&lt;/b&gt; and Team: &lt;b&gt;<input _ngcontent-ng-c1270903566=\\\"\\\" class=\\\"chip\\\" title=\\\"/Vars/TeamName\\\" readonly=\\\"true\\\" disabled=\\\"true\\\" type=\\\"button\\\" value=\\\"TeamName\\\">&lt;/b&gt; for Product: &lt;b&gt;<input _ngcontent-ng-c1270903566=\\\"\\\" class=\\\"chip\\\" title=\\\"/Vars/ProductName\\\" readonly=\\\"true\\\" disabled=\\\"true\\\" type=\\\"button\\\" value=\\\"ProductName\\\">&lt;/b&gt; requested on &lt;b&gt;<input _ngcontent-ng-c1270903566=\\\"\\\" class=\\\"chip\\\" title=\\\"/Vars/SubscriptionUpdatedDt\\\" readonly=\\\"true\\\" disabled=\\\"true\\\" type=\\\"button\\\" value=\\\"SubscriptionUpdatedDt\\\">&lt;/b&gt; is &lt;b&gt;<input _ngcontent-ng-c1270903566=\\\"\\\" class=\\\"chip\\\" title=\\\"/GetSubscriptionDetailsFromSubscriptionPayloadOutput/SubscriptionApprovalState\\\" readonly=\\\"true\\\" disabled=\\\"true\\\" type=\\\"button\\\" value=\\\"SubscriptionApprovalState\\\">&lt;/b&gt; by a &lt;b&gt;Service Account&lt;/b&gt;.&lt;/p&gt;\", \"isSetValue\": false, \"childrenSet\": false, \"hasChildren\": false, \"componentName\": \"Declare Vars and Parse webhook payload\", \"dataElementType\": \"string\", \"componentConfigId\": \"7e2c1bc1-c81b-4584-a9a1-f2a89c687d49\", \"componentConfigName\": \"Map\"}], \"mapCondition\": {\"isConditionSet\": false, \"sourceTreeIndex\": [], \"targetTreeIndex\": [], \"mapConditionFormValue\": {}}, \"dataElementType\": \"string\", \"variableSubstitution\": true, \"overwritePipelineValue\": false}]}], \"transformer\": []}",
    "null" : false
  },
  "endpoint_structure_json" : {
    "type" : "jsonb",
    "value" : "{\"maps\": []}",
    "null" : false
  },
  "is_error" : false,
  "no_of_errors" : 0,
  "action_input_type" : null,
  "config_service_id" : null,
  "config_imap_id" : null,
  "config_b2b_document_type_id" : null,
  "config_document_id" : null,
  "add_variables" : {
    "type" : "jsonb",
    "value" : "[]",
    "null" : false
  },
  "drop_variables" : {
    "type" : "jsonb",
    "value" : "[]",
    "null" : false
  },
  "plug_input_structure" : null,
  "plug_output_structure" : null,
  "config_plug_id" : null,
  "override_plug" : false,
  "config_java_service_id" : null,
  "service_tag" : "EMPTY",
  "endpoint_tag" : "EMPTY",
  "config_service_tag" : "EMPTY",
  "config_imap_tag" : "EMPTY",
  "config_b2b_document_type_tag" : "EMPTY",
  "active" : true,
  "parent_component_config_service_tag" : "EMPTY",
  "service_project_id" : "5e4ed772-e812-4368-9b48-c95ba4e3ec23",
  "service_project_tag" : "EMPTY",
  "config_service_project_id" : null,
  "config_service_project_tag" : "EMPTY",
  "config_imap_project_id" : null,
  "config_imap_project_tag" : "EMPTY",
  "config_b2b_document_type_project_id" : null,
  "config_b2b_document_type_project_tag" : "EMPTY",
  "endpoint_project_id" : null,
  "endpoint_project_tag" : "EMPTY",
  "config_plug_tag" : "EMPTY",
  "config_plug_project_id" : null,
  "config_plug_project_tag" : "EMPTY",
  "config_java_service_tag" : "EMPTY",
  "config_java_service_project_id" : null,
  "config_java_service_project_tag" : "EMPTY",
  "disabled" : false,
  "config" : null,
  "config_b2b_document_type_project_mode_id" : "112c1cb8-4b9e-4d1a-a042-0bd031dc7d05",
  "config_imap_project_mode_id" : "112c1cb8-4b9e-4d1a-a042-0bd031dc7d05",
  "config_java_service_project_mode_id" : "112c1cb8-4b9e-4d1a-a042-0bd031dc7d05",
  "config_plug_project_mode_id" : "112c1cb8-4b9e-4d1a-a042-0bd031dc7d05",
  "config_service_project_mode_id" : "112c1cb8-4b9e-4d1a-a042-0bd031dc7d05",
  "endpoint_project_mode_id" : "112c1cb8-4b9e-4d1a-a042-0bd031dc7d05",
  "service_project_mode_id" : "112c1cb8-4b9e-4d1a-a042-0bd031dc7d05",
  "parent_component_config_service_project_mode_id" : "112c1cb8-4b9e-4d1a-a042-0bd031dc7d05",
  "is_audit" : true,
  "keys_with_order" : null
}