{
  "component_config_id" : "3d0b4f57-91fd-4f42-8e86-a0987af3bf02",
  "endpoint_config_json" : {
    "type" : "jsonb",
    "value" : "{\"crossRef\": [], \"services\": [], \"multistep\": [], \"operations\": []}",
    "null" : false
  },
  "input_config_json" : {
    "type" : "jsonb",
    "value" : "{\"crossRef\": [], \"services\": [], \"multistep\": [], \"operations\": []}",
    "null" : false
  },
  "output_config_json" : {
    "type" : "jsonb",
    "value" : "{\"crossRef\": [], \"services\": [], \"multistep\": [], \"operations\": [{\"map\": {\"id\": \"1cae7eaa-50a2-42a4-853f-c59fbdc6b63f\", \"root\": false, \"type\": \"list\", \"cached\": false, \"source\": \"/ConsumerOrgs[]/name\", \"target\": \"/Vars/OrgName\", \"mapNull\": false, \"disabled\": false, \"extractXml\": false, \"extractJson\": false, \"targetOrder\": 1.0, \"mapEmptyString\": false, \"sourceJavaType\": \"java.lang.String\", \"targetJavaType\": \"java.lang.String\"}}, {\"map\": {\"id\": \"dc539b8f-645b-463a-a2d4-68e72408e499\", \"root\": false, \"type\": \"list\", \"cached\": false, \"source\": \"/ConsumerOrgs[]/teams[]/name\", \"target\": \"/Vars/TeamName\", \"mapNull\": false, \"disabled\": false, \"expression\": \"%{/ConsumerOrgs[]/teams[]/guid}% == %{/AmplifySubscriptionWebhookPayloadParserOutput/AmplifySubscriptionWebhookPayload/payload/marketplace/resource/owner/id}% \", \"extractXml\": false, \"extractJson\": false, \"targetOrder\": 1.0, \"mapEmptyString\": false, \"sourceJavaType\": \"java.lang.String\", \"targetJavaType\": \"java.lang.String\"}}]}",
    "null" : false
  },
  "component_id" : "8ac5fe03-27a2-4e6a-a449-6a8893818223",
  "service_id" : "f3ba8e96-dbf9-426b-8082-95a6cc6f2152",
  "endpoint_id" : null,
  "parent_component_config_id" : "fdd25bcb-a0b2-49cc-896c-c3df8884d2af",
  "component_config_order" : 5.0,
  "action_id" : "06843b78-eab0-45da-afab-8c8277d7553f",
  "name" : "Set consumer org name and team name",
  "description" : "",
  "override_endpoint" : false,
  "input_structure_json" : {
    "type" : "jsonb",
    "value" : "{\"maps\": [], \"mappedNodes\": [\"/ConsumerOrgs[]/name pipeIn\", \"/Vars/OrgNamepipeOut\", \"/ConsumerOrgs[]/teams[]/name pipeIn\", \"/Vars/TeamNamepipeOut\"]}",
    "null" : false
  },
  "output_structure_json" : {
    "type" : "jsonb",
    "value" : "{\"maps\": [{\"/Vars/OrgName\": [{\"type\": \"list\", \"source\": {\"path\": \"/ConsumerOrgs[]/name\", \"title\": \"name\", \"dataElementType\": \"string\"}, \"target\": {\"path\": \"/Vars/OrgName\", \"order\": 1, \"title\": \"OrgName\", \"dataElementType\": \"string\"}, \"mapCondition\": {\"isConditionSet\": false, \"sourceTreeIndex\": [{\"key\": 1, \"title\": \"ConsumerOrgs\", \"isLeaf\": false, \"isArray\": true, \"children\": [{\"key\": 2, \"title\": \"name\", \"isLeaf\": false, \"isArray\": false, \"parentKey\": 1}], \"parentKey\": 0, \"arrayIndex\": null}], \"targetTreeIndex\": [{\"key\": 1, \"title\": \"Vars\", \"isLeaf\": false, \"isArray\": false, \"children\": [{\"key\": 2, \"title\": \"OrgName\", \"isLeaf\": false, \"isArray\": false, \"parentKey\": 1}], \"parentKey\": 0}], \"mapConditionFormValue\": {}}}]}, {\"/Vars/TeamName\": [{\"type\": \"list\", \"source\": {\"path\": \"/ConsumerOrgs[]/teams[]/name\", \"title\": \"name\", \"dataElementType\": \"string\"}, \"target\": {\"path\": \"/Vars/TeamName\", \"order\": 1, \"title\": \"TeamName\", \"dataElementType\": \"string\"}, \"mapCondition\": {\"defaultValue\": null, \"isConditionSet\": true, \"sourceTreeIndex\": [{\"key\": 1, \"title\": \"ConsumerOrgs\", \"isLeaf\": false, \"isArray\": true, \"children\": [{\"key\": 2, \"title\": \"teams\", \"isLeaf\": false, \"isArray\": true, \"children\": [{\"key\": 3, \"title\": \"name\", \"isLeaf\": false, \"isArray\": false, \"expanded\": true, \"parentKey\": 2}], \"expanded\": true, \"parentKey\": 1, \"arrayIndex\": null}], \"expanded\": true, \"parentKey\": 0, \"arrayIndex\": null}], \"targetTreeIndex\": [{\"key\": 1, \"title\": \"Vars\", \"isLeaf\": false, \"isArray\": false, \"children\": [{\"key\": 2, \"title\": \"TeamName\", \"isLeaf\": false, \"isArray\": false, \"expanded\": true, \"parentKey\": 1}], \"expanded\": true, \"parentKey\": 0}], \"mapConditionFormValue\": {\"fields\": [{\"id\": 1, \"path\": \"%{/ConsumerOrgs[]/teams[]/guid}%\", \"field\": \"/ConsumerOrgs[]/teams[]/guid\", \"value\": \"%{/AmplifySubscriptionWebhookPayloadParserOutput/AmplifySubscriptionWebhookPayload/payload/marketplace/resource/owner/id}%\", \"isGroup\": false, \"children\": null, \"operator\": \"==\", \"operation\": \"&&\", \"isTreeChecked\": true, \"dataElementType\": \"string\"}]}}}]}], \"tracks\": {}, \"transformer\": []}",
    "null" : false
  },
  "endpoint_structure_json" : {
    "type" : "jsonb",
    "value" : "{\"maps\": []}",
    "null" : false
  },
  "is_error" : false,
  "no_of_errors" : 0,
  "action_input_type" : null,
  "config_service_id" : null,
  "config_imap_id" : null,
  "config_b2b_document_type_id" : null,
  "config_document_id" : null,
  "add_variables" : {
    "type" : "jsonb",
    "value" : "[]",
    "null" : false
  },
  "drop_variables" : {
    "type" : "jsonb",
    "value" : "[]",
    "null" : false
  },
  "plug_input_structure" : null,
  "plug_output_structure" : null,
  "config_plug_id" : null,
  "override_plug" : false,
  "config_java_service_id" : null,
  "service_tag" : "EMPTY",
  "endpoint_tag" : "EMPTY",
  "config_service_tag" : "EMPTY",
  "config_imap_tag" : "EMPTY",
  "config_b2b_document_type_tag" : "EMPTY",
  "active" : true,
  "parent_component_config_service_tag" : "EMPTY",
  "service_project_id" : "5e4ed772-e812-4368-9b48-c95ba4e3ec23",
  "service_project_tag" : "EMPTY",
  "config_service_project_id" : null,
  "config_service_project_tag" : "EMPTY",
  "config_imap_project_id" : null,
  "config_imap_project_tag" : "EMPTY",
  "config_b2b_document_type_project_id" : null,
  "config_b2b_document_type_project_tag" : "EMPTY",
  "endpoint_project_id" : null,
  "endpoint_project_tag" : "EMPTY",
  "config_plug_tag" : "EMPTY",
  "config_plug_project_id" : null,
  "config_plug_project_tag" : "EMPTY",
  "config_java_service_tag" : "EMPTY",
  "config_java_service_project_id" : null,
  "config_java_service_project_tag" : "EMPTY",
  "disabled" : false,
  "config" : null,
  "config_b2b_document_type_project_mode_id" : "112c1cb8-4b9e-4d1a-a042-0bd031dc7d05",
  "config_imap_project_mode_id" : "112c1cb8-4b9e-4d1a-a042-0bd031dc7d05",
  "config_java_service_project_mode_id" : "112c1cb8-4b9e-4d1a-a042-0bd031dc7d05",
  "config_plug_project_mode_id" : "112c1cb8-4b9e-4d1a-a042-0bd031dc7d05",
  "config_service_project_mode_id" : "112c1cb8-4b9e-4d1a-a042-0bd031dc7d05",
  "endpoint_project_mode_id" : "112c1cb8-4b9e-4d1a-a042-0bd031dc7d05",
  "service_project_mode_id" : "112c1cb8-4b9e-4d1a-a042-0bd031dc7d05",
  "parent_component_config_service_project_mode_id" : "112c1cb8-4b9e-4d1a-a042-0bd031dc7d05",
  "is_audit" : true,
  "keys_with_order" : null
}