{
  "component_config_id" : "75d6d448-4692-45ab-beb3-4481827c87b5",
  "endpoint_config_json" : {
    "type" : "jsonb",
    "value" : "{\"crossRef\": [], \"services\": [], \"multistep\": [], \"operations\": []}",
    "null" : false
  },
  "input_config_json" : {
    "type" : "jsonb",
    "value" : "{\"crossRef\": [], \"services\": [], \"multistep\": [], \"operations\": []}",
    "null" : false
  },
  "output_config_json" : {
    "type" : "jsonb",
    "value" : "{\"crossRef\": [], \"services\": [], \"multistep\": [], \"operations\": [{\"ifElseBlock\": {\"root\": false, \"cached\": false, \"target\": \"/MSTeamsBodyFact/value\", \"disabled\": false, \"actualPath\": \"/MSTeamsBodyFact/value\", \"operations\": [{\"map\": {\"id\": \"6b6c1658-3453-4003-91c4-5571af6cf96f\", \"root\": false, \"type\": \"setValue\", \"cached\": false, \"mapNull\": false, \"disabled\": false, \"expression\": \"%{/DetectSentimentResponse/Sentiment}% == \\\"NEGATIVE\\\" \", \"extractXml\": false, \"extractJson\": false, \"targetValue\": \"Negative\", \"mapEmptyString\": false, \"targetJavaType\": \"java.lang.String\", \"variableSubstitution\": false}}, {\"map\": {\"id\": \"2a0b2e03-f778-469c-807b-83eedff648ae\", \"root\": false, \"type\": \"setValue\", \"cached\": false, \"mapNull\": false, \"disabled\": false, \"expression\": \"%{/DetectSentimentResponse/Sentiment}% == \\\"MIXED\\\" \", \"extractXml\": false, \"extractJson\": false, \"targetValue\": \"Mixed\", \"mapEmptyString\": false, \"targetJavaType\": \"java.lang.String\", \"variableSubstitution\": false}}, {\"map\": {\"id\": \"680676b1-d9ed-48a1-805e-7dbae040b34c\", \"root\": false, \"type\": \"setValue\", \"cached\": false, \"mapNull\": false, \"disabled\": false, \"expression\": \"%{/DetectSentimentResponse/Sentiment}% == \\\"POSITIVE\\\" \", \"extractXml\": false, \"extractJson\": false, \"targetValue\": \"Positive\", \"mapEmptyString\": false, \"targetJavaType\": \"java.lang.String\", \"variableSubstitution\": false}}], \"targetOrder\": 1.0}}, {\"map\": {\"id\": \"07eb0884-ef64-4285-88f3-8bcd6748d224\", \"root\": false, \"type\": \"setValue\", \"cached\": false, \"target\": \"/Vars/shouldNotify\", \"mapNull\": false, \"disabled\": false, \"extractXml\": false, \"extractJson\": false, \"targetOrder\": 1.0, \"targetValue\": \"true\", \"mapEmptyString\": false, \"targetJavaType\": \"java.lang.Boolean\", \"variableSubstitution\": false}}, {\"map\": {\"id\": \"250ef2ff-bbf3-4ca1-8534-f8efb64cd1af\", \"root\": false, \"type\": \"setValue\", \"cached\": false, \"target\": \"/MSTeamsBodyFact/name\", \"mapNull\": false, \"disabled\": false, \"extractXml\": false, \"extractJson\": false, \"targetOrder\": 1.0, \"targetValue\": \"Sentiment:\", \"mapEmptyString\": false, \"targetJavaType\": \"java.lang.String\", \"variableSubstitution\": false}}, {\"map\": {\"id\": \"70269c13-c660-415a-837f-e317188fa9a9\", \"root\": false, \"type\": \"setValue\", \"cached\": false, \"target\": \"/Vars/isSentimentDetected\", \"mapNull\": false, \"disabled\": false, \"extractXml\": false, \"extractJson\": false, \"targetOrder\": 1.0, \"targetValue\": \"true\", \"mapEmptyString\": false, \"targetJavaType\": \"java.lang.Boolean\", \"variableSubstitution\": false}}]}",
    "null" : false
  },
  "component_id" : "8ac5fe03-27a2-4e6a-a449-6a8893818223",
  "service_id" : "f445fcfe-69a9-42fa-b75e-a8632dd99678",
  "endpoint_id" : null,
  "parent_component_config_id" : "beb61e14-a1b0-4d1e-9458-84432a7f5a25",
  "component_config_order" : 2.0,
  "action_id" : "06843b78-eab0-45da-afab-8c8277d7553f",
  "name" : "Set shouldNotify and isSentimentDetected to true",
  "description" : "",
  "override_endpoint" : false,
  "input_structure_json" : {
    "type" : "jsonb",
    "value" : "{\"maps\": [], \"mappedNodes\": [\"/Vars/shouldNotifypipeOut\", \"/VarspipeOut\", \"/VarspipeOut\", \"/MSTeamsBodyFact/namepipeOut\", \"/MSTeamsBodyFactpipeOut\", \"/MSTeamsBodyFactpipeOut\", \"/VarspipeOut\", \"/MSTeamsBodyFactpipeOut\", \"/MSTeamsBodyFact\", \"/VarspipeOut\", \"/MSTeamsBodyFactpipeOut\", \"/MSTeamsBodyFact/namepipeOut\", \"/MSTeamsBodyFactpipeOut\", \"/VarspipeOut\", \"/MSTeamsBodyFactpipeOut\", \"/Vars/isSentimentDetectedpipeOut\", \"/VarspipeOut\"]}",
    "null" : false
  },
  "output_structure_json" : {
    "type" : "jsonb",
    "value" : "{\"maps\": [{\"/Vars/shouldNotify\": [{\"type\": \"setValue\", \"order\": 1, \"target\": {\"path\": \"/Vars/shouldNotify\", \"order\": 1, \"title\": \"shouldNotify\", \"dataElementType\": \"boolean\"}, \"values\": [{\"id\": \"a0408966-8fe5-46ac-8af2-2fa99b0aacd2\", \"key\": \"/Vars/shouldNotify\", \"type\": \"node\", \"order\": 1, \"title\": \"shouldNotify\", \"children\": [], \"setValue\": \"true\", \"editAllow\": true, \"uiElement\": \"true\", \"isSetValue\": false, \"childrenSet\": false, \"hasChildren\": false, \"componentName\": \"Declare vars\", \"dataElementType\": \"boolean\", \"componentConfigId\": \"7d4c8bb8-0a06-41cb-b488-03c5c40562a5\", \"componentConfigName\": \"Map\"}], \"mapCondition\": {\"isConditionSet\": false, \"sourceTreeIndex\": [], \"targetTreeIndex\": [], \"mapConditionFormValue\": {}}, \"dataElementType\": \"boolean\", \"variableSubstitution\": false, \"overwritePipelineValue\": false}]}, {\"/MSTeamsBodyFact/name\": [{\"type\": \"setValue\", \"order\": 1, \"target\": {\"path\": \"/MSTeamsBodyFact/name\", \"order\": 1, \"title\": \"name\", \"dataElementType\": \"string\"}, \"values\": [{\"id\": \"92de7eef-768c-46cc-92c3-d141f9c9ee92\", \"key\": \"/MSTeamsBodyFact/name\", \"type\": \"node\", \"order\": 1, \"title\": \"name\", \"children\": [], \"setValue\": null, \"editAllow\": true, \"uiElement\": \"Sentiment:\", \"isSetValue\": false, \"childrenSet\": false, \"hasChildren\": false, \"componentName\": \"Declare vars\", \"dataElementType\": \"string\", \"componentConfigId\": \"7d4c8bb8-0a06-41cb-b488-03c5c40562a5\", \"componentConfigName\": \"Map\"}], \"mapCondition\": {\"isConditionSet\": false, \"sourceTreeIndex\": [], \"targetTreeIndex\": [], \"mapConditionFormValue\": {}}, \"dataElementType\": \"string\", \"variableSubstitution\": false, \"overwritePipelineValue\": false}]}, {\"/MSTeamsBodyFact/value\": [{\"type\": \"conditionalMap\", \"target\": {\"path\": \"/MSTeamsBodyFact/value\", \"order\": 1, \"title\": \"value\", \"dataElementType\": \"string\"}, \"actualPath\": \"/MSTeamsBodyFact/value\", \"conditions\": [{\"id\": \"0414b769-475f-4d37-b9c4-0b9e52f68c4d\", \"type\": \"setValue\", \"fields\": [{\"id\": 0, \"path\": \"%{/DetectSentimentResponse/Sentiment}%\", \"field\": \"/DetectSentimentResponse/Sentiment\", \"value\": \"NEGATIVE\", \"isGroup\": false, \"children\": null, \"operator\": \"==\", \"uniqueId\": \"2c1ffe2a-442d-4f21-8ed4-898d72fd31ac\", \"operation\": \"&&\", \"isTreeChecked\": false, \"dataElementType\": \"string\"}], \"mapNull\": false, \"setValue\": \"\", \"uiElement\": \"Negative\", \"conditionName\": \"if\", \"mapEmptyString\": false, \"variableSubstitution\": false}, {\"id\": \"bb2acae7-58da-461f-a2ce-da0ffd68db31\", \"type\": \"setValue\", \"fields\": [{\"id\": 1, \"path\": \"%{/DetectSentimentResponse/Sentiment}%\", \"field\": \"/DetectSentimentResponse/Sentiment\", \"value\": \"MIXED\", \"isGroup\": false, \"children\": null, \"operator\": \"==\", \"uniqueId\": \"b261dcb8-3874-4a81-be6f-bd63a9e72c73\", \"operation\": \"&&\", \"isTreeChecked\": false, \"dataElementType\": \"string\"}], \"mapNull\": false, \"setValue\": \"\", \"uiElement\": \"Mixed\", \"conditionName\": \"else-if\", \"mapEmptyString\": false, \"variableSubstitution\": false}, {\"id\": \"167cfaa4-464c-461c-af59-17babdceabee\", \"type\": \"setValue\", \"fields\": [{\"id\": 2, \"path\": \"%{/DetectSentimentResponse/Sentiment}%\", \"field\": \"/DetectSentimentResponse/Sentiment\", \"value\": \"POSITIVE\", \"isGroup\": false, \"children\": null, \"operator\": \"==\", \"uniqueId\": \"88802671-620c-4e56-99d1-9eec9071a807\", \"operation\": \"&&\", \"isTreeChecked\": false, \"dataElementType\": \"string\"}], \"mapNull\": false, \"setValue\": \"\", \"uiElement\": \"Positive\", \"conditionName\": \"else-if\", \"mapEmptyString\": false, \"variableSubstitution\": false}], \"mapCondition\": {\"isConditionSet\": false, \"sourceTreeIndex\": [], \"targetTreeIndex\": [], \"mapConditionFormValue\": {}}, \"variableSubstitution\": false, \"overwritePipelineValue\": false}]}, {\"/Vars/isSentimentDetected\": [{\"type\": \"setValue\", \"order\": 1, \"target\": {\"path\": \"/Vars/isSentimentDetected\", \"order\": 1, \"title\": \"isSentimentDetected\", \"dataElementType\": \"boolean\"}, \"values\": [{\"id\": \"70d6842e-c0eb-4a2e-b7e4-15a30d2d0615\", \"key\": \"/Vars/isSentimentDetected\", \"type\": \"node\", \"order\": 1, \"title\": \"isSentimentDetected\", \"children\": [], \"setValue\": \"true\", \"editAllow\": true, \"uiElement\": \"true\", \"isSetValue\": false, \"childrenSet\": false, \"hasChildren\": false, \"componentName\": \"Declare vars and prepare review text\", \"dataElementType\": \"boolean\", \"componentConfigId\": \"7d4c8bb8-0a06-41cb-b488-03c5c40562a5\", \"componentConfigName\": \"Map\"}], \"mapCondition\": {\"isConditionSet\": false, \"sourceTreeIndex\": [], \"targetTreeIndex\": [], \"mapConditionFormValue\": {}}, \"dataElementType\": \"boolean\", \"variableSubstitution\": false, \"overwritePipelineValue\": false}]}], \"tracks\": {}, \"transformer\": []}",
    "null" : false
  },
  "endpoint_structure_json" : {
    "type" : "jsonb",
    "value" : "{\"maps\": []}",
    "null" : false
  },
  "is_error" : false,
  "no_of_errors" : 0,
  "action_input_type" : null,
  "config_service_id" : null,
  "config_imap_id" : null,
  "config_b2b_document_type_id" : null,
  "config_document_id" : null,
  "add_variables" : {
    "type" : "jsonb",
    "value" : "[]",
    "null" : false
  },
  "drop_variables" : {
    "type" : "jsonb",
    "value" : "[]",
    "null" : false
  },
  "plug_input_structure" : null,
  "plug_output_structure" : null,
  "config_plug_id" : null,
  "override_plug" : false,
  "config_java_service_id" : null,
  "service_tag" : "EMPTY",
  "endpoint_tag" : "EMPTY",
  "config_service_tag" : "EMPTY",
  "config_imap_tag" : "EMPTY",
  "config_b2b_document_type_tag" : "EMPTY",
  "active" : true,
  "parent_component_config_service_tag" : "EMPTY",
  "service_project_id" : "5e4ed772-e812-4368-9b48-c95ba4e3ec23",
  "service_project_tag" : "EMPTY",
  "config_service_project_id" : null,
  "config_service_project_tag" : "EMPTY",
  "config_imap_project_id" : null,
  "config_imap_project_tag" : "EMPTY",
  "config_b2b_document_type_project_id" : null,
  "config_b2b_document_type_project_tag" : "EMPTY",
  "endpoint_project_id" : null,
  "endpoint_project_tag" : "EMPTY",
  "config_plug_tag" : "EMPTY",
  "config_plug_project_id" : null,
  "config_plug_project_tag" : "EMPTY",
  "config_java_service_tag" : "EMPTY",
  "config_java_service_project_id" : null,
  "config_java_service_project_tag" : "EMPTY",
  "disabled" : false,
  "config" : null,
  "config_b2b_document_type_project_mode_id" : "112c1cb8-4b9e-4d1a-a042-0bd031dc7d05",
  "config_imap_project_mode_id" : "112c1cb8-4b9e-4d1a-a042-0bd031dc7d05",
  "config_java_service_project_mode_id" : "112c1cb8-4b9e-4d1a-a042-0bd031dc7d05",
  "config_plug_project_mode_id" : "112c1cb8-4b9e-4d1a-a042-0bd031dc7d05",
  "config_service_project_mode_id" : "112c1cb8-4b9e-4d1a-a042-0bd031dc7d05",
  "endpoint_project_mode_id" : "112c1cb8-4b9e-4d1a-a042-0bd031dc7d05",
  "service_project_mode_id" : "112c1cb8-4b9e-4d1a-a042-0bd031dc7d05",
  "parent_component_config_service_project_mode_id" : "112c1cb8-4b9e-4d1a-a042-0bd031dc7d05",
  "is_audit" : true,
  "keys_with_order" : null
}