{
  "component_config_id" : "137f8cc7-e07d-4703-8cea-b961135b5ceb",
  "endpoint_config_json" : {
    "type" : "jsonb",
    "value" : "{\"crossRef\": [], \"services\": [], \"multistep\": [], \"operations\": []}",
    "null" : false
  },
  "input_config_json" : {
    "type" : "jsonb",
    "value" : "{\"crossRef\": [], \"services\": [], \"multistep\": [], \"operations\": []}",
    "null" : false
  },
  "output_config_json" : {
    "type" : "jsonb",
    "value" : "{\"crossRef\": [], \"services\": [], \"multistep\": [], \"operations\": [{\"map\": {\"id\": \"c93506f1-03ac-4498-ad03-d7ed0b541fc2\", \"root\": false, \"type\": \"setValue\", \"cached\": false, \"target\": \"/Vars/MSTeamsMessageStr\", \"mapNull\": false, \"disabled\": false, \"extractXml\": false, \"extractJson\": false, \"targetOrder\": 1.0, \"targetValue\": \"A Marketplace Product subscription request: [**%{/Vars/SubscriptionName}%**](%{/Vars/AmplifyCentralBaseAddress}%/marketplace/subscriptions) from Org: **%{/Vars/OrgName}%** and Team: **%{/Vars/TeamName}%** for Product: **%{/Vars/ProductName}%** requested on **%{/Vars/SubscriptionUpdatedDt}%** is **%{/GetSubscriptionDetailsFromSubscriptionPayloadOutput/SubscriptionApprovalState}%**. \", \"mapEmptyString\": false, \"targetJavaType\": \"java.lang.String\", \"variableSubstitution\": true}}, {\"map\": {\"id\": \"411eb9ed-9c5e-435c-a3de-5269bb8920cf\", \"root\": false, \"type\": \"setValue\", \"cached\": false, \"target\": \"/Vars/EmailMessageBody\", \"mapNull\": false, \"disabled\": false, \"extractXml\": false, \"extractJson\": false, \"targetOrder\": 1.0, \"targetValue\": \"<p>A Marketplace Product subscription request <b>%{/Vars/SubscriptionName}%</b> from Org: <b>%{/Vars/OrgName}%</b> and Team: <b>%{/Vars/TeamName}%</b> for Product: <b>%{/Vars/ProductName}%</b> requested on <b>%{/Vars/SubscriptionUpdatedDt}%</b> is <b>%{/GetSubscriptionDetailsFromSubscriptionPayloadOutput/SubscriptionApprovalState}%</b>.</p>\", \"mapEmptyString\": false, \"targetJavaType\": \"java.lang.String\", \"variableSubstitution\": true}}, {\"map\": {\"id\": \"9d0b2e5e-f088-4e2a-bfeb-656ff3387778\", \"root\": false, \"type\": \"setValue\", \"cached\": false, \"target\": \"/Vars/IncidentDescription\", \"mapNull\": false, \"disabled\": false, \"extractXml\": false, \"extractJson\": false, \"targetOrder\": 1.0, \"targetValue\": \"Subscription Name: %{/Vars/SubscriptionName}%\\nSubscription URL: %{/Vars/AmplifyCentralBaseAddress}%/marketplace/subscriptions\\nOrganization: %{/Vars/OrgName}%\\nTeam: %{/Vars/TeamName}%\\nProduct: %{/Vars/ProductName}%\\nRequest Date: %{/Vars/SubscriptionUpdatedDt}%\", \"mapEmptyString\": false, \"targetJavaType\": \"java.lang.String\", \"variableSubstitution\": true}}, {\"map\": {\"id\": \"1c35ba0f-035a-48ae-a8fb-26ca53b6f740\", \"root\": false, \"type\": \"setValue\", \"cached\": false, \"target\": \"/Vars/IncidentTitle\", \"mapNull\": false, \"disabled\": false, \"extractXml\": false, \"extractJson\": false, \"targetOrder\": 1.0, \"targetValue\": \"[Subscription Request] Marketplace Product Subscription Request: \\\"%{/Vars/SubscriptionName}%\\\"\", \"mapEmptyString\": false, \"targetJavaType\": \"java.lang.String\", \"variableSubstitution\": true}}]}",
    "null" : false
  },
  "component_id" : "8ac5fe03-27a2-4e6a-a449-6a8893818223",
  "service_id" : "d9012278-1dff-44ee-a77c-d3cbc3134599",
  "endpoint_id" : null,
  "parent_component_config_id" : "fb7d117b-10da-4c71-9d47-2573cb737d51",
  "component_config_order" : 1.0,
  "action_id" : "06843b78-eab0-45da-afab-8c8277d7553f",
  "name" : "Set MS Teams, Email Message and Incident Description and Title",
  "description" : "",
  "override_endpoint" : false,
  "input_structure_json" : {
    "type" : "jsonb",
    "value" : "{\"maps\": [], \"mappedNodes\": [\"/Vars/MSTeamsMessageStrpipeOut\", \"/VarspipeOut\", \"/Vars/MSTeamsMessageStrpipeOut\", \"/VarspipeOut\", \"/VarspipeOut\", \"/Vars/EmailMessageBodypipeOut\", \"/VarspipeOut\", \"/VarspipeOut\", \"/VarspipeOut\", \"/Vars/MSTeamsMessageStrpipeOut\", \"/VarspipeOut\", \"/Vars/EmailMessageBodypipeOut\", \"/VarspipeOut\", \"/VarspipeOut\", \"/VarspipeOut\", \"/Vars/MSTeamsMessageStrpipeOut\", \"/VarspipeOut\", \"/Vars/EmailMessageBodypipeOut\", \"/VarspipeOut\", \"/VarspipeOut\", \"/VarspipeOut\", \"/Vars/MSTeamsMessageStrpipeOut\", \"/VarspipeOut\", \"/VarspipeOut\", \"/VarspipeOut\", \"/Vars/MSTeamsMessageStrpipeOut\", \"/VarspipeOut\", \"/VarspipeOut\", \"/VarspipeOut\", \"/Vars/MSTeamsMessageStrpipeOut\", \"/VarspipeOut\", \"/VarspipeOut\", \"/VarspipeOut\", \"/VarspipeOut\", \"/VarspipeOut\", \"/Vars/IncidentDescriptionpipeOut\", \"/VarspipeOut\", \"/Vars/IncidentTitlepipeOut\", \"/VarspipeOut\", \"/Vars/IncidentDescriptionpipeOut\", \"/VarspipeOut\", \"/VarspipeOut\", \"/VarspipeOut\", \"/VarspipeOut\", \"/VarspipeOut\", \"/Vars/IncidentDescriptionpipeOut\", \"/VarspipeOut\", \"/VarspipeOut\", \"/VarspipeOut\", \"/VarspipeOut\", \"/VarspipeOut\", \"/Vars/IncidentDescriptionpipeOut\", \"/VarspipeOut\", \"/VarspipeOut\", \"/VarspipeOut\", \"/VarspipeOut\", \"/VarspipeOut\", \"/Vars/EmailMessageBodypipeOut\", \"/VarspipeOut\", \"/VarspipeOut\", \"/VarspipeOut\", \"/VarspipeOut\", \"/VarspipeOut\", \"/Vars/EmailMessageBodypipeOut\", \"/VarspipeOut\", \"/VarspipeOut\", \"/VarspipeOut\", \"/VarspipeOut\", \"/VarspipeOut\", \"/Vars/IncidentTitlepipeOut\", \"/VarspipeOut\", \"/VarspipeOut\", \"/VarspipeOut\", \"/VarspipeOut\", \"/VarspipeOut\", \"/Vars/MSTeamsMessageStrpipeOut\", \"/VarspipeOut\", \"/VarspipeOut\", \"/VarspipeOut\", \"/VarspipeOut\", \"/VarspipeOut\", \"/Vars/IncidentDescriptionpipeOut\", \"/VarspipeOut\"]}",
    "null" : false
  },
  "output_structure_json" : {
    "type" : "jsonb",
    "value" : "{\"maps\": [{\"/Vars/MSTeamsMessageStr\": [{\"type\": \"setValue\", \"order\": 1, \"target\": {\"path\": \"/Vars/MSTeamsMessageStr\", \"order\": 1, \"title\": \"MSTeamsMessageStr\", \"dataElementType\": \"string\"}, \"values\": [{\"id\": \"cf69c5c6-f871-4ba3-b88e-73559a830817\", \"key\": \"/Vars/MSTeamsMessageStr\", \"type\": \"node\", \"order\": 1, \"title\": \"MSTeamsMessageStr\", \"children\": [], \"setValue\": null, \"editAllow\": true, \"uiElement\": \"A Marketplace Product subscription request: [**<input _ngcontent-mdg-c270=\\\"\\\" class=\\\"chip\\\" title=\\\"/Vars/SubscriptionName\\\" readonly=\\\"true\\\" disabled=\\\"true\\\" type=\\\"button\\\" value=\\\"SubscriptionName\\\">**](<input _ngcontent-ng-c1270903566=\\\"\\\" class=\\\"chip\\\" title=\\\"/Vars/AmplifyCentralBaseAddress\\\" readonly=\\\"true\\\" disabled=\\\"true\\\" type=\\\"button\\\" value=\\\"AmplifyCentralBaseAddress\\\">/marketplace/subscriptions) from Org: **<input _ngcontent-mdg-c270=\\\"\\\" class=\\\"chip\\\" title=\\\"/Vars/OrgName\\\" readonly=\\\"true\\\" disabled=\\\"true\\\" type=\\\"button\\\" value=\\\"OrgName\\\">** and Team: **<input _ngcontent-mdg-c270=\\\"\\\" class=\\\"chip\\\" title=\\\"/Vars/TeamName\\\" readonly=\\\"true\\\" disabled=\\\"true\\\" type=\\\"button\\\" value=\\\"TeamName\\\">** for Product: **<input _ngcontent-yqp-c270=\\\"\\\" class=\\\"chip\\\" title=\\\"/Vars/ProductName\\\" readonly=\\\"true\\\" disabled=\\\"true\\\" type=\\\"button\\\" value=\\\"ProductName\\\">** requested on **<input _ngcontent-mdg-c270=\\\"\\\" class=\\\"chip\\\" title=\\\"/Vars/SubscriptionUpdatedDt\\\" readonly=\\\"true\\\" disabled=\\\"true\\\" type=\\\"button\\\" value=\\\"SubscriptionUpdatedDt\\\">** is **<input _ngcontent-vvh-c270=\\\"\\\" class=\\\"chip\\\" title=\\\"/GetSubscriptionDetailsFromSubscriptionPayloadOutput/SubscriptionApprovalState\\\" readonly=\\\"true\\\" disabled=\\\"true\\\" type=\\\"button\\\" value=\\\"SubscriptionApprovalState\\\">**. \", \"isSetValue\": false, \"childrenSet\": false, \"hasChildren\": false, \"componentName\": \"Declare Vars and Parse webhook payload\", \"dataElementType\": \"string\", \"componentConfigId\": \"51192209-1d84-4241-96f6-8ffe43f8ff44\", \"componentConfigName\": \"Map\"}], \"mapCondition\": {\"isConditionSet\": false, \"sourceTreeIndex\": [], \"targetTreeIndex\": [], \"mapConditionFormValue\": {}}, \"dataElementType\": \"string\", \"variableSubstitution\": true, \"overwritePipelineValue\": false}]}, {\"/Vars/EmailMessageBody\": [{\"type\": \"setValue\", \"order\": 1, \"target\": {\"path\": \"/Vars/EmailMessageBody\", \"order\": 1, \"title\": \"EmailMessageBody\", \"dataElementType\": \"string\"}, \"values\": [{\"id\": \"9c37f62e-67be-4264-8bcb-8c4fc904dfcb\", \"key\": \"/Vars/EmailMessageBody\", \"type\": \"node\", \"order\": 1, \"title\": \"EmailMessageBody\", \"children\": [], \"setValue\": null, \"editAllow\": true, \"uiElement\": \"&lt;p&gt;A Marketplace Product subscription request &lt;b&gt;<input _ngcontent-kep-c270=\\\"\\\" class=\\\"chip\\\" title=\\\"/Vars/SubscriptionName\\\" readonly=\\\"true\\\" disabled=\\\"true\\\" type=\\\"button\\\" value=\\\"SubscriptionName\\\">&lt;/b&gt; from Org: &lt;b&gt;<input _ngcontent-kep-c270=\\\"\\\" class=\\\"chip\\\" title=\\\"/Vars/OrgName\\\" readonly=\\\"true\\\" disabled=\\\"true\\\" type=\\\"button\\\" value=\\\"OrgName\\\">&lt;/b&gt; and Team: &lt;b&gt;<input _ngcontent-kep-c270=\\\"\\\" class=\\\"chip\\\" title=\\\"/Vars/TeamName\\\" readonly=\\\"true\\\" disabled=\\\"true\\\" type=\\\"button\\\" value=\\\"TeamName\\\">&lt;/b&gt; for Product: &lt;b&gt;<input _ngcontent-yqp-c270=\\\"\\\" class=\\\"chip\\\" title=\\\"/Vars/ProductName\\\" readonly=\\\"true\\\" disabled=\\\"true\\\" type=\\\"button\\\" value=\\\"ProductName\\\">&lt;/b&gt; requested on &lt;b&gt;<input _ngcontent-kep-c270=\\\"\\\" class=\\\"chip\\\" title=\\\"/Vars/SubscriptionUpdatedDt\\\" readonly=\\\"true\\\" disabled=\\\"true\\\" type=\\\"button\\\" value=\\\"SubscriptionUpdatedDt\\\">&lt;/b&gt; is &lt;b&gt;<input _ngcontent-ng-c1270903566=\\\"\\\" class=\\\"chip\\\" title=\\\"/GetSubscriptionDetailsFromSubscriptionPayloadOutput/SubscriptionApprovalState\\\" readonly=\\\"true\\\" disabled=\\\"true\\\" type=\\\"button\\\" value=\\\"SubscriptionApprovalState\\\">&lt;/b&gt;.&lt;/p&gt;\", \"isSetValue\": false, \"childrenSet\": false, \"hasChildren\": false, \"componentName\": \"Declare Vars and Parse webhook payload\", \"dataElementType\": \"string\", \"componentConfigId\": \"51192209-1d84-4241-96f6-8ffe43f8ff44\", \"componentConfigName\": \"Map\"}], \"mapCondition\": {\"isConditionSet\": false, \"sourceTreeIndex\": [], \"targetTreeIndex\": [], \"mapConditionFormValue\": {}}, \"dataElementType\": \"string\", \"variableSubstitution\": true, \"overwritePipelineValue\": false}]}, {\"/Vars/IncidentDescription\": [{\"type\": \"setValue\", \"order\": 1, \"target\": {\"path\": \"/Vars/IncidentDescription\", \"order\": 1, \"title\": \"IncidentDescription\", \"dataElementType\": \"string\"}, \"values\": [{\"id\": \"1321e3da-5574-4464-96fd-d375a4d3543d\", \"key\": \"/Vars/IncidentDescription\", \"type\": \"node\", \"order\": 1, \"title\": \"IncidentDescription\", \"children\": [], \"setValue\": null, \"editAllow\": true, \"uiElement\": \"Subscription Name: <input _ngcontent-ng-c1270903566=\\\"\\\" class=\\\"chip\\\" title=\\\"/Vars/SubscriptionName\\\" readonly=\\\"true\\\" disabled=\\\"true\\\" type=\\\"button\\\" value=\\\"SubscriptionName\\\"><br>Subscription URL: <input _ngcontent-ng-c1270903566=\\\"\\\" class=\\\"chip\\\" title=\\\"/Vars/AmplifyCentralBaseAddress\\\" readonly=\\\"true\\\" disabled=\\\"true\\\" type=\\\"button\\\" value=\\\"AmplifyCentralBaseAddress\\\">/marketplace/subscriptions<br>Organization: <input _ngcontent-ng-c1270903566=\\\"\\\" class=\\\"chip\\\" title=\\\"/Vars/OrgName\\\" readonly=\\\"true\\\" disabled=\\\"true\\\" type=\\\"button\\\" value=\\\"OrgName\\\"><br>Team: <input _ngcontent-ng-c1270903566=\\\"\\\" class=\\\"chip\\\" title=\\\"/Vars/TeamName\\\" readonly=\\\"true\\\" disabled=\\\"true\\\" type=\\\"button\\\" value=\\\"TeamName\\\"><br>Product: <input _ngcontent-ng-c1270903566=\\\"\\\" class=\\\"chip\\\" title=\\\"/Vars/ProductName\\\" readonly=\\\"true\\\" disabled=\\\"true\\\" type=\\\"button\\\" value=\\\"ProductName\\\"><br>Request Date: <input _ngcontent-ng-c1270903566=\\\"\\\" class=\\\"chip\\\" title=\\\"/Vars/SubscriptionUpdatedDt\\\" readonly=\\\"true\\\" disabled=\\\"true\\\" type=\\\"button\\\" value=\\\"SubscriptionUpdatedDt\\\">\", \"isSetValue\": false, \"childrenSet\": false, \"hasChildren\": false, \"componentName\": \"Declare Vars\", \"dataElementType\": \"string\", \"componentConfigId\": \"51192209-1d84-4241-96f6-8ffe43f8ff44\", \"componentConfigName\": \"Map\"}], \"mapCondition\": {\"isConditionSet\": false, \"sourceTreeIndex\": [], \"targetTreeIndex\": [], \"mapConditionFormValue\": {}}, \"dataElementType\": \"string\", \"variableSubstitution\": true, \"overwritePipelineValue\": false}]}, {\"/Vars/IncidentTitle\": [{\"type\": \"setValue\", \"order\": 1, \"target\": {\"path\": \"/Vars/IncidentTitle\", \"order\": 1, \"title\": \"IncidentTitle\", \"dataElementType\": \"string\"}, \"values\": [{\"id\": \"bf7100ee-6a1f-4ad2-b376-5450dde061eb\", \"key\": \"/Vars/IncidentTitle\", \"type\": \"node\", \"order\": 1, \"title\": \"IncidentTitle\", \"children\": [], \"setValue\": null, \"editAllow\": true, \"uiElement\": \"[Subscription Request] Marketplace Product Subscription Request: \\\"<input _ngcontent-ng-c1270903566=\\\"\\\" class=\\\"chip\\\" title=\\\"/Vars/SubscriptionName\\\" readonly=\\\"true\\\" disabled=\\\"true\\\" type=\\\"button\\\" value=\\\"SubscriptionName\\\">\\\"\", \"isSetValue\": false, \"childrenSet\": false, \"hasChildren\": false, \"componentName\": \"Declare Vars\", \"dataElementType\": \"string\", \"componentConfigId\": \"51192209-1d84-4241-96f6-8ffe43f8ff44\", \"componentConfigName\": \"Map\"}], \"mapCondition\": {\"isConditionSet\": false, \"sourceTreeIndex\": [], \"targetTreeIndex\": [], \"mapConditionFormValue\": {}}, \"dataElementType\": \"string\", \"variableSubstitution\": true, \"overwritePipelineValue\": false}]}], \"tracks\": {}, \"transformer\": []}",
    "null" : false
  },
  "endpoint_structure_json" : {
    "type" : "jsonb",
    "value" : "{\"maps\": []}",
    "null" : false
  },
  "is_error" : false,
  "no_of_errors" : 0,
  "action_input_type" : null,
  "config_service_id" : null,
  "config_imap_id" : null,
  "config_b2b_document_type_id" : null,
  "config_document_id" : null,
  "add_variables" : {
    "type" : "jsonb",
    "value" : "[]",
    "null" : false
  },
  "drop_variables" : {
    "type" : "jsonb",
    "value" : "[]",
    "null" : false
  },
  "plug_input_structure" : null,
  "plug_output_structure" : null,
  "config_plug_id" : null,
  "override_plug" : false,
  "config_java_service_id" : null,
  "service_tag" : "EMPTY",
  "endpoint_tag" : "EMPTY",
  "config_service_tag" : "EMPTY",
  "config_imap_tag" : "EMPTY",
  "config_b2b_document_type_tag" : "EMPTY",
  "active" : true,
  "parent_component_config_service_tag" : "EMPTY",
  "service_project_id" : "5e4ed772-e812-4368-9b48-c95ba4e3ec23",
  "service_project_tag" : "EMPTY",
  "config_service_project_id" : null,
  "config_service_project_tag" : "EMPTY",
  "config_imap_project_id" : null,
  "config_imap_project_tag" : "EMPTY",
  "config_b2b_document_type_project_id" : null,
  "config_b2b_document_type_project_tag" : "EMPTY",
  "endpoint_project_id" : null,
  "endpoint_project_tag" : "EMPTY",
  "config_plug_tag" : "EMPTY",
  "config_plug_project_id" : null,
  "config_plug_project_tag" : "EMPTY",
  "config_java_service_tag" : "EMPTY",
  "config_java_service_project_id" : null,
  "config_java_service_project_tag" : "EMPTY",
  "disabled" : false,
  "config" : null,
  "config_b2b_document_type_project_mode_id" : "112c1cb8-4b9e-4d1a-a042-0bd031dc7d05",
  "config_imap_project_mode_id" : "112c1cb8-4b9e-4d1a-a042-0bd031dc7d05",
  "config_java_service_project_mode_id" : "112c1cb8-4b9e-4d1a-a042-0bd031dc7d05",
  "config_plug_project_mode_id" : "112c1cb8-4b9e-4d1a-a042-0bd031dc7d05",
  "config_service_project_mode_id" : "112c1cb8-4b9e-4d1a-a042-0bd031dc7d05",
  "endpoint_project_mode_id" : "112c1cb8-4b9e-4d1a-a042-0bd031dc7d05",
  "service_project_mode_id" : "112c1cb8-4b9e-4d1a-a042-0bd031dc7d05",
  "parent_component_config_service_project_mode_id" : "112c1cb8-4b9e-4d1a-a042-0bd031dc7d05",
  "is_audit" : true,
  "keys_with_order" : null
}