{
  "component_config_id" : "1a6287d4-233c-42e6-9d3c-94d175bc77d4",
  "endpoint_config_json" : {
    "type" : "jsonb",
    "value" : "{\"crossRef\": [], \"services\": [], \"multistep\": [], \"operations\": []}",
    "null" : false
  },
  "input_config_json" : {
    "type" : "jsonb",
    "value" : "{\"crossRef\": [], \"services\": [], \"multistep\": [], \"operations\": []}",
    "null" : false
  },
  "output_config_json" : {
    "type" : "jsonb",
    "value" : "{\"crossRef\": [], \"services\": [], \"multistep\": [], \"operations\": [{\"transformer\": {\"id\": \"977774b8-1de9-4fa1-a908-ac0deda575ec\", \"name\": \"ADVANCED_FILTER\", \"type\": \"Advanced\", \"query\": null, \"inputs\": [{\"id\": \"86b85122-60ce-4699-96db-ad99f6899f80\", \"root\": true, \"type\": \"list\", \"cached\": false, \"source\": \"/GetConsumerOrgsForMarketplacePayload/result[]\", \"target\": \"/ADVANCED_FILTER_INPUT/docList[]\", \"mapNull\": false, \"disabled\": false, \"extractXml\": false, \"extractJson\": false, \"mapEmptyString\": false}, {\"id\": \"644a0a8a-7a46-4d5b-bde3-56d2e0ffa2ec\", \"root\": true, \"type\": \"list\", \"cached\": false, \"source\": \"/GetConsumerOrgFromMarketplaceNameOutput/ConsumerOrgs/JsonArray[]\", \"target\": \"/ADVANCED_FILTER_INPUT/docList[]\", \"mapNull\": false, \"disabled\": false, \"extractXml\": false, \"extractJson\": false, \"mapEmptyString\": false}, {\"id\": \"70847b92-d41b-4c4c-88a5-ee20a026a58a\", \"root\": false, \"type\": \"map\", \"cached\": false, \"filter\": \"%{/GetConsumerOrgFromMarketplaceNameOutput/ConsumerOrgs/JsonArray[]/org_id}% == %{/AmplifySubscriptionWebhookPayloadParserOutput/AmplifySubscriptionWebhookPayload/payload/marketplace/resource/owner/organization/id}% \", \"mapNull\": false, \"disabled\": false, \"extractXml\": false, \"extractJson\": false, \"mapEmptyString\": false}], \"outputs\": [{\"id\": \"295d598c-0ef2-41a1-a640-1bdf933d8689\", \"root\": true, \"type\": \"list\", \"cached\": false, \"source\": \"/ADVANCED_FILTER_OUTPUT/filteredList[]\", \"target\": \"/ConsumerOrgs[]\", \"mapNull\": false, \"disabled\": false, \"extractXml\": false, \"extractJson\": false, \"targetOrder\": 1.0, \"mapEmptyString\": false}], \"tableId\": null, \"configId\": null, \"disabled\": false, \"serviceId\": null, \"expression\": null}}]}",
    "null" : false
  },
  "component_id" : "8ac5fe03-27a2-4e6a-a449-6a8893818223",
  "service_id" : "86b3a8c7-1c2e-4fe4-b89c-e842a84f1593",
  "endpoint_id" : null,
  "parent_component_config_id" : "6d80ce6d-3f08-45a9-a5a8-10c7d16355a5",
  "component_config_order" : 4.5,
  "action_id" : "06843b78-eab0-45da-afab-8c8277d7553f",
  "name" : "Set consumer org",
  "description" : "",
  "override_endpoint" : false,
  "input_structure_json" : {
    "type" : "jsonb",
    "value" : "{\"maps\": [], \"mappedNodes\": [\"/GetConsumerOrgsForMarketplacePayload/result[] pipeIn\", \"/ADVANCED_FILTER_INPUT/docList[]0\", \"/ADVANCED_FILTER_OUTPUT/filteredList[]0\", \"/GetConsumerOrgFromMarketplaceNameOutput/ConsumerOrgs/JsonArray[] pipeIn\", \"/ADVANCED_FILTER_OUTPUT/filteredList[]0\", \"/ConsumerOrgs[]pipeOut\"]}",
    "null" : false
  },
  "output_structure_json" : {
    "type" : "jsonb",
    "value" : "{\"maps\": [], \"transformer\": [{\"inputs\": {\"/ADVANCED_FILTER_INPUT/config\": [{\"filterConditionFormValue\": {\"fields\": [{\"id\": 1, \"path\": \"%{/GetConsumerOrgFromMarketplaceNameOutput/ConsumerOrgs/JsonArray[]/org_id}%\", \"field\": \"/GetConsumerOrgFromMarketplaceNameOutput/ConsumerOrgs/JsonArray[]/org_id\", \"value\": \"%{/AmplifySubscriptionWebhookPayloadParserOutput/AmplifySubscriptionWebhookPayload/payload/marketplace/resource/owner/organization/id}%\", \"isGroup\": false, \"children\": null, \"operator\": \"==\", \"operation\": \"&&\", \"isTreeChecked\": true, \"dataElementType\": \"integer\"}]}}], \"/ADVANCED_FILTER_INPUT/docList[]\": [{\"type\": \"list\", \"source\": {\"path\": \"/GetConsumerOrgsForMarketplacePayload/result[]\", \"title\": \"result\", \"dataElementType\": \"documentArray\"}, \"target\": {\"path\": \"/ADVANCED_FILTER_INPUT/docList[]\", \"title\": \"docList\", \"dataElementType\": \"documentArray\"}, \"mapCondition\": {\"isConditionSet\": false, \"sourceTreeIndex\": [{\"key\": 1, \"title\": \"GetConsumerOrgsForMarketplacePayload\", \"isLeaf\": false, \"isArray\": false, \"children\": [{\"key\": 2, \"title\": \"result[]\", \"isLeaf\": false, \"isArray\": true, \"parentKey\": 1, \"arrayIndex\": null}], \"parentKey\": 0}], \"targetTreeIndex\": [{\"key\": 1, \"title\": \"ADVANCED_FILTER_INPUT\", \"isLeaf\": false, \"isArray\": false, \"children\": [{\"key\": 2, \"title\": \"docList\", \"isLeaf\": false, \"isArray\": true, \"parentKey\": 1, \"arrayIndex\": null}], \"parentKey\": 0}], \"mapConditionFormValue\": {}}}, {\"type\": \"list\", \"source\": {\"path\": \"/GetConsumerOrgFromMarketplaceNameOutput/ConsumerOrgs/JsonArray[]\", \"title\": \"JsonArray\", \"dataElementType\": \"documentArray\"}, \"target\": {\"path\": \"/ADVANCED_FILTER_INPUT/docList[]\", \"title\": \"docList\", \"dataElementType\": \"documentArray\"}, \"mapCondition\": {\"isConditionSet\": false, \"sourceTreeIndex\": [{\"key\": 1, \"title\": \"GetConsumerOrgFromMarketplaceNameOutput\", \"isLeaf\": false, \"isArray\": false, \"children\": [{\"key\": 2, \"title\": \"ConsumerOrgs\", \"isLeaf\": false, \"isArray\": false, \"children\": [{\"key\": 3, \"title\": \"JsonArray[]\", \"isLeaf\": false, \"isArray\": true, \"parentKey\": 2, \"arrayIndex\": null}], \"parentKey\": 1}], \"parentKey\": 0}], \"targetTreeIndex\": [{\"key\": 1, \"title\": \"ADVANCED_FILTER_INPUT\", \"isLeaf\": false, \"isArray\": false, \"children\": [{\"key\": 2, \"title\": \"docList\", \"isLeaf\": false, \"isArray\": true, \"parentKey\": 1, \"arrayIndex\": null}], \"parentKey\": 0}], \"mapConditionFormValue\": {}}}]}, \"outputs\": {\"/ConsumerOrgs[]\": [{\"type\": \"list\", \"source\": {\"path\": \"/ADVANCED_FILTER_OUTPUT/filteredList[]\", \"title\": \"filteredList\", \"dataElementType\": \"documentArray\"}, \"target\": {\"path\": \"/ConsumerOrgs[]\", \"order\": 1, \"title\": \"ConsumerOrgs\", \"dataElementType\": \"documentArray\"}, \"mapCondition\": {\"isConditionSet\": false, \"sourceTreeIndex\": [{\"key\": 1, \"title\": \"ADVANCED_FILTER_OUTPUT\", \"isLeaf\": false, \"isArray\": false, \"children\": [{\"key\": 2, \"title\": \"filteredList\", \"isLeaf\": false, \"isArray\": true, \"parentKey\": 1, \"arrayIndex\": null}], \"parentKey\": 0}], \"targetTreeIndex\": [{\"key\": 1, \"title\": \"ConsumerOrgs[]\", \"isLeaf\": false, \"isArray\": true, \"parentKey\": 0, \"arrayIndex\": null}], \"mapConditionFormValue\": {}}}]}, \"functionInfo\": {\"id\": \"d33cad1a-1590-4cf5-80be-c1d34b7ffefb\", \"name\": \"Filter\", \"category\": {\"id\": \"abba5eaf-7353-4234-b15f-ef0841af9872\"}, \"internalName\": \"ADVANCED_FILTER\"}}]}",
    "null" : false
  },
  "endpoint_structure_json" : {
    "type" : "jsonb",
    "value" : "{\"maps\": []}",
    "null" : false
  },
  "is_error" : false,
  "no_of_errors" : 0,
  "action_input_type" : null,
  "config_service_id" : null,
  "config_imap_id" : null,
  "config_b2b_document_type_id" : null,
  "config_document_id" : null,
  "add_variables" : {
    "type" : "jsonb",
    "value" : "[{\"id\": \"41ee4c75-7f1a-4933-9e3b-4312184aab52\", \"key\": \"/ConsumerOrgs[]\", \"type\": \"node\", \"order\": 1, \"title\": \"ConsumerOrgs\", \"value\": {\"type\": \"array\"}, \"children\": [{\"id\": \"50f5a7e5-0d03-456e-b864-552309ecb9ae\", \"key\": \"/ConsumerOrgs[]/name\", \"type\": \"string\", \"order\": 2, \"title\": \"name\", \"value\": {\"type\": \"string\", \"requiredFlag\": false}, \"isLeaf\": true, \"childrenSet\": false, \"hasChildren\": false, \"dataElementType\": \"string\", \"componentConfigId\": \"1a6287d4-233c-42e6-9d3c-94d175bc77d4\", \"componentConfigName\": \"Map\"}, {\"id\": \"92d73800-af13-4ee8-b018-b87e5f2bbba8\", \"key\": \"/ConsumerOrgs[]/active\", \"type\": \"boolean\", \"order\": 3, \"title\": \"active\", \"value\": {\"type\": \"boolean\", \"requiredFlag\": false}, \"isLeaf\": true, \"childrenSet\": false, \"hasChildren\": false, \"dataElementType\": \"boolean\", \"componentConfigId\": \"1a6287d4-233c-42e6-9d3c-94d175bc77d4\", \"componentConfigName\": \"Map\"}, {\"id\": \"01ac5136-29d6-432f-b600-8e37ef7a77c5\", \"key\": \"/ConsumerOrgs[]/guid\", \"type\": \"string\", \"order\": 4, \"title\": \"guid\", \"value\": {\"type\": \"string\", \"requiredFlag\": false}, \"isLeaf\": true, \"childrenSet\": false, \"hasChildren\": false, \"dataElementType\": \"string\", \"componentConfigId\": \"1a6287d4-233c-42e6-9d3c-94d175bc77d4\", \"componentConfigName\": \"Map\"}, {\"id\": \"165ed0d3-882f-445b-9040-66e17e7c8fda\", \"key\": \"/ConsumerOrgs[]/org_id\", \"type\": \"integer\", \"order\": 5, \"title\": \"org_id\", \"value\": {\"type\": \"integer\", \"requiredFlag\": false}, \"isLeaf\": true, \"childrenSet\": false, \"hasChildren\": false, \"dataElementType\": \"integer\", \"componentConfigId\": \"1a6287d4-233c-42e6-9d3c-94d175bc77d4\", \"componentConfigName\": \"Map\"}, {\"id\": \"4c58b2cf-01e6-46cf-9ad0-4c713473c8fb\", \"key\": \"/ConsumerOrgs[]/users\", \"type\": \"integer\", \"order\": 6, \"title\": \"users\", \"value\": {\"type\": \"integer\", \"requiredFlag\": false}, \"isLeaf\": true, \"childrenSet\": false, \"hasChildren\": false, \"dataElementType\": \"integer\", \"componentConfigId\": \"1a6287d4-233c-42e6-9d3c-94d175bc77d4\", \"componentConfigName\": \"Map\"}, {\"id\": \"dbd8a0f1-433b-45b5-bffe-a236f8941d0e\", \"key\": \"/ConsumerOrgs[]/teams[]\", \"type\": \"array\", \"order\": 7, \"title\": \"teams\", \"value\": {\"type\": \"array\", \"requiredFlag\": false}, \"isLeaf\": false, \"children\": [{\"id\": \"26e163b3-fbf5-4844-aba0-366ab93bf4ec\", \"key\": \"/ConsumerOrgs[]/teams[]/guid\", \"type\": \"string\", \"order\": 8, \"title\": \"guid\", \"value\": {\"type\": \"string\", \"requiredFlag\": false}, \"isLeaf\": true, \"childrenSet\": false, \"hasChildren\": false, \"dataElementType\": \"string\", \"componentConfigId\": \"1a6287d4-233c-42e6-9d3c-94d175bc77d4\", \"componentConfigName\": \"Map\"}, {\"id\": \"96b6ec7a-4f99-4483-9f34-bf9e7f7e3160\", \"key\": \"/ConsumerOrgs[]/teams[]/name\", \"type\": \"string\", \"order\": 9, \"title\": \"name\", \"value\": {\"type\": \"string\", \"requiredFlag\": false}, \"isLeaf\": true, \"childrenSet\": false, \"hasChildren\": false, \"dataElementType\": \"string\", \"componentConfigId\": \"1a6287d4-233c-42e6-9d3c-94d175bc77d4\", \"componentConfigName\": \"Map\"}, {\"id\": \"e91efe2d-f225-4e4a-85b0-3bfdf142c8d6\", \"key\": \"/ConsumerOrgs[]/teams[]/users\", \"type\": \"integer\", \"order\": 10, \"title\": \"users\", \"value\": {\"type\": \"integer\", \"requiredFlag\": false}, \"isLeaf\": true, \"childrenSet\": false, \"hasChildren\": false, \"dataElementType\": \"integer\", \"componentConfigId\": \"1a6287d4-233c-42e6-9d3c-94d175bc77d4\", \"componentConfigName\": \"Map\"}], \"childrenSet\": false, \"hasChildren\": false, \"dataElementType\": \"documentArray\", \"componentConfigId\": \"1a6287d4-233c-42e6-9d3c-94d175bc77d4\", \"componentConfigName\": \"Map\"}], \"editAllow\": true, \"componentName\": \"Set consumer org\", \"dataElementType\": \"documentArray\", \"componentConfigId\": \"1a6287d4-233c-42e6-9d3c-94d175bc77d4\", \"componentConfigName\": \"Map\"}]",
    "null" : false
  },
  "drop_variables" : {
    "type" : "jsonb",
    "value" : "[]",
    "null" : false
  },
  "plug_input_structure" : null,
  "plug_output_structure" : null,
  "config_plug_id" : null,
  "override_plug" : false,
  "config_java_service_id" : null,
  "service_tag" : "EMPTY",
  "endpoint_tag" : "EMPTY",
  "config_service_tag" : "EMPTY",
  "config_imap_tag" : "EMPTY",
  "config_b2b_document_type_tag" : "EMPTY",
  "active" : true,
  "parent_component_config_service_tag" : "EMPTY",
  "service_project_id" : "5e4ed772-e812-4368-9b48-c95ba4e3ec23",
  "service_project_tag" : "EMPTY",
  "config_service_project_id" : null,
  "config_service_project_tag" : "EMPTY",
  "config_imap_project_id" : null,
  "config_imap_project_tag" : "EMPTY",
  "config_b2b_document_type_project_id" : null,
  "config_b2b_document_type_project_tag" : "EMPTY",
  "endpoint_project_id" : null,
  "endpoint_project_tag" : "EMPTY",
  "config_plug_tag" : "EMPTY",
  "config_plug_project_id" : null,
  "config_plug_project_tag" : "EMPTY",
  "config_java_service_tag" : "EMPTY",
  "config_java_service_project_id" : null,
  "config_java_service_project_tag" : "EMPTY",
  "disabled" : false,
  "config" : null,
  "config_b2b_document_type_project_mode_id" : "112c1cb8-4b9e-4d1a-a042-0bd031dc7d05",
  "config_imap_project_mode_id" : "112c1cb8-4b9e-4d1a-a042-0bd031dc7d05",
  "config_java_service_project_mode_id" : "112c1cb8-4b9e-4d1a-a042-0bd031dc7d05",
  "config_plug_project_mode_id" : "112c1cb8-4b9e-4d1a-a042-0bd031dc7d05",
  "config_service_project_mode_id" : "112c1cb8-4b9e-4d1a-a042-0bd031dc7d05",
  "endpoint_project_mode_id" : "112c1cb8-4b9e-4d1a-a042-0bd031dc7d05",
  "service_project_mode_id" : "112c1cb8-4b9e-4d1a-a042-0bd031dc7d05",
  "parent_component_config_service_project_mode_id" : "112c1cb8-4b9e-4d1a-a042-0bd031dc7d05",
  "is_audit" : true,
  "keys_with_order" : null
}