{
  "component_config_id" : "651599c6-1ba1-43ae-aa99-bee68de04977",
  "endpoint_config_json" : {
    "type" : "jsonb",
    "value" : "{\"crossRef\": [], \"services\": [], \"multistep\": [], \"operations\": []}",
    "null" : false
  },
  "input_config_json" : {
    "type" : "jsonb",
    "value" : "{\"crossRef\": [], \"services\": [], \"multistep\": [], \"operations\": []}",
    "null" : false
  },
  "output_config_json" : {
    "type" : "jsonb",
    "value" : "{\"crossRef\": [], \"services\": [], \"multistep\": [], \"operations\": [{\"transformer\": {\"id\": \"b6b24795-dbf3-4dc4-97fd-28de6129db00\", \"name\": \"ADVANCED_SORT\", \"type\": \"Advanced\", \"query\": null, \"inputs\": [{\"id\": \"49961aad-45c8-41fc-a9e4-94af4ecf570f\", \"root\": true, \"type\": \"list\", \"cached\": false, \"source\": \"/AgentReportList/JsonArray[]\", \"target\": \"/ADVANCED_SORT_INPUT/docList[]\", \"mapNull\": false, \"disabled\": false, \"extractXml\": false, \"extractJson\": false, \"mapEmptyString\": false}, {\"id\": \"10bff6f8-097d-41c2-8903-44578118b6b1\", \"root\": false, \"type\": \"setValue\", \"cached\": false, \"target\": \"/ADVANCED_SORT_INPUT/keys/@{0}\", \"mapNull\": false, \"disabled\": false, \"extractXml\": false, \"extractJson\": false, \"targetValue\": \"environment\", \"mapEmptyString\": false, \"targetJavaType\": \"java.lang.String\", \"variableSubstitution\": false}, {\"id\": \"1f90799d-6abf-479c-bc99-9ad4de2fa5d2\", \"root\": false, \"type\": \"setValue\", \"cached\": false, \"target\": \"/ADVANCED_SORT_INPUT/orderBy\", \"mapNull\": false, \"disabled\": false, \"extractXml\": false, \"extractJson\": false, \"targetValue\": \"Ascending\", \"mapEmptyString\": false, \"targetJavaType\": \"java.lang.String\", \"variableSubstitution\": false}], \"outputs\": [{\"id\": \"c93fa161-323b-4757-b677-dd53cb285c05\", \"root\": true, \"type\": \"list\", \"cached\": false, \"source\": \"/ADVANCED_SORT_OUTPUT/docList[]\", \"target\": \"/AgentList/JsonArray[]\", \"mapNull\": false, \"disabled\": false, \"extractXml\": false, \"extractJson\": false, \"targetOrder\": 1.0, \"mapEmptyString\": false}, {\"id\": \"79a94e6b-c36f-40f1-a437-952c74d49b7a\", \"root\": true, \"type\": \"list\", \"cached\": false, \"source\": \"/ADVANCED_SORT_OUTPUT/docList[]\", \"target\": \"/AgentReportList/JsonArray[]\", \"mapNull\": false, \"disabled\": false, \"extractXml\": false, \"extractJson\": false, \"targetOrder\": 1.0, \"mapEmptyString\": false}], \"tableId\": null, \"configId\": null, \"disabled\": false, \"serviceId\": null, \"expression\": null}}]}",
    "null" : false
  },
  "component_id" : "8ac5fe03-27a2-4e6a-a449-6a8893818223",
  "service_id" : "3e82a86e-f622-446e-8a95-e10ab726e34f",
  "endpoint_id" : null,
  "parent_component_config_id" : null,
  "component_config_order" : 4.0,
  "action_id" : "06843b78-eab0-45da-afab-8c8277d7553f",
  "name" : "Sort list",
  "description" : "",
  "override_endpoint" : false,
  "input_structure_json" : {
    "type" : "jsonb",
    "value" : "{\"maps\": [], \"mappedNodes\": [\"/ADVANCED_SORT_INPUT\", \"/AgentReportList/JsonArray[] pipeIn\", \"/ADVANCED_SORT_INPUT/docList[]0\", \"/ADVANCED_SORT_OUTPUT/docList[]0\", \"/AgentReportList/JsonArray[]pipeOut\"]}",
    "null" : false
  },
  "output_structure_json" : {
    "type" : "jsonb",
    "value" : "{\"maps\": [], \"tracks\": {}, \"transformer\": [{\"inputs\": {\"/ADVANCED_SORT_INPUT/keys[]\": [{\"type\": \"setValue\", \"target\": {\"path\": \"/ADVANCED_SORT_INPUT/keys[]\", \"order\": \"\", \"title\": \"keys\", \"dataElementType\": \"stringArray\"}, \"values\": [{\"id\": \"4bd2ceac-ff07-4c97-93ca-ae7abb978e69\", \"key\": \"/ADVANCED_SORT_INPUT/keys[]\", \"type\": \"array\", \"title\": \"keys\", \"isLeaf\": false, \"secret\": false, \"children\": [{\"id\": \"f54a2b06-94e8-449d-8047-12247dc2562a\", \"key\": 0, \"node\": {\"id\": \"4bd2ceac-ff07-4c97-93ca-ae7abb978e69\", \"key\": \"/ADVANCED_SORT_INPUT/keys[]\", \"type\": \"array\", \"title\": \"keys\", \"isLeaf\": false, \"secret\": false, \"setValue\": null, \"dataElementType\": \"stringArray\"}, \"type\": \"index\", \"title\": \"0\", \"isLeaf\": true, \"setValue\": \"\", \"uiElement\": \"environment\", \"isSetValue\": false, \"dataElementType\": \"index\"}], \"setValue\": null, \"dataElementType\": \"stringArray\"}], \"mapCondition\": {\"isConditionSet\": false, \"sourceTreeIndex\": [], \"targetTreeIndex\": [], \"mapConditionFormValue\": {}}, \"variableSubstitution\": false, \"overwritePipelineValue\": false}], \"/ADVANCED_SORT_INPUT/orderBy\": [{\"type\": \"setValue\", \"target\": {\"path\": \"/ADVANCED_SORT_INPUT/orderBy\", \"order\": \"\", \"title\": \"orderBy\", \"dataElementType\": \"string\"}, \"values\": [{\"id\": \"4f5d5ee8-b6bc-42bf-bff4-1c86bfa3e87a\", \"key\": \"/ADVANCED_SORT_INPUT/orderBy\", \"type\": \"string\", \"title\": \"orderBy\", \"isLeaf\": true, \"secret\": false, \"children\": [], \"setValue\": \"Ascending\", \"uiElement\": \"Ascending\", \"isSetValue\": false, \"dataElementType\": \"string\"}], \"mapCondition\": {\"isConditionSet\": false, \"sourceTreeIndex\": [], \"targetTreeIndex\": [], \"mapConditionFormValue\": {}}, \"variableSubstitution\": false, \"overwritePipelineValue\": false}], \"/ADVANCED_SORT_INPUT/docList[]\": [{\"type\": \"list\", \"source\": {\"path\": \"/AgentReportList/JsonArray[]\", \"title\": \"JsonArray\", \"dataElementType\": \"documentArray\"}, \"target\": {\"path\": \"/ADVANCED_SORT_INPUT/docList[]\", \"title\": \"docList\", \"dataElementType\": \"documentArray\"}, \"mapCondition\": {\"isConditionSet\": false, \"sourceTreeIndex\": [{\"key\": 1, \"title\": \"AgentReportList\", \"isLeaf\": false, \"isArray\": false, \"children\": [{\"key\": 2, \"title\": \"JsonArray[]\", \"isLeaf\": false, \"isArray\": true, \"parentKey\": 1, \"arrayIndex\": null}], \"parentKey\": 0}], \"targetTreeIndex\": [{\"key\": 1, \"title\": \"ADVANCED_SORT_INPUT\", \"isLeaf\": false, \"isArray\": false, \"children\": [{\"key\": 2, \"title\": \"docList\", \"isLeaf\": false, \"isArray\": true, \"parentKey\": 1, \"arrayIndex\": null}], \"parentKey\": 0}], \"mapConditionFormValue\": {}}}]}, \"outputs\": {\"/AgentList/JsonArray[]\": [{\"type\": \"list\", \"source\": {\"path\": \"/ADVANCED_SORT_OUTPUT/docList[]\", \"title\": \"docList\", \"dataElementType\": \"documentArray\"}, \"target\": {\"path\": \"/AgentList/JsonArray[]\", \"order\": 1, \"title\": \"JsonArray\", \"dataElementType\": \"documentArray\"}, \"mapCondition\": {\"isConditionSet\": false, \"sourceTreeIndex\": [{\"key\": 1, \"title\": \"ADVANCED_SORT_OUTPUT\", \"isLeaf\": false, \"isArray\": false, \"children\": [{\"key\": 2, \"title\": \"docList\", \"isLeaf\": false, \"isArray\": true, \"parentKey\": 1, \"arrayIndex\": null}], \"parentKey\": 0}], \"targetTreeIndex\": [{\"key\": 1, \"title\": \"AgentList\", \"isLeaf\": false, \"isArray\": false, \"children\": [{\"key\": 2, \"title\": \"JsonArray[]\", \"isLeaf\": false, \"isArray\": true, \"parentKey\": 1, \"arrayIndex\": null}], \"parentKey\": 0}], \"mapConditionFormValue\": {}}}], \"/AgentReportList/JsonArray[]\": [{\"type\": \"list\", \"source\": {\"path\": \"/ADVANCED_SORT_OUTPUT/docList[]\", \"title\": \"docList\", \"dataElementType\": \"documentArray\"}, \"target\": {\"path\": \"/AgentReportList/JsonArray[]\", \"order\": 1, \"title\": \"JsonArray\", \"dataElementType\": \"documentArray\"}, \"mapCondition\": {\"isConditionSet\": false, \"sourceTreeIndex\": [{\"key\": 1, \"title\": \"ADVANCED_SORT_OUTPUT\", \"isLeaf\": false, \"isArray\": false, \"children\": [{\"key\": 2, \"title\": \"docList\", \"isLeaf\": false, \"isArray\": true, \"parentKey\": 1, \"arrayIndex\": null}], \"parentKey\": 0}], \"targetTreeIndex\": [{\"key\": 1, \"title\": \"AgentReportList\", \"isLeaf\": false, \"isArray\": false, \"children\": [{\"key\": 2, \"title\": \"JsonArray[]\", \"isLeaf\": false, \"isArray\": true, \"parentKey\": 1, \"arrayIndex\": null}], \"parentKey\": 0}], \"mapConditionFormValue\": {}}}]}, \"functionInfo\": {\"id\": \"88a30842-4ac1-4492-bf35-bb7181da16cb\", \"name\": \"Sort\", \"category\": {\"id\": \"abba5eaf-7353-4234-b15f-ef0841af9872\"}, \"internalName\": \"ADVANCED_SORT\"}}]}",
    "null" : false
  },
  "endpoint_structure_json" : {
    "type" : "jsonb",
    "value" : "{\"maps\": []}",
    "null" : false
  },
  "is_error" : false,
  "no_of_errors" : 0,
  "action_input_type" : null,
  "config_service_id" : null,
  "config_imap_id" : null,
  "config_b2b_document_type_id" : null,
  "config_document_id" : null,
  "add_variables" : {
    "type" : "jsonb",
    "value" : "[]",
    "null" : false
  },
  "drop_variables" : {
    "type" : "jsonb",
    "value" : "[]",
    "null" : false
  },
  "plug_input_structure" : null,
  "plug_output_structure" : null,
  "config_plug_id" : null,
  "override_plug" : false,
  "config_java_service_id" : null,
  "service_tag" : "EMPTY",
  "endpoint_tag" : "EMPTY",
  "config_service_tag" : "EMPTY",
  "config_imap_tag" : "EMPTY",
  "config_b2b_document_type_tag" : "EMPTY",
  "active" : true,
  "parent_component_config_service_tag" : "EMPTY",
  "service_project_id" : "5e4ed772-e812-4368-9b48-c95ba4e3ec23",
  "service_project_tag" : "EMPTY",
  "config_service_project_id" : null,
  "config_service_project_tag" : "EMPTY",
  "config_imap_project_id" : null,
  "config_imap_project_tag" : "EMPTY",
  "config_b2b_document_type_project_id" : null,
  "config_b2b_document_type_project_tag" : "EMPTY",
  "endpoint_project_id" : null,
  "endpoint_project_tag" : "EMPTY",
  "config_plug_tag" : "EMPTY",
  "config_plug_project_id" : null,
  "config_plug_project_tag" : "EMPTY",
  "config_java_service_tag" : "EMPTY",
  "config_java_service_project_id" : null,
  "config_java_service_project_tag" : "EMPTY",
  "disabled" : false,
  "config" : null,
  "config_b2b_document_type_project_mode_id" : "112c1cb8-4b9e-4d1a-a042-0bd031dc7d05",
  "config_imap_project_mode_id" : "112c1cb8-4b9e-4d1a-a042-0bd031dc7d05",
  "config_java_service_project_mode_id" : "112c1cb8-4b9e-4d1a-a042-0bd031dc7d05",
  "config_plug_project_mode_id" : "112c1cb8-4b9e-4d1a-a042-0bd031dc7d05",
  "config_service_project_mode_id" : "112c1cb8-4b9e-4d1a-a042-0bd031dc7d05",
  "endpoint_project_mode_id" : "112c1cb8-4b9e-4d1a-a042-0bd031dc7d05",
  "service_project_mode_id" : "112c1cb8-4b9e-4d1a-a042-0bd031dc7d05",
  "parent_component_config_service_project_mode_id" : "112c1cb8-4b9e-4d1a-a042-0bd031dc7d05",
  "is_audit" : true,
  "keys_with_order" : null
}