{
  "component_config_id" : "26040b3e-7e83-440f-9c0c-ccabba678526",
  "endpoint_config_json" : {
    "type" : "jsonb",
    "value" : "{\"crossRef\": [], \"services\": [], \"multistep\": [], \"operations\": []}",
    "null" : false
  },
  "input_config_json" : {
    "type" : "jsonb",
    "value" : "{\"crossRef\": [], \"services\": [], \"multistep\": [], \"operations\": []}",
    "null" : false
  },
  "output_config_json" : {
    "type" : "jsonb",
    "value" : "{\"crossRef\": [], \"services\": [], \"multistep\": [], \"operations\": [{\"transformer\": {\"id\": \"285448b7-da8a-4ce2-8180-eed7e618c04d\", \"name\": \"STRING_CONCAT\", \"type\": \"String\", \"query\": null, \"inputs\": [{\"id\": \"6b9d272b-aa08-40eb-8021-cf0cde3a561a\", \"root\": false, \"type\": \"map\", \"cached\": false, \"source\": \"/GenerateHTMLReviewModerationReportOutput/ModerationReportHTML\", \"target\": \"/STRING_CONCAT_INPUT/inputString\", \"mapNull\": false, \"disabled\": false, \"extractXml\": false, \"extractJson\": false, \"mapEmptyString\": false, \"sourceJavaType\": \"java.lang.String\", \"targetJavaType\": \"java.lang.String\"}, {\"id\": \"c0116261-b79c-48f9-8daa-67a3b4d63ac7\", \"root\": false, \"type\": \"setValue\", \"cached\": false, \"target\": \"/STRING_CONCAT_INPUT/concatWith\", \"mapNull\": false, \"disabled\": false, \"extractXml\": false, \"extractJson\": false, \"targetValue\": \"<div class=\\\"container\\\">\\n    <h3>PII Content Details:</h3>\", \"mapEmptyString\": false, \"targetJavaType\": \"java.lang.String\", \"variableSubstitution\": false}], \"outputs\": [{\"id\": \"691e3300-65c2-4b0f-88f3-5f72cf321483\", \"root\": false, \"type\": \"map\", \"cached\": false, \"source\": \"/STRING_CONCAT_OUTPUT/output\", \"target\": \"/GenerateHTMLReviewModerationReportOutput/ModerationReportHTML\", \"mapNull\": false, \"disabled\": false, \"extractXml\": false, \"extractJson\": false, \"targetOrder\": 1.0, \"mapEmptyString\": false, \"sourceJavaType\": \"java.lang.String\", \"targetJavaType\": \"java.lang.String\"}], \"tableId\": null, \"configId\": null, \"disabled\": false, \"serviceId\": null, \"expression\": null}}]}",
    "null" : false
  },
  "component_id" : "8ac5fe03-27a2-4e6a-a449-6a8893818223",
  "service_id" : "642fc8df-9cc5-4205-bc80-03a2ac7fac32",
  "endpoint_id" : null,
  "parent_component_config_id" : "e374ad10-d161-41aa-9e8c-2622cc667ae8",
  "component_config_order" : 2.0,
  "action_id" : "06843b78-eab0-45da-afab-8c8277d7553f",
  "name" : "Start Pii section",
  "description" : "",
  "override_endpoint" : false,
  "input_structure_json" : {
    "type" : "jsonb",
    "value" : "{\"maps\": [], \"mappedNodes\": [\"/STRING_CONCAT_OUTPUT/output0\", \"/GenerateHTMLReviewModerationReportOutput/ModerationReportHTMLpipeOut\", \"/GenerateHTMLReviewModerationReportOutput/ModerationReportHTML pipeIn\", \"/STRING_CONCAT_INPUT/inputString0\", \"/STRING_CONCAT_INPUT/concatWith\", \"/STRING_CONCAT_INPUT\"]}",
    "null" : false
  },
  "output_structure_json" : {
    "type" : "jsonb",
    "value" : "{\"maps\": [], \"tracks\": {}, \"transformer\": [{\"inputs\": {\"/STRING_CONCAT_INPUT/concatWith\": [{\"type\": \"setValue\", \"target\": {\"path\": \"/STRING_CONCAT_INPUT/concatWith\", \"order\": \"\", \"title\": \"concatWith\", \"dataElementType\": \"string\"}, \"values\": [{\"id\": \"1a97466f-5a3a-477c-b684-9d28bfbd6cf2\", \"key\": \"/STRING_CONCAT_INPUT/concatWith\", \"type\": \"string\", \"title\": \"concatWith\", \"isLeaf\": true, \"secret\": false, \"children\": [], \"setValue\": null, \"uiElement\": \"&lt;div class=\\\"container\\\"&gt;\\n    &lt;h3&gt;PII Content Details:&lt;/h3&gt;\", \"isSetValue\": false, \"dataElementType\": \"string\"}], \"mapCondition\": {\"isConditionSet\": false, \"sourceTreeIndex\": [], \"targetTreeIndex\": [], \"mapConditionFormValue\": {}}, \"variableSubstitution\": false, \"overwritePipelineValue\": false}], \"/STRING_CONCAT_INPUT/inputString\": [{\"type\": \"map\", \"source\": {\"path\": \"/GenerateHTMLReviewModerationReportOutput/ModerationReportHTML\", \"title\": \"ModerationReportHTML\", \"dataElementType\": \"string\"}, \"target\": {\"path\": \"/STRING_CONCAT_INPUT/inputString\", \"title\": \"inputString\", \"dataElementType\": \"string\"}, \"mapCondition\": {\"isConditionSet\": false, \"sourceTreeIndex\": [], \"targetTreeIndex\": [], \"mapConditionFormValue\": {}}}]}, \"outputs\": {\"/GenerateHTMLReviewModerationReportOutput/ModerationReportHTML\": [{\"type\": \"map\", \"source\": {\"path\": \"/STRING_CONCAT_OUTPUT/output\", \"title\": \"output\", \"dataElementType\": \"string\"}, \"target\": {\"path\": \"/GenerateHTMLReviewModerationReportOutput/ModerationReportHTML\", \"order\": 1, \"title\": \"ModerationReportHTML\", \"dataElementType\": \"string\"}, \"mapCondition\": {\"isConditionSet\": false, \"sourceTreeIndex\": [], \"targetTreeIndex\": [], \"mapConditionFormValue\": {}}}]}, \"functionInfo\": {\"id\": \"bd6ba1a8-5b3a-4089-98f9-7eb3b692209b\", \"name\": \"Concat\", \"category\": {\"id\": \"7e335ebf-c122-41de-a87f-8e4cb8f39ff6\"}, \"internalName\": \"STRING_CONCAT\"}}]}",
    "null" : false
  },
  "endpoint_structure_json" : {
    "type" : "jsonb",
    "value" : "{\"maps\": []}",
    "null" : false
  },
  "is_error" : false,
  "no_of_errors" : 0,
  "action_input_type" : null,
  "config_service_id" : null,
  "config_imap_id" : null,
  "config_b2b_document_type_id" : null,
  "config_document_id" : null,
  "add_variables" : {
    "type" : "jsonb",
    "value" : "[]",
    "null" : false
  },
  "drop_variables" : {
    "type" : "jsonb",
    "value" : "[]",
    "null" : false
  },
  "plug_input_structure" : null,
  "plug_output_structure" : null,
  "config_plug_id" : null,
  "override_plug" : false,
  "config_java_service_id" : null,
  "service_tag" : "EMPTY",
  "endpoint_tag" : "EMPTY",
  "config_service_tag" : "EMPTY",
  "config_imap_tag" : "EMPTY",
  "config_b2b_document_type_tag" : "EMPTY",
  "active" : true,
  "parent_component_config_service_tag" : "EMPTY",
  "service_project_id" : "5e4ed772-e812-4368-9b48-c95ba4e3ec23",
  "service_project_tag" : "EMPTY",
  "config_service_project_id" : null,
  "config_service_project_tag" : "EMPTY",
  "config_imap_project_id" : null,
  "config_imap_project_tag" : "EMPTY",
  "config_b2b_document_type_project_id" : null,
  "config_b2b_document_type_project_tag" : "EMPTY",
  "endpoint_project_id" : null,
  "endpoint_project_tag" : "EMPTY",
  "config_plug_tag" : "EMPTY",
  "config_plug_project_id" : null,
  "config_plug_project_tag" : "EMPTY",
  "config_java_service_tag" : "EMPTY",
  "config_java_service_project_id" : null,
  "config_java_service_project_tag" : "EMPTY",
  "disabled" : false,
  "config" : null,
  "config_b2b_document_type_project_mode_id" : "112c1cb8-4b9e-4d1a-a042-0bd031dc7d05",
  "config_imap_project_mode_id" : "112c1cb8-4b9e-4d1a-a042-0bd031dc7d05",
  "config_java_service_project_mode_id" : "112c1cb8-4b9e-4d1a-a042-0bd031dc7d05",
  "config_plug_project_mode_id" : "112c1cb8-4b9e-4d1a-a042-0bd031dc7d05",
  "config_service_project_mode_id" : "112c1cb8-4b9e-4d1a-a042-0bd031dc7d05",
  "endpoint_project_mode_id" : "112c1cb8-4b9e-4d1a-a042-0bd031dc7d05",
  "service_project_mode_id" : "112c1cb8-4b9e-4d1a-a042-0bd031dc7d05",
  "parent_component_config_service_project_mode_id" : "112c1cb8-4b9e-4d1a-a042-0bd031dc7d05",
  "is_audit" : true,
  "keys_with_order" : null
}