{
  "component_config_id" : "24f66f3f-6083-492a-b0ac-6bf168c64e8b",
  "endpoint_config_json" : null,
  "input_config_json" : {
    "type" : "jsonb",
    "value" : "{\"crossRef\": [], \"services\": [], \"multistep\": [], \"operations\": []}",
    "null" : false
  },
  "output_config_json" : {
    "type" : "jsonb",
    "value" : "{\"crossRef\": [], \"services\": [], \"multistep\": [], \"operations\": []}",
    "null" : false
  },
  "component_id" : "6116e8c7-9c67-4086-a4e5-5b0fa60d9070",
  "service_id" : "c23298ea-bae4-4f82-b529-92e920749712",
  "endpoint_id" : "eef91daf-174d-451a-930e-9faef85f4d9d",
  "parent_component_config_id" : null,
  "component_config_order" : 1.0,
  "action_id" : "ea9f787d-5592-4422-b2a8-7d4e3ed8cc63",
  "name" : "trigger",
  "description" : "",
  "override_endpoint" : false,
  "input_structure_json" : {
    "type" : "jsonb",
    "value" : "{\"maps\": [], \"mappedNodes\": []}",
    "null" : false
  },
  "output_structure_json" : {
    "type" : "jsonb",
    "value" : "{}",
    "null" : false
  },
  "endpoint_structure_json" : null,
  "is_error" : false,
  "no_of_errors" : null,
  "action_input_type" : null,
  "config_service_id" : null,
  "config_imap_id" : null,
  "config_b2b_document_type_id" : null,
  "config_document_id" : null,
  "add_variables" : {
    "type" : "jsonb",
    "value" : "[{\"id\": \"d3284d4e-fb59-46db-9403-a733de554148\", \"key\": \"/HTTPSServerPostOutput\", \"type\": \"object\", \"title\": \"HTTPSServerPostOutput\", \"children\": [{\"id\": \"b107c1d9-12da-4424-8005-389d5bb65851\", \"key\": \"/HTTPSServerPostOutput/pathParams\", \"type\": \"object\", \"title\": \"pathParams\", \"children\": [], \"editAllow\": false, \"childrenSet\": false, \"hasChildren\": true, \"dataElementType\": \"document\"}, {\"id\": \"b2642995-7c76-4c45-a382-1cd068252329\", \"key\": \"/HTTPSServerPostOutput/queryParams\", \"type\": \"object\", \"title\": \"queryParams\", \"children\": [], \"editAllow\": false, \"childrenSet\": false, \"hasChildren\": true, \"dataElementType\": \"document\"}, {\"id\": \"cb93577b-8deb-44b9-96a4-e8a2944e29e6\", \"key\": \"/HTTPSServerPostOutput/headers\", \"type\": \"object\", \"title\": \"headers\", \"children\": [], \"editAllow\": false, \"childrenSet\": false, \"hasChildren\": true, \"dataElementType\": \"document\"}], \"editAllow\": false, \"childrenSet\": false, \"hasChildren\": true, \"dataElementType\": \"document\"}]",
    "null" : false
  },
  "drop_variables" : null,
  "plug_input_structure" : null,
  "plug_output_structure" : null,
  "config_plug_id" : null,
  "override_plug" : false,
  "config_java_service_id" : null,
  "service_tag" : "EMPTY",
  "endpoint_tag" : "EMPTY",
  "config_service_tag" : "EMPTY",
  "config_imap_tag" : "EMPTY",
  "config_b2b_document_type_tag" : "EMPTY",
  "active" : true,
  "parent_component_config_service_tag" : "EMPTY",
  "service_project_id" : "5e4ed772-e812-4368-9b48-c95ba4e3ec23",
  "service_project_tag" : "EMPTY",
  "config_service_project_id" : null,
  "config_service_project_tag" : "EMPTY",
  "config_imap_project_id" : null,
  "config_imap_project_tag" : "EMPTY",
  "config_b2b_document_type_project_id" : null,
  "config_b2b_document_type_project_tag" : "EMPTY",
  "endpoint_project_id" : "5e4ed772-e812-4368-9b48-c95ba4e3ec23",
  "endpoint_project_tag" : "EMPTY",
  "config_plug_tag" : "EMPTY",
  "config_plug_project_id" : null,
  "config_plug_project_tag" : "EMPTY",
  "config_java_service_tag" : "EMPTY",
  "config_java_service_project_id" : null,
  "config_java_service_project_tag" : "EMPTY",
  "disabled" : false,
  "config" : {
    "type" : "json",
    "value" : "{\"resourceParams\":[{\"type\":\"resourceParams\",\"id\":\"3336a2ed-a845-4fe0-980e-acd6a4e0a70b\",\"value\":\"approver\",\"order\":26}],\"pathListParams\":[{\"type\":\"pathListParams\",\"id\":\"c4967b57-b9db-47c4-aa29-8616b24db999\",\"value\":null}],\"queryParams\":[],\"headers\":[],\"url\":\"https://axway-appc-se-design.sandbox.ampint.axwaytest.net:9443/approver\",\"resourcePath\":\"/approver\",\"body\":null,\"status\":null,\"isAsync\":null,\"contentType\":null,\"pathParams\":[]}",
    "null" : false
  },
  "config_b2b_document_type_project_mode_id" : "112c1cb8-4b9e-4d1a-a042-0bd031dc7d05",
  "config_imap_project_mode_id" : "112c1cb8-4b9e-4d1a-a042-0bd031dc7d05",
  "config_java_service_project_mode_id" : "112c1cb8-4b9e-4d1a-a042-0bd031dc7d05",
  "config_plug_project_mode_id" : "112c1cb8-4b9e-4d1a-a042-0bd031dc7d05",
  "config_service_project_mode_id" : "112c1cb8-4b9e-4d1a-a042-0bd031dc7d05",
  "endpoint_project_mode_id" : "112c1cb8-4b9e-4d1a-a042-0bd031dc7d05",
  "service_project_mode_id" : "112c1cb8-4b9e-4d1a-a042-0bd031dc7d05",
  "parent_component_config_service_project_mode_id" : "112c1cb8-4b9e-4d1a-a042-0bd031dc7d05",
  "is_audit" : true,
  "keys_with_order" : null
}