{
  "component_config_id" : "41417f42-ebbc-4648-b746-1e146ed88a45",
  "endpoint_config_json" : null,
  "input_config_json" : {
    "type" : "jsonb",
    "value" : "{\"crossRef\": [], \"services\": [], \"multistep\": [], \"operations\": []}",
    "null" : false
  },
  "output_config_json" : {
    "type" : "jsonb",
    "value" : "{\"crossRef\": [], \"services\": [], \"multistep\": [], \"operations\": []}",
    "null" : false
  },
  "component_id" : "6116e8c7-9c67-4086-a4e5-5b0fa60d9070",
  "service_id" : "7d7cf545-3401-4cbc-b38a-70b071c241da",
  "endpoint_id" : "021801fb-d4ee-4689-92fe-bda8cd003e26",
  "parent_component_config_id" : null,
  "component_config_order" : 1.0,
  "action_id" : "ea9f787d-5592-4422-b2a8-7d4e3ed8cc63",
  "name" : "Trigger",
  "description" : "",
  "override_endpoint" : false,
  "input_structure_json" : {
    "type" : "jsonb",
    "value" : "{\"maps\": [], \"mappedNodes\": []}",
    "null" : false
  },
  "output_structure_json" : {
    "type" : "jsonb",
    "value" : "{}",
    "null" : false
  },
  "endpoint_structure_json" : null,
  "is_error" : false,
  "no_of_errors" : null,
  "action_input_type" : null,
  "config_service_id" : null,
  "config_imap_id" : null,
  "config_b2b_document_type_id" : null,
  "config_document_id" : null,
  "add_variables" : {
    "type" : "jsonb",
    "value" : "[{\"id\": \"a0568548-0c92-48ba-85fa-35a8f20ca532\", \"key\": \"/HTTPSServerPostOutput\", \"type\": \"object\", \"title\": \"HTTPSServerPostOutput\", \"children\": [{\"id\": \"733d2b73-7b80-44b9-a925-d2c47b9be666\", \"key\": \"/HTTPSServerPostOutput/pathParams\", \"type\": \"object\", \"title\": \"pathParams\", \"children\": [], \"editAllow\": false, \"childrenSet\": false, \"hasChildren\": true, \"dataElementType\": \"document\"}, {\"id\": \"fb8e176f-0bd7-4ab4-b73f-49abf4ef06c3\", \"key\": \"/HTTPSServerPostOutput/queryParams\", \"type\": \"object\", \"title\": \"queryParams\", \"children\": [], \"editAllow\": false, \"childrenSet\": false, \"hasChildren\": true, \"dataElementType\": \"document\"}, {\"id\": \"db5950a9-02f1-4f13-a9b2-60bef0885147\", \"key\": \"/HTTPSServerPostOutput/headers\", \"type\": \"object\", \"title\": \"headers\", \"children\": [], \"editAllow\": false, \"childrenSet\": false, \"hasChildren\": true, \"dataElementType\": \"document\"}], \"editAllow\": false, \"childrenSet\": false, \"hasChildren\": true, \"dataElementType\": \"document\"}]",
    "null" : false
  },
  "drop_variables" : null,
  "plug_input_structure" : null,
  "plug_output_structure" : null,
  "config_plug_id" : null,
  "override_plug" : false,
  "config_java_service_id" : null,
  "service_tag" : "EMPTY",
  "endpoint_tag" : "EMPTY",
  "config_service_tag" : "EMPTY",
  "config_imap_tag" : "EMPTY",
  "config_b2b_document_type_tag" : "EMPTY",
  "active" : true,
  "parent_component_config_service_tag" : "EMPTY",
  "service_project_id" : "5e4ed772-e812-4368-9b48-c95ba4e3ec23",
  "service_project_tag" : "EMPTY",
  "config_service_project_id" : null,
  "config_service_project_tag" : "EMPTY",
  "config_imap_project_id" : null,
  "config_imap_project_tag" : "EMPTY",
  "config_b2b_document_type_project_id" : null,
  "config_b2b_document_type_project_tag" : "EMPTY",
  "endpoint_project_id" : "15dcb596-cc03-4642-b9df-9dc44a64ee86",
  "endpoint_project_tag" : "EMPTY",
  "config_plug_tag" : "EMPTY",
  "config_plug_project_id" : null,
  "config_plug_project_tag" : "EMPTY",
  "config_java_service_tag" : "EMPTY",
  "config_java_service_project_id" : null,
  "config_java_service_project_tag" : "EMPTY",
  "disabled" : false,
  "config" : {
    "type" : "json",
    "value" : "{\"resourceParams\":[{\"type\":\"resourceParams\",\"id\":\"e0117d28-5cc4-4a89-8a1a-d67c1cb2c92b\",\"value\":\"approver\",\"order\":12}],\"pathListParams\":[{\"type\":\"pathListParams\",\"id\":\"006e53ba-a13a-47fd-842e-f7fec14e1b75\",\"value\":null}],\"queryParams\":[],\"headers\":[],\"url\":\"https://axway-appc-se-design.sandbox.ampint.axwaytest.net:9443/approver\",\"resourcePath\":\"/approver\",\"body\":null,\"status\":null,\"isAsync\":null,\"contentType\":null,\"pathParams\":[]}",
    "null" : false
  },
  "config_b2b_document_type_project_mode_id" : "112c1cb8-4b9e-4d1a-a042-0bd031dc7d05",
  "config_imap_project_mode_id" : "112c1cb8-4b9e-4d1a-a042-0bd031dc7d05",
  "config_java_service_project_mode_id" : "112c1cb8-4b9e-4d1a-a042-0bd031dc7d05",
  "config_plug_project_mode_id" : "112c1cb8-4b9e-4d1a-a042-0bd031dc7d05",
  "config_service_project_mode_id" : "112c1cb8-4b9e-4d1a-a042-0bd031dc7d05",
  "endpoint_project_mode_id" : "112c1cb8-4b9e-4d1a-a042-0bd031dc7d05",
  "service_project_mode_id" : "112c1cb8-4b9e-4d1a-a042-0bd031dc7d05",
  "parent_component_config_service_project_mode_id" : "112c1cb8-4b9e-4d1a-a042-0bd031dc7d05",
  "is_audit" : true,
  "keys_with_order" : null
}