{
  "component_config_id" : "2fedf4e3-f2f0-44a6-989f-afa472b9f5da",
  "endpoint_config_json" : {
    "type" : "jsonb",
    "value" : "{\"crossRef\": [], \"services\": [], \"multistep\": [], \"operations\": []}",
    "null" : false
  },
  "input_config_json" : {
    "type" : "jsonb",
    "value" : "{\"crossRef\": [], \"services\": [], \"multistep\": [], \"operations\": []}",
    "null" : false
  },
  "output_config_json" : {
    "type" : "jsonb",
    "value" : "{\"crossRef\": [{\"id\": \"cdacd4ec-d4db-4113-a3c0-ef0d3982030d\"}], \"services\": [], \"multistep\": [], \"operations\": [{\"transformer\": {\"id\": \"28de5d83-e7a5-4d63-a3ad-45e443ddee54\", \"name\": \"STRING_CONCAT\", \"type\": \"String\", \"query\": null, \"inputs\": [{\"id\": \"f67e18ee-8143-415e-80e5-ff6e399801e7\", \"root\": false, \"type\": \"map\", \"cached\": false, \"source\": \"/Vars/CentralBaseAddress\", \"target\": \"/STRING_CONCAT_INPUT/inputString\", \"mapNull\": false, \"disabled\": false, \"extractXml\": false, \"extractJson\": false, \"mapEmptyString\": false, \"sourceJavaType\": \"java.lang.String\", \"targetJavaType\": \"java.lang.String\"}, {\"id\": \"a979af4c-a02b-4c4b-a651-b4534025d501\", \"root\": false, \"type\": \"setValue\", \"cached\": false, \"target\": \"/STRING_CONCAT_INPUT/concatWith\", \"mapNull\": false, \"disabled\": false, \"extractXml\": false, \"extractJson\": false, \"targetValue\": \"/topology/environments/details/%{/Vars/EnvironmentName}%\", \"mapEmptyString\": false, \"targetJavaType\": \"java.lang.String\", \"variableSubstitution\": true}], \"outputs\": [{\"id\": \"c16aa461-fe42-4045-aa67-daea506ffbe5\", \"root\": false, \"type\": \"map\", \"cached\": false, \"source\": \"/STRING_CONCAT_OUTPUT/output\", \"target\": \"/Vars/EnvironmentUrl\", \"mapNull\": false, \"disabled\": false, \"extractXml\": false, \"extractJson\": false, \"targetOrder\": 1.0, \"mapEmptyString\": false, \"sourceJavaType\": \"java.lang.String\", \"targetJavaType\": \"java.lang.String\"}], \"tableId\": null, \"configId\": null, \"disabled\": false, \"serviceId\": null, \"expression\": null}}, {\"transformer\": {\"id\": \"a9a8f935-504d-40e9-8232-0a2162417248\", \"name\": \"STRING_CONCAT\", \"type\": \"String\", \"query\": null, \"inputs\": [{\"id\": \"7fae9b5d-674b-4b6d-b92e-bc042817f232\", \"root\": false, \"type\": \"map\", \"cached\": false, \"source\": \"/Vars/CentralBaseAddress\", \"target\": \"/STRING_CONCAT_INPUT/inputString\", \"mapNull\": false, \"disabled\": false, \"extractXml\": false, \"extractJson\": false, \"mapEmptyString\": false, \"sourceJavaType\": \"java.lang.String\", \"targetJavaType\": \"java.lang.String\"}, {\"id\": \"fd44655c-dc0b-43db-9a6e-b8020f317d29\", \"root\": false, \"type\": \"setValue\", \"cached\": false, \"target\": \"/STRING_CONCAT_INPUT/concatWith\", \"mapNull\": false, \"disabled\": false, \"extractXml\": false, \"extractJson\": false, \"targetValue\": \"/topology/environments/details/%{/Vars/EnvironmentName}%/svc/%{/GetAPIServiceRevisionFromSelfLinkOutput/APIServiceRevision/spec/apiService}%\", \"mapEmptyString\": false, \"targetJavaType\": \"java.lang.String\", \"variableSubstitution\": true}], \"outputs\": [{\"id\": \"4fafa80e-ba69-4d3a-91b7-0562d467d5c2\", \"root\": false, \"type\": \"map\", \"cached\": false, \"source\": \"/STRING_CONCAT_OUTPUT/output\", \"target\": \"/Vars/APIUrl\", \"mapNull\": false, \"disabled\": false, \"extractXml\": false, \"extractJson\": false, \"targetOrder\": 1.0, \"mapEmptyString\": false, \"sourceJavaType\": \"java.lang.String\", \"targetJavaType\": \"java.lang.String\"}], \"tableId\": null, \"configId\": null, \"disabled\": false, \"serviceId\": null, \"expression\": null}}, {\"transformer\": {\"id\": \"2b22d566-dcac-4db8-8249-11eba7b4bc1c\", \"name\": \"ADVANCED_CROSSREFERENCE\", \"type\": \"Advanced\", \"query\": \"select jsonb_array_elements(xref_data)::json->> 'data' from \\\"cx3_design\\\".\\\"cross_reference_structure\\\" where (\\\"cx3_design\\\".\\\"cross_reference_structure\\\".\\\"table_id\\\" = 'cdacd4ec-d4db-4113-a3c0-ef0d3982030d' and \\\"cx3_design\\\".\\\"cross_reference_structure\\\".\\\"project_id\\\" = '5e4ed772-e812-4368-9b48-c95ba4e3ec23' and \\\"cx3_design\\\".\\\"cross_reference_structure\\\".\\\"active\\\" = true and \\\"cx3_design\\\".\\\"cross_reference_structure\\\".\\\"project_mode_id\\\" = '112c1cb8-4b9e-4d1a-a042-0bd031dc7d05')\", \"inputs\": [{\"id\": \"e69a0a74-41d1-4d4e-9e0f-4938b6a66c33\", \"root\": false, \"type\": \"map\", \"cached\": false, \"source\": \"/AmplifyAPISpecLintingJobWebhookPayloadParserOutput/AmplifyAPISpecLintingJobWebhookPayload/payload/result/summary/grade\", \"target\": \"/ADVANCED_CROSSREFERENCE_INPUT/crossRefInput/Score\", \"mapNull\": false, \"disabled\": false, \"extractXml\": false, \"extractJson\": false, \"mapEmptyString\": false, \"sourceJavaType\": \"java.lang.String\", \"targetJavaType\": \"java.lang.String\"}], \"outputs\": [{\"id\": \"78357a84-6252-4b55-9eae-336313f9e7ae\", \"root\": false, \"type\": \"map\", \"cached\": false, \"source\": \"/ADVANCED_CROSSREFERENCE_OUTPUT/output/Image URL\", \"target\": \"/Vars/ScoreImageUrl\", \"mapNull\": false, \"disabled\": false, \"extractXml\": false, \"extractJson\": false, \"targetOrder\": 1.0, \"mapEmptyString\": false, \"sourceJavaType\": \"java.lang.String\", \"targetJavaType\": \"java.lang.String\"}], \"tableId\": \"cdacd4ec-d4db-4113-a3c0-ef0d3982030d\", \"configId\": null, \"disabled\": false, \"serviceId\": null, \"expression\": null}}, {\"map\": {\"id\": \"c550816f-3149-41ea-b9aa-fa2d1519f495\", \"root\": false, \"type\": \"map\", \"cached\": false, \"source\": \"/GetTeamByTeamIdOutput/Team/name\", \"target\": \"/Vars/OwningTeamName\", \"mapNull\": false, \"disabled\": false, \"extractXml\": false, \"extractJson\": false, \"targetOrder\": 1.0, \"mapEmptyString\": false, \"sourceJavaType\": \"java.lang.String\", \"targetJavaType\": \"java.lang.String\"}}, {\"map\": {\"id\": \"1ab22e83-23c8-48c5-bee8-dd31d7285d7d\", \"root\": false, \"type\": \"map\", \"cached\": false, \"source\": \"/GetAPIServiceRevisionFromSelfLinkOutput/APIServiceRevision/x-agent-details/externalAPIName\", \"target\": \"/Vars/APIName\", \"mapNull\": false, \"disabled\": false, \"extractXml\": false, \"extractJson\": false, \"targetOrder\": 1.0, \"mapEmptyString\": false, \"sourceJavaType\": \"java.lang.String\", \"targetJavaType\": \"java.lang.String\"}}, {\"map\": {\"id\": \"70e3a2dc-6acc-48e3-8650-f4d4fddd0776\", \"root\": false, \"type\": \"map\", \"cached\": false, \"source\": \"/GetAPISpecLintingRulesetFromSelfLinkOutput/APISpecLintingRuleset/title\", \"target\": \"/Vars/RuleName\", \"mapNull\": false, \"disabled\": false, \"extractXml\": false, \"extractJson\": false, \"targetOrder\": 1.0, \"mapEmptyString\": false, \"sourceJavaType\": \"java.lang.String\", \"targetJavaType\": \"java.lang.String\"}}, {\"map\": {\"id\": \"efc5b288-dd3c-421e-8263-ac48c4b8f1ee\", \"root\": false, \"type\": \"map\", \"cached\": false, \"source\": \"/GetAPISpecLintingRulesetFromSelfLinkOutput/APISpecLintingRuleset/spec/definition/lintingType\", \"target\": \"/Vars/RuleType\", \"mapNull\": false, \"disabled\": false, \"extractXml\": false, \"extractJson\": false, \"targetOrder\": 1.0, \"mapEmptyString\": false, \"sourceJavaType\": \"java.lang.String\", \"targetJavaType\": \"java.lang.String\"}}, {\"map\": {\"id\": \"08ee63fb-6e67-446a-94e4-2f28ba4ed66d\", \"root\": false, \"type\": \"map\", \"cached\": false, \"source\": \"/GetAPISpecLintingJobFromSelfLinkOutput/APISpecLintingJob/title\", \"target\": \"/Vars/JobName\", \"mapNull\": false, \"disabled\": false, \"extractXml\": false, \"extractJson\": false, \"targetOrder\": 1.0, \"mapEmptyString\": false, \"sourceJavaType\": \"java.lang.String\", \"targetJavaType\": \"java.lang.String\"}}, {\"map\": {\"id\": \"46887482-6c3d-4128-9db3-72ca75665e7f\", \"root\": false, \"type\": \"map\", \"cached\": false, \"source\": \"/GetAPISpecLintingJobFromSelfLinkOutput/APISpecLintingJob/metadata/id\", \"target\": \"/Vars/JobId\", \"mapNull\": false, \"disabled\": false, \"extractXml\": false, \"extractJson\": false, \"targetOrder\": 1.0, \"mapEmptyString\": false, \"sourceJavaType\": \"java.lang.String\", \"targetJavaType\": \"java.lang.String\"}}]}",
    "null" : false
  },
  "component_id" : "8ac5fe03-27a2-4e6a-a449-6a8893818223",
  "service_id" : "3c216011-0bad-4919-8125-318f5e2b36c0",
  "endpoint_id" : null,
  "parent_component_config_id" : "89ad043e-a296-4735-a0f4-d4f7408e7ef7",
  "component_config_order" : 1.75,
  "action_id" : "06843b78-eab0-45da-afab-8c8277d7553f",
  "name" : "Update vars",
  "description" : "",
  "override_endpoint" : false,
  "input_structure_json" : {
    "type" : "jsonb",
    "value" : "{\"maps\": [], \"mappedNodes\": [\"/GetTeamByTeamIdOutput/Team/name pipeIn\", \"/Vars/OwningTeamNamepipeOut\", \"/Vars/CentralBaseAddress pipeIn\", \"/STRING_CONCAT_INPUT/inputString0\", \"/STRING_CONCAT_INPUT/concatWith\", \"/STRING_CONCAT_INPUT\", \"/STRING_CONCAT_OUTPUT/output0\", \"/Vars/EnvironmentUrlpipeOut\", \"/GetAPIServiceRevisionFromSelfLinkOutput/APIServiceRevision/x-agent-details/externalAPIName pipeIn\", \"/Vars/APINamepipeOut\", \"/STRING_CONCAT_INPUT/concatWith\", \"/STRING_CONCAT_INPUT\", \"/STRING_CONCAT_OUTPUT/output1\", \"/Vars/APIUrlpipeOut\", \"/Vars/CentralBaseAddress pipeIn\", \"/STRING_CONCAT_INPUT/inputString1\", \"/GetAPISpecLintingRulesetFromSelfLinkOutput/APISpecLintingRuleset/title pipeIn\", \"/Vars/RuleNamepipeOut\", \"/GetAPISpecLintingRulesetFromSelfLinkOutput/APISpecLintingRuleset/spec/definition/lintingType pipeIn\", \"/Vars/RuleTypepipeOut\", \"/GetAPISpecLintingJobFromSelfLinkOutput/APISpecLintingJob/title pipeIn\", \"/Vars/JobNamepipeOut\", \"/GetAPISpecLintingJobFromSelfLinkOutput/APISpecLintingJob/metadata/id pipeIn\", \"/Vars/JobIdpipeOut\"]}",
    "null" : false
  },
  "output_structure_json" : {
    "type" : "jsonb",
    "value" : "{\"maps\": [{\"/Vars/OwningTeamName\": [{\"type\": \"map\", \"source\": {\"path\": \"/GetTeamByTeamIdOutput/Team/name\", \"title\": \"name\", \"dataElementType\": \"string\"}, \"target\": {\"path\": \"/Vars/OwningTeamName\", \"order\": 1, \"title\": \"OwningTeamName\", \"dataElementType\": \"string\"}, \"mapCondition\": {\"isConditionSet\": false, \"sourceTreeIndex\": [], \"targetTreeIndex\": [], \"mapConditionFormValue\": {}}}]}, {\"/Vars/APIName\": [{\"type\": \"map\", \"source\": {\"path\": \"/GetAPIServiceRevisionFromSelfLinkOutput/APIServiceRevision/x-agent-details/externalAPIName\", \"title\": \"externalAPIName\", \"dataElementType\": \"string\"}, \"target\": {\"path\": \"/Vars/APIName\", \"order\": 1, \"title\": \"APIName\", \"dataElementType\": \"string\"}, \"mapCondition\": {\"isConditionSet\": false, \"sourceTreeIndex\": [], \"targetTreeIndex\": [], \"mapConditionFormValue\": {}}}]}, {\"/Vars/RuleName\": [{\"type\": \"map\", \"source\": {\"path\": \"/GetAPISpecLintingRulesetFromSelfLinkOutput/APISpecLintingRuleset/title\", \"title\": \"title\", \"dataElementType\": \"string\"}, \"target\": {\"path\": \"/Vars/RuleName\", \"order\": 1, \"title\": \"RuleName\", \"dataElementType\": \"string\"}, \"mapCondition\": {\"isConditionSet\": false, \"sourceTreeIndex\": [], \"targetTreeIndex\": [], \"mapConditionFormValue\": {}}}]}, {\"/Vars/RuleType\": [{\"type\": \"map\", \"source\": {\"path\": \"/GetAPISpecLintingRulesetFromSelfLinkOutput/APISpecLintingRuleset/spec/definition/lintingType\", \"title\": \"lintingType\", \"dataElementType\": \"string\"}, \"target\": {\"path\": \"/Vars/RuleType\", \"order\": 1, \"title\": \"RuleType\", \"dataElementType\": \"string\"}, \"mapCondition\": {\"isConditionSet\": false, \"sourceTreeIndex\": [], \"targetTreeIndex\": [], \"mapConditionFormValue\": {}}}]}, {\"/Vars/JobName\": [{\"type\": \"map\", \"source\": {\"path\": \"/GetAPISpecLintingJobFromSelfLinkOutput/APISpecLintingJob/title\", \"title\": \"title\", \"dataElementType\": \"string\"}, \"target\": {\"path\": \"/Vars/JobName\", \"order\": 1, \"title\": \"JobName\", \"dataElementType\": \"string\"}, \"mapCondition\": {\"isConditionSet\": false, \"sourceTreeIndex\": [], \"targetTreeIndex\": [], \"mapConditionFormValue\": {}}}]}, {\"/Vars/JobId\": [{\"type\": \"map\", \"source\": {\"path\": \"/GetAPISpecLintingJobFromSelfLinkOutput/APISpecLintingJob/metadata/id\", \"title\": \"id\", \"dataElementType\": \"string\"}, \"target\": {\"path\": \"/Vars/JobId\", \"order\": 1, \"title\": \"JobId\", \"dataElementType\": \"string\"}, \"mapCondition\": {\"isConditionSet\": false, \"sourceTreeIndex\": [], \"targetTreeIndex\": [], \"mapConditionFormValue\": {}}}]}], \"tracks\": {}, \"transformer\": [{\"inputs\": {\"/STRING_CONCAT_INPUT/concatWith\": [{\"type\": \"setValue\", \"target\": {\"path\": \"/STRING_CONCAT_INPUT/concatWith\", \"order\": \"\", \"title\": \"concatWith\", \"dataElementType\": \"string\"}, \"values\": [{\"id\": \"7c236b07-26b7-4058-8342-ead47d6fce3e\", \"key\": \"/STRING_CONCAT_INPUT/concatWith\", \"type\": \"string\", \"title\": \"concatWith\", \"isLeaf\": true, \"secret\": false, \"children\": [], \"setValue\": null, \"uiElement\": \"/topology/environments/details/<input _ngcontent-ng-c1270903566=\\\"\\\" class=\\\"chip\\\" title=\\\"/Vars/EnvironmentName\\\" readonly=\\\"true\\\" disabled=\\\"true\\\" type=\\\"button\\\" value=\\\"EnvironmentName\\\">\", \"isSetValue\": false, \"dataElementType\": \"string\"}], \"mapCondition\": {\"isConditionSet\": false, \"sourceTreeIndex\": [], \"targetTreeIndex\": [], \"mapConditionFormValue\": {}}, \"variableSubstitution\": true, \"overwritePipelineValue\": false}], \"/STRING_CONCAT_INPUT/inputString\": [{\"type\": \"map\", \"source\": {\"path\": \"/Vars/CentralBaseAddress\", \"title\": \"CentralBaseAddress\", \"dataElementType\": \"string\"}, \"target\": {\"path\": \"/STRING_CONCAT_INPUT/inputString\", \"title\": \"inputString\", \"dataElementType\": \"string\"}, \"mapCondition\": {\"isConditionSet\": false, \"sourceTreeIndex\": [], \"targetTreeIndex\": [], \"mapConditionFormValue\": {}}}]}, \"outputs\": {\"/Vars/EnvironmentUrl\": [{\"type\": \"map\", \"source\": {\"path\": \"/STRING_CONCAT_OUTPUT/output\", \"title\": \"output\", \"dataElementType\": \"string\"}, \"target\": {\"path\": \"/Vars/EnvironmentUrl\", \"order\": 1, \"title\": \"EnvironmentUrl\", \"dataElementType\": \"string\"}, \"mapCondition\": {\"isConditionSet\": false, \"sourceTreeIndex\": [], \"targetTreeIndex\": [], \"mapConditionFormValue\": {}}}]}, \"functionInfo\": {\"id\": \"bd6ba1a8-5b3a-4089-98f9-7eb3b692209b\", \"name\": \"Concat\", \"category\": {\"id\": \"7e335ebf-c122-41de-a87f-8e4cb8f39ff6\"}, \"internalName\": \"STRING_CONCAT\"}}, {\"inputs\": {\"/STRING_CONCAT_INPUT/concatWith\": [{\"type\": \"setValue\", \"target\": {\"path\": \"/STRING_CONCAT_INPUT/concatWith\", \"order\": \"\", \"title\": \"concatWith\", \"dataElementType\": \"string\"}, \"values\": [{\"id\": \"d70be7cb-d543-4501-9c8f-7965cbafaaed\", \"key\": \"/STRING_CONCAT_INPUT/concatWith\", \"type\": \"string\", \"title\": \"concatWith\", \"isLeaf\": true, \"secret\": false, \"children\": [], \"setValue\": null, \"uiElement\": \"/topology/environments/details/<input _ngcontent-ng-c1270903566=\\\"\\\" class=\\\"chip\\\" title=\\\"/Vars/EnvironmentName\\\" readonly=\\\"true\\\" disabled=\\\"true\\\" type=\\\"button\\\" value=\\\"EnvironmentName\\\">/svc/<input _ngcontent-ng-c1270903566=\\\"\\\" class=\\\"chip\\\" title=\\\"/GetAPIServiceRevisionFromSelfLinkOutput/APIServiceRevision/spec/apiService\\\" readonly=\\\"true\\\" disabled=\\\"true\\\" type=\\\"button\\\" value=\\\"apiService\\\">\", \"isSetValue\": false, \"dataElementType\": \"string\"}], \"mapCondition\": {\"isConditionSet\": false, \"sourceTreeIndex\": [], \"targetTreeIndex\": [], \"mapConditionFormValue\": {}}, \"variableSubstitution\": true, \"overwritePipelineValue\": false}], \"/STRING_CONCAT_INPUT/inputString\": [{\"type\": \"map\", \"source\": {\"path\": \"/Vars/CentralBaseAddress\", \"title\": \"CentralBaseAddress\", \"dataElementType\": \"string\"}, \"target\": {\"path\": \"/STRING_CONCAT_INPUT/inputString\", \"title\": \"inputString\", \"dataElementType\": \"string\"}, \"mapCondition\": {\"isConditionSet\": false, \"sourceTreeIndex\": [], \"targetTreeIndex\": [], \"mapConditionFormValue\": {}}}]}, \"outputs\": {\"/Vars/APIUrl\": [{\"type\": \"map\", \"source\": {\"path\": \"/STRING_CONCAT_OUTPUT/output\", \"title\": \"output\", \"dataElementType\": \"string\"}, \"target\": {\"path\": \"/Vars/APIUrl\", \"order\": 1, \"title\": \"APIUrl\", \"dataElementType\": \"string\"}, \"mapCondition\": {\"isConditionSet\": false, \"sourceTreeIndex\": [], \"targetTreeIndex\": [], \"mapConditionFormValue\": {}}}]}, \"functionInfo\": {\"id\": \"bd6ba1a8-5b3a-4089-98f9-7eb3b692209b\", \"name\": \"Concat\", \"category\": {\"id\": \"7e335ebf-c122-41de-a87f-8e4cb8f39ff6\"}, \"internalName\": \"STRING_CONCAT\"}}, {\"inputs\": {\"/ADVANCED_CROSSREFERENCE_INPUT/Score\": [{\"type\": \"map\", \"source\": {\"path\": \"/AmplifyAPISpecLintingJobWebhookPayloadParserOutput/AmplifyAPISpecLintingJobWebhookPayload/payload/result/summary/grade\", \"title\": \"grade\", \"dataElementType\": \"string\"}, \"target\": {\"path\": \"/ADVANCED_CROSSREFERENCE_INPUT/Score\", \"title\": \"Score\", \"dataElementType\": \"string\"}, \"mapCondition\": {\"isConditionSet\": false, \"sourceTreeIndex\": [], \"targetTreeIndex\": [], \"mapConditionFormValue\": {}}}]}, \"outputs\": {\"/Vars/ScoreImageUrl\": [{\"type\": \"map\", \"source\": {\"path\": \"/ADVANCED_CROSSREFERENCE_OUTPUT/Image URL\", \"title\": \"Image URL\", \"dataElementType\": \"string\"}, \"target\": {\"path\": \"/Vars/ScoreImageUrl\", \"order\": 1, \"title\": \"ScoreImageUrl\", \"dataElementType\": \"string\"}, \"mapCondition\": {\"isConditionSet\": false, \"sourceTreeIndex\": [], \"targetTreeIndex\": [], \"mapConditionFormValue\": {}}}]}, \"tableId\": \"cdacd4ec-d4db-4113-a3c0-ef0d3982030d\", \"inputJson\": \"[{\\\"key\\\":\\\"/ADVANCED_CROSSREFERENCE_INPUT\\\",\\\"type\\\":\\\"object\\\",\\\"value\\\":{\\\"type\\\":\\\"object\\\"},\\\"isLeaf\\\":false,\\\"secret\\\":false,\\\"children\\\":[{\\\"key\\\":\\\"/ADVANCED_CROSSREFERENCE_INPUT/Score\\\",\\\"title\\\":\\\"Score\\\",\\\"dataElementType\\\":\\\"string\\\",\\\"value\\\":{\\\"type\\\":\\\"string\\\"},\\\"children\\\":[],\\\"type\\\":\\\"string\\\",\\\"isLeaf\\\":true,\\\"id\\\":\\\"1edef5ba-65e1-4b57-8af9-61296fb7f6b4\\\"}],\\\"dataElementType\\\":\\\"document\\\"}]\", \"projectId\": \"5e4ed772-e812-4368-9b48-c95ba4e3ec23\", \"tableName\": \"ScoreImageMapping\", \"outputJson\": \"[{\\\"key\\\":\\\"/ADVANCED_CROSSREFERENCE_OUTPUT\\\",\\\"type\\\":\\\"object\\\",\\\"value\\\":{\\\"type\\\":\\\"object\\\"},\\\"isLeaf\\\":false,\\\"secret\\\":false,\\\"children\\\":[{\\\"key\\\":\\\"/ADVANCED_CROSSREFERENCE_OUTPUT/Image URL\\\",\\\"title\\\":\\\"Image URL\\\",\\\"dataElementType\\\":\\\"string\\\",\\\"value\\\":{\\\"type\\\":\\\"string\\\"},\\\"children\\\":[],\\\"type\\\":\\\"string\\\",\\\"isLeaf\\\":true,\\\"id\\\":\\\"7cba9d30-3071-40c8-8db8-b29204ef17b0\\\"}],\\\"dataElementType\\\":\\\"document\\\"}]\", \"functionInfo\": {\"id\": \"55a225d8-0178-431d-935d-d6dd774cde0f\", \"name\": \"CrossReference\", \"category\": {\"id\": \"abba5eaf-7353-4234-b15f-ef0841af9872\"}, \"referenceId\": \"0475eae7-f9a4-4bfb-a03a-3325eac9fb67\", \"internalName\": \"ADVANCED_CROSSREFERENCE\"}}]}",
    "null" : false
  },
  "endpoint_structure_json" : {
    "type" : "jsonb",
    "value" : "{\"maps\": []}",
    "null" : false
  },
  "is_error" : false,
  "no_of_errors" : 0,
  "action_input_type" : null,
  "config_service_id" : null,
  "config_imap_id" : null,
  "config_b2b_document_type_id" : null,
  "config_document_id" : null,
  "add_variables" : {
    "type" : "jsonb",
    "value" : "[]",
    "null" : false
  },
  "drop_variables" : {
    "type" : "jsonb",
    "value" : "[]",
    "null" : false
  },
  "plug_input_structure" : null,
  "plug_output_structure" : null,
  "config_plug_id" : null,
  "override_plug" : false,
  "config_java_service_id" : null,
  "service_tag" : "EMPTY",
  "endpoint_tag" : "EMPTY",
  "config_service_tag" : "EMPTY",
  "config_imap_tag" : "EMPTY",
  "config_b2b_document_type_tag" : "EMPTY",
  "active" : true,
  "parent_component_config_service_tag" : "EMPTY",
  "service_project_id" : "5e4ed772-e812-4368-9b48-c95ba4e3ec23",
  "service_project_tag" : "EMPTY",
  "config_service_project_id" : null,
  "config_service_project_tag" : "EMPTY",
  "config_imap_project_id" : null,
  "config_imap_project_tag" : "EMPTY",
  "config_b2b_document_type_project_id" : null,
  "config_b2b_document_type_project_tag" : "EMPTY",
  "endpoint_project_id" : null,
  "endpoint_project_tag" : "EMPTY",
  "config_plug_tag" : "EMPTY",
  "config_plug_project_id" : null,
  "config_plug_project_tag" : "EMPTY",
  "config_java_service_tag" : "EMPTY",
  "config_java_service_project_id" : null,
  "config_java_service_project_tag" : "EMPTY",
  "disabled" : false,
  "config" : null,
  "config_b2b_document_type_project_mode_id" : "112c1cb8-4b9e-4d1a-a042-0bd031dc7d05",
  "config_imap_project_mode_id" : "112c1cb8-4b9e-4d1a-a042-0bd031dc7d05",
  "config_java_service_project_mode_id" : "112c1cb8-4b9e-4d1a-a042-0bd031dc7d05",
  "config_plug_project_mode_id" : "112c1cb8-4b9e-4d1a-a042-0bd031dc7d05",
  "config_service_project_mode_id" : "112c1cb8-4b9e-4d1a-a042-0bd031dc7d05",
  "endpoint_project_mode_id" : "112c1cb8-4b9e-4d1a-a042-0bd031dc7d05",
  "service_project_mode_id" : "112c1cb8-4b9e-4d1a-a042-0bd031dc7d05",
  "parent_component_config_service_project_mode_id" : "112c1cb8-4b9e-4d1a-a042-0bd031dc7d05",
  "is_audit" : true,
  "keys_with_order" : null
}