{
  "component_config_id" : "12d81fc0-c32a-4b7f-ae5e-7e7654838d6d",
  "endpoint_config_json" : {
    "type" : "jsonb",
    "value" : "{\"crossRef\": [], \"services\": [], \"multistep\": [], \"operations\": []}",
    "null" : false
  },
  "input_config_json" : {
    "type" : "jsonb",
    "value" : "{\"crossRef\": [], \"services\": [], \"multistep\": [], \"operations\": []}",
    "null" : false
  },
  "output_config_json" : {
    "type" : "jsonb",
    "value" : "{\"crossRef\": [], \"services\": [], \"multistep\": [], \"operations\": [{\"transformer\": {\"id\": \"79ceb0f5-75bb-46f8-92ce-e2ef7619fad3\", \"name\": \"STRING_CONCAT\", \"type\": \"String\", \"query\": null, \"inputs\": [{\"id\": \"b5452943-c441-4c6c-ab97-d82a5e6110bd\", \"root\": false, \"type\": \"map\", \"cached\": false, \"source\": \"/Vars/ReportUrl\", \"target\": \"/STRING_CONCAT_INPUT/inputString\", \"mapNull\": false, \"disabled\": false, \"extractXml\": false, \"extractJson\": false, \"mapEmptyString\": false, \"sourceJavaType\": \"java.lang.String\", \"targetJavaType\": \"java.lang.String\"}, {\"id\": \"973dc52f-b3bf-4bc2-8fe4-1c3bc52140d1\", \"root\": false, \"type\": \"map\", \"cached\": false, \"source\": \"/AmazonS3CreateObjectOutput/response/key\", \"target\": \"/STRING_CONCAT_INPUT/concatWith\", \"mapNull\": false, \"disabled\": false, \"extractXml\": false, \"extractJson\": false, \"mapEmptyString\": false, \"sourceJavaType\": \"java.lang.String\", \"targetJavaType\": \"java.lang.String\"}], \"outputs\": [{\"id\": \"15d0dbc1-c59c-4907-9681-8cd620c36d16\", \"root\": false, \"type\": \"map\", \"cached\": false, \"source\": \"/STRING_CONCAT_OUTPUT/output\", \"target\": \"/Vars/ReportUrl\", \"mapNull\": false, \"disabled\": false, \"extractXml\": false, \"extractJson\": false, \"targetOrder\": 1.0, \"mapEmptyString\": false, \"sourceJavaType\": \"java.lang.String\", \"targetJavaType\": \"java.lang.String\"}], \"tableId\": null, \"configId\": null, \"disabled\": false, \"serviceId\": null, \"expression\": null}}]}",
    "null" : false
  },
  "component_id" : "8ac5fe03-27a2-4e6a-a449-6a8893818223",
  "service_id" : "3c216011-0bad-4919-8125-318f5e2b36c0",
  "endpoint_id" : null,
  "parent_component_config_id" : "b20f7c79-bda4-49f7-ab57-26b556a43929",
  "component_config_order" : 6.0,
  "action_id" : "06843b78-eab0-45da-afab-8c8277d7553f",
  "name" : "Update report url",
  "description" : "",
  "override_endpoint" : false,
  "input_structure_json" : {
    "type" : "jsonb",
    "value" : "{\"maps\": [], \"mappedNodes\": [\"/Vars/ReportUrl pipeIn\", \"/STRING_CONCAT_INPUT/inputString0\", \"/AmazonS3CreateObjectOutput/response/key pipeIn\", \"/STRING_CONCAT_INPUT/concatWith0\", \"/STRING_CONCAT_OUTPUT/output0\", \"/Vars/ReportUrlpipeOut\"]}",
    "null" : false
  },
  "output_structure_json" : {
    "type" : "jsonb",
    "value" : "{\"maps\": [], \"tracks\": {}, \"transformer\": [{\"inputs\": {\"/STRING_CONCAT_INPUT/concatWith\": [{\"type\": \"map\", \"source\": {\"path\": \"/AmazonS3CreateObjectOutput/response/key\", \"title\": \"key\", \"dataElementType\": \"string\"}, \"target\": {\"path\": \"/STRING_CONCAT_INPUT/concatWith\", \"title\": \"concatWith\", \"dataElementType\": \"string\"}, \"mapCondition\": {\"isConditionSet\": false, \"sourceTreeIndex\": [], \"targetTreeIndex\": [], \"mapConditionFormValue\": {}}}], \"/STRING_CONCAT_INPUT/inputString\": [{\"type\": \"map\", \"source\": {\"path\": \"/Vars/ReportUrl\", \"title\": \"ReportUrl\", \"dataElementType\": \"string\"}, \"target\": {\"path\": \"/STRING_CONCAT_INPUT/inputString\", \"title\": \"inputString\", \"dataElementType\": \"string\"}, \"mapCondition\": {\"isConditionSet\": false, \"sourceTreeIndex\": [], \"targetTreeIndex\": [], \"mapConditionFormValue\": {}}}]}, \"outputs\": {\"/Vars/ReportUrl\": [{\"type\": \"map\", \"source\": {\"path\": \"/STRING_CONCAT_OUTPUT/output\", \"title\": \"output\", \"dataElementType\": \"string\"}, \"target\": {\"path\": \"/Vars/ReportUrl\", \"order\": 1, \"title\": \"ReportUrl\", \"dataElementType\": \"string\"}, \"mapCondition\": {\"isConditionSet\": false, \"sourceTreeIndex\": [], \"targetTreeIndex\": [], \"mapConditionFormValue\": {}}}]}, \"functionInfo\": {\"id\": \"bd6ba1a8-5b3a-4089-98f9-7eb3b692209b\", \"name\": \"Concat\", \"category\": {\"id\": \"7e335ebf-c122-41de-a87f-8e4cb8f39ff6\"}, \"internalName\": \"STRING_CONCAT\"}}]}",
    "null" : false
  },
  "endpoint_structure_json" : {
    "type" : "jsonb",
    "value" : "{\"maps\": []}",
    "null" : false
  },
  "is_error" : false,
  "no_of_errors" : 0,
  "action_input_type" : null,
  "config_service_id" : null,
  "config_imap_id" : null,
  "config_b2b_document_type_id" : null,
  "config_document_id" : null,
  "add_variables" : {
    "type" : "jsonb",
    "value" : "[]",
    "null" : false
  },
  "drop_variables" : {
    "type" : "jsonb",
    "value" : "[]",
    "null" : false
  },
  "plug_input_structure" : null,
  "plug_output_structure" : null,
  "config_plug_id" : null,
  "override_plug" : false,
  "config_java_service_id" : null,
  "service_tag" : "EMPTY",
  "endpoint_tag" : "EMPTY",
  "config_service_tag" : "EMPTY",
  "config_imap_tag" : "EMPTY",
  "config_b2b_document_type_tag" : "EMPTY",
  "active" : true,
  "parent_component_config_service_tag" : "EMPTY",
  "service_project_id" : "5e4ed772-e812-4368-9b48-c95ba4e3ec23",
  "service_project_tag" : "EMPTY",
  "config_service_project_id" : null,
  "config_service_project_tag" : "EMPTY",
  "config_imap_project_id" : null,
  "config_imap_project_tag" : "EMPTY",
  "config_b2b_document_type_project_id" : null,
  "config_b2b_document_type_project_tag" : "EMPTY",
  "endpoint_project_id" : null,
  "endpoint_project_tag" : "EMPTY",
  "config_plug_tag" : "EMPTY",
  "config_plug_project_id" : null,
  "config_plug_project_tag" : "EMPTY",
  "config_java_service_tag" : "EMPTY",
  "config_java_service_project_id" : null,
  "config_java_service_project_tag" : "EMPTY",
  "disabled" : false,
  "config" : null,
  "config_b2b_document_type_project_mode_id" : "112c1cb8-4b9e-4d1a-a042-0bd031dc7d05",
  "config_imap_project_mode_id" : "112c1cb8-4b9e-4d1a-a042-0bd031dc7d05",
  "config_java_service_project_mode_id" : "112c1cb8-4b9e-4d1a-a042-0bd031dc7d05",
  "config_plug_project_mode_id" : "112c1cb8-4b9e-4d1a-a042-0bd031dc7d05",
  "config_service_project_mode_id" : "112c1cb8-4b9e-4d1a-a042-0bd031dc7d05",
  "endpoint_project_mode_id" : "112c1cb8-4b9e-4d1a-a042-0bd031dc7d05",
  "service_project_mode_id" : "112c1cb8-4b9e-4d1a-a042-0bd031dc7d05",
  "parent_component_config_service_project_mode_id" : "112c1cb8-4b9e-4d1a-a042-0bd031dc7d05",
  "is_audit" : true,
  "keys_with_order" : null
}