{
  "component_config_id" : "4c73408e-b42b-4584-8f3b-8b99bdba320c",
  "endpoint_config_json" : null,
  "input_config_json" : {
    "type" : "jsonb",
    "value" : "{\"crossRef\": [], \"services\": [], \"multistep\": [], \"operations\": []}",
    "null" : false
  },
  "output_config_json" : {
    "type" : "jsonb",
    "value" : "{\"crossRef\": [], \"services\": [], \"multistep\": [], \"operations\": []}",
    "null" : false
  },
  "component_id" : "6116e8c7-9c67-4086-a4e5-5b0fa60d9070",
  "service_id" : "d9012278-1dff-44ee-a77c-d3cbc3134599",
  "endpoint_id" : "12e86ca5-4df5-401a-a440-cc2716c55cd9",
  "parent_component_config_id" : null,
  "component_config_order" : 1.0,
  "action_id" : "ea9f787d-5592-4422-b2a8-7d4e3ed8cc63",
  "name" : "Webhook Trigger",
  "description" : "",
  "override_endpoint" : false,
  "input_structure_json" : {
    "type" : "jsonb",
    "value" : "{\"maps\": [], \"mappedNodes\": []}",
    "null" : false
  },
  "output_structure_json" : {
    "type" : "jsonb",
    "value" : "{}",
    "null" : false
  },
  "endpoint_structure_json" : null,
  "is_error" : false,
  "no_of_errors" : null,
  "action_input_type" : null,
  "config_service_id" : null,
  "config_imap_id" : null,
  "config_b2b_document_type_id" : null,
  "config_document_id" : null,
  "add_variables" : {
    "type" : "jsonb",
    "value" : "[{\"id\": \"41d10c4d-5f12-456f-99d7-d97fb00c93cd\", \"key\": \"/HTTPSServerPostOutput\", \"type\": \"object\", \"title\": \"HTTPSServerPostOutput\", \"children\": [{\"id\": \"4cbe2c80-8d58-4df4-8f7f-4f09dcad05c2\", \"key\": \"/HTTPSServerPostOutput/pathParams\", \"type\": \"object\", \"title\": \"pathParams\", \"children\": [], \"editAllow\": false, \"childrenSet\": false, \"hasChildren\": true, \"dataElementType\": \"document\"}, {\"id\": \"050a0943-a34b-4143-963d-f121e0ead880\", \"key\": \"/HTTPSServerPostOutput/queryParams\", \"type\": \"object\", \"title\": \"queryParams\", \"children\": [], \"editAllow\": false, \"childrenSet\": false, \"hasChildren\": true, \"dataElementType\": \"document\"}, {\"id\": \"d2d607a4-9d7f-4b31-93da-1a0d336b7c44\", \"key\": \"/HTTPSServerPostOutput/headers\", \"type\": \"object\", \"title\": \"headers\", \"children\": [], \"editAllow\": false, \"childrenSet\": false, \"hasChildren\": true, \"dataElementType\": \"document\"}], \"editAllow\": false, \"childrenSet\": false, \"hasChildren\": true, \"dataElementType\": \"document\"}]",
    "null" : false
  },
  "drop_variables" : null,
  "plug_input_structure" : null,
  "plug_output_structure" : null,
  "config_plug_id" : null,
  "override_plug" : false,
  "config_java_service_id" : null,
  "service_tag" : "EMPTY",
  "endpoint_tag" : "EMPTY",
  "config_service_tag" : "EMPTY",
  "config_imap_tag" : "EMPTY",
  "config_b2b_document_type_tag" : "EMPTY",
  "active" : true,
  "parent_component_config_service_tag" : "EMPTY",
  "service_project_id" : "5e4ed772-e812-4368-9b48-c95ba4e3ec23",
  "service_project_tag" : "EMPTY",
  "config_service_project_id" : null,
  "config_service_project_tag" : "EMPTY",
  "config_imap_project_id" : null,
  "config_imap_project_tag" : "EMPTY",
  "config_b2b_document_type_project_id" : null,
  "config_b2b_document_type_project_tag" : "EMPTY",
  "endpoint_project_id" : "15dcb596-cc03-4642-b9df-9dc44a64ee86",
  "endpoint_project_tag" : "EMPTY",
  "config_plug_tag" : "EMPTY",
  "config_plug_project_id" : null,
  "config_plug_project_tag" : "EMPTY",
  "config_java_service_tag" : "EMPTY",
  "config_java_service_project_id" : null,
  "config_java_service_project_tag" : "EMPTY",
  "disabled" : false,
  "config" : {
    "type" : "json",
    "value" : "{\"resourceParams\":[{\"type\":\"resourceParams\",\"id\":\"cc918000-5b06-4f97-ba60-8d9614b49fc5\",\"value\":\"mpsrwebhookhandler\",\"order\":18}],\"pathListParams\":[{\"type\":\"pathListParams\",\"id\":\"64d0d1b5-408b-4215-8efa-f3ac75d752f4\",\"value\":null}],\"queryParams\":[],\"headers\":[],\"url\":\"https://axway-appc-se-design.sandbox.ampint.axwaytest.net:9443/mpsrwebhookhandler\",\"resourcePath\":\"/mpsrwebhookhandler\",\"body\":null,\"status\":null,\"isAsync\":null,\"contentType\":null,\"pathParams\":[]}",
    "null" : false
  },
  "config_b2b_document_type_project_mode_id" : "112c1cb8-4b9e-4d1a-a042-0bd031dc7d05",
  "config_imap_project_mode_id" : "112c1cb8-4b9e-4d1a-a042-0bd031dc7d05",
  "config_java_service_project_mode_id" : "112c1cb8-4b9e-4d1a-a042-0bd031dc7d05",
  "config_plug_project_mode_id" : "112c1cb8-4b9e-4d1a-a042-0bd031dc7d05",
  "config_service_project_mode_id" : "112c1cb8-4b9e-4d1a-a042-0bd031dc7d05",
  "endpoint_project_mode_id" : "112c1cb8-4b9e-4d1a-a042-0bd031dc7d05",
  "service_project_mode_id" : "112c1cb8-4b9e-4d1a-a042-0bd031dc7d05",
  "parent_component_config_service_project_mode_id" : "112c1cb8-4b9e-4d1a-a042-0bd031dc7d05",
  "is_audit" : true,
  "keys_with_order" : null
}