{
  "document_type_id" : "8dcb2c39-842d-4551-8cbb-6724c2d37283",
  "name" : "BadgeServerResponse",
  "description" : "Badge Server Responsehttps://shields.io/badges/endpoint-badge",
  "version" : null,
  "business_document_type_id" : null,
  "document_format_id" : "edc154a0-55fc-11e9-8647-d663bd873d93",
  "root_tag" : null,
  "structure" : {
    "type" : "jsonb",
    "value" : "[{\"key\": \"/schemaVersion\", \"type\": \"integer\", \"order\": 1.0, \"title\": \"schemaVersion\", \"value\": {\"type\": \"integer\", \"requiredFlag\": false}, \"isLeaf\": true, \"childrenSet\": false, \"hasChildren\": false, \"dataElementType\": \"integer\"}, {\"key\": \"/label\", \"type\": \"string\", \"order\": 2.0, \"title\": \"label\", \"value\": {\"type\": \"string\", \"requiredFlag\": false}, \"isLeaf\": true, \"childrenSet\": false, \"hasChildren\": false, \"dataElementType\": \"string\"}, {\"key\": \"/message\", \"type\": \"string\", \"order\": 3.0, \"title\": \"message\", \"value\": {\"type\": \"string\", \"requiredFlag\": false}, \"isLeaf\": true, \"childrenSet\": false, \"hasChildren\": false, \"dataElementType\": \"string\"}, {\"key\": \"/color\", \"type\": \"string\", \"order\": 4.0, \"title\": \"color\", \"value\": {\"type\": \"string\", \"requiredFlag\": false}, \"isLeaf\": true, \"childrenSet\": false, \"hasChildren\": false, \"dataElementType\": \"string\"}, {\"key\": \"/labelColor\", \"type\": \"string\", \"order\": 5.0, \"title\": \"labelColor\", \"value\": {\"type\": \"string\", \"requiredFlag\": false}, \"isLeaf\": true, \"childrenSet\": false, \"hasChildren\": false, \"dataElementType\": \"string\"}, {\"key\": \"/isError\", \"type\": \"string\", \"order\": 6.0, \"title\": \"isError\", \"value\": {\"type\": \"string\", \"requiredFlag\": false}, \"isLeaf\": true, \"childrenSet\": false, \"hasChildren\": false, \"dataElementType\": \"string\"}, {\"key\": \"/namedLogo\", \"type\": \"string\", \"order\": 7.0, \"title\": \"namedLogo\", \"value\": {\"type\": \"string\", \"requiredFlag\": false}, \"isLeaf\": true, \"childrenSet\": false, \"hasChildren\": false, \"dataElementType\": \"string\"}, {\"key\": \"/logoSvg\", \"type\": \"string\", \"order\": 8.0, \"title\": \"logoSvg\", \"value\": {\"type\": \"string\", \"requiredFlag\": false}, \"isLeaf\": true, \"childrenSet\": false, \"hasChildren\": false, \"dataElementType\": \"string\"}, {\"key\": \"/logoColor\", \"type\": \"string\", \"order\": 9.0, \"title\": \"logoColor\", \"value\": {\"type\": \"string\", \"requiredFlag\": false}, \"isLeaf\": true, \"childrenSet\": false, \"hasChildren\": false, \"dataElementType\": \"string\"}, {\"key\": \"/logoWidth\", \"type\": \"string\", \"order\": 10.0, \"title\": \"logoWidth\", \"value\": {\"type\": \"string\", \"requiredFlag\": false}, \"isLeaf\": true, \"childrenSet\": false, \"hasChildren\": false, \"dataElementType\": \"string\"}, {\"key\": \"/logoPosition\", \"type\": \"string\", \"order\": 11.0, \"title\": \"logoPosition\", \"value\": {\"type\": \"string\", \"requiredFlag\": false}, \"isLeaf\": true, \"childrenSet\": false, \"hasChildren\": false, \"dataElementType\": \"string\"}, {\"key\": \"/style\", \"type\": \"string\", \"order\": 12.0, \"title\": \"style\", \"value\": {\"type\": \"string\", \"requiredFlag\": false}, \"isLeaf\": true, \"childrenSet\": false, \"hasChildren\": false, \"dataElementType\": \"string\"}]",
    "null" : false
  },
  "key_fields" : null,
  "schema" : {
    "type" : "json",
    "value" : "{\"$id\":\"BadgeServerResponse\",\"$schema\":\"http://json-schema.org/draft-07/schema#\",\"type\":\"object\",\"properties\":{\"schemaVersion\":{\"type\":\"integer\",\"title\":\"schemaVersion\",\"default\":0,\"examples\":[1],\"properties\":{}},\"label\":{\"type\":\"string\",\"title\":\"label\",\"default\":\"\",\"examples\":[\"hello\"],\"properties\":{},\"pattern\":\"^(.*)$\"},\"message\":{\"type\":\"string\",\"title\":\"message\",\"default\":\"\",\"examples\":[\"sweet world\"],\"properties\":{},\"pattern\":\"^(.*)$\"},\"color\":{\"type\":\"string\",\"title\":\"color\",\"default\":\"\",\"examples\":[\"orange\"],\"properties\":{},\"pattern\":\"^(.*)$\"},\"labelColor\":{\"type\":\"string\",\"title\":\"labelColor\",\"default\":\"\",\"examples\":[\"red\"],\"properties\":{},\"pattern\":\"^(.*)$\"},\"isError\":{\"type\":\"string\",\"title\":\"isError\",\"default\":\"\",\"examples\":[\"false\"],\"properties\":{},\"pattern\":\"^(.*)$\"},\"namedLogo\":{\"type\":\"string\",\"title\":\"namedLogo\",\"default\":\"\",\"examples\":[\"logo\"],\"properties\":{},\"pattern\":\"^(.*)$\"},\"logoSvg\":{\"type\":\"string\",\"title\":\"logoSvg\",\"default\":\"\",\"examples\":[\"base64encodedsvg\"],\"properties\":{},\"pattern\":\"^(.*)$\"},\"logoColor\":{\"type\":\"string\",\"title\":\"logoColor\",\"default\":\"\",\"examples\":[\"blue\"],\"properties\":{},\"pattern\":\"^(.*)$\"},\"logoWidth\":{\"type\":\"string\",\"title\":\"logoWidth\",\"default\":\"\",\"examples\":[\"10\"],\"properties\":{},\"pattern\":\"^(.*)$\"},\"logoPosition\":{\"type\":\"string\",\"title\":\"logoPosition\",\"default\":\"\",\"examples\":[\"0\"],\"properties\":{},\"pattern\":\"^(.*)$\"},\"style\":{\"type\":\"string\",\"title\":\"style\",\"default\":\"\",\"examples\":[\"flat\"],\"properties\":{},\"pattern\":\"^(.*)$\"}}}",
    "null" : false
  },
  "source_schema" : "{  \"schemaVersion\": 1,  \"label\": \"hello\",  \"message\": \"sweet world\",  \"color\": \"orange\",  \"labelColor\": \"red\",  \"isError\": \"false\",  \"namedLogo\": \"logo\",  \"logoSvg\": \"base64encodedsvg\",  \"logoColor\": \"blue\",  \"logoWidth\": \"10\",  \"logoPosition\": \"0\",  \"style\": \"flat\"}",
  "type" : "custom",
  "doc_type" : null,
  "source_type" : "jsonsample",
  "ignore_missing_schemas" : false,
  "has_ref_schemas" : null,
  "flat_file_config" : null,
  "active" : true,
  "is_changed" : false,
  "tag" : "EMPTY",
  "comment" : null,
  "base_tag" : "V48"
}