{
  "document_type_id" : "c83cbd9a-2066-433c-adda-ccdd42ce734d",
  "name" : "ComplianceReportDetailArray",
  "description" : "Compliance Report Detail Array",
  "version" : null,
  "business_document_type_id" : null,
  "document_format_id" : "edc154a0-55fc-11e9-8647-d663bd873d93",
  "root_tag" : null,
  "structure" : {
    "type" : "jsonb",
    "value" : "[{\"key\": \"/JsonArray[]\", \"type\": \"array\", \"order\": 1.0, \"title\": \"JsonArray\", \"value\": {\"type\": \"array\", \"requiredFlag\": false}, \"isLeaf\": false, \"children\": [{\"key\": \"/JsonArray[]/path\", \"type\": \"string\", \"order\": 2.0, \"title\": \"path\", \"value\": {\"type\": \"string\", \"requiredFlag\": false}, \"isLeaf\": true, \"childrenSet\": false, \"hasChildren\": false, \"dataElementType\": \"string\"}, {\"key\": \"/JsonArray[]/rule\", \"type\": \"string\", \"order\": 3.0, \"title\": \"rule\", \"value\": {\"type\": \"string\", \"requiredFlag\": false}, \"isLeaf\": true, \"childrenSet\": false, \"hasChildren\": false, \"dataElementType\": \"string\"}, {\"key\": \"/JsonArray[]/message\", \"type\": \"string\", \"order\": 4.0, \"title\": \"message\", \"value\": {\"type\": \"string\", \"requiredFlag\": false}, \"isLeaf\": true, \"childrenSet\": false, \"hasChildren\": false, \"dataElementType\": \"string\"}, {\"key\": \"/JsonArray[]/location\", \"type\": \"object\", \"order\": 5.0, \"title\": \"location\", \"value\": {\"type\": \"object\", \"requiredFlag\": false}, \"isLeaf\": false, \"children\": [{\"key\": \"/JsonArray[]/location/line\", \"type\": \"integer\", \"order\": 6.0, \"title\": \"line\", \"value\": {\"type\": \"integer\", \"requiredFlag\": false}, \"isLeaf\": true, \"childrenSet\": false, \"hasChildren\": false, \"dataElementType\": \"integer\"}, {\"key\": \"/JsonArray[]/location/character\", \"type\": \"integer\", \"order\": 7.0, \"title\": \"character\", \"value\": {\"type\": \"integer\", \"requiredFlag\": false}, \"isLeaf\": true, \"childrenSet\": false, \"hasChildren\": false, \"dataElementType\": \"integer\"}], \"childrenSet\": false, \"hasChildren\": false, \"dataElementType\": \"document\"}, {\"key\": \"/JsonArray[]/severity\", \"type\": \"string\", \"order\": 8.0, \"title\": \"severity\", \"value\": {\"type\": \"string\", \"requiredFlag\": false}, \"isLeaf\": true, \"childrenSet\": false, \"hasChildren\": false, \"dataElementType\": \"string\"}], \"childrenSet\": false, \"hasChildren\": false, \"dataElementType\": \"documentArray\"}]",
    "null" : false
  },
  "key_fields" : null,
  "schema" : {
    "type" : "json",
    "value" : "{\"$id\":\"ComplianceReportDetailArray\",\"$schema\":\"http://json-schema.org/draft-07/schema#\",\"type\":\"object\",\"properties\":{\"JsonArray\":{\"type\":\"array\",\"title\":\"JsonArray\",\"properties\":{},\"items\":{\"type\":\"object\",\"properties\":{\"path\":{\"type\":\"string\",\"title\":\"path\",\"default\":\"\",\"examples\":[\"/pets/{petId}\"],\"properties\":{},\"pattern\":\"^(.*)$\"},\"rule\":{\"type\":\"string\",\"title\":\"rule\",\"default\":\"\",\"examples\":[\"operation-tags\"],\"properties\":{},\"pattern\":\"^(.*)$\"},\"message\":{\"type\":\"string\",\"title\":\"message\",\"default\":\"\",\"examples\":[\"Operation must have non-empty \\\"tags\\\" array.\"],\"properties\":{},\"pattern\":\"^(.*)$\"},\"location\":{\"type\":\"object\",\"title\":\"location\",\"properties\":{\"line\":{\"type\":\"integer\",\"title\":\"line\",\"default\":0,\"examples\":[167],\"properties\":{}},\"character\":{\"type\":\"integer\",\"title\":\"character\",\"default\":0,\"examples\":[16],\"properties\":{}}}},\"severity\":{\"type\":\"string\",\"title\":\"severity\",\"default\":\"\",\"examples\":[\"warning\"],\"properties\":{},\"pattern\":\"^(.*)$\"}}}}}}",
    "null" : false
  },
  "source_schema" : "{\"JsonArray\" :[{  \"path\": \"info\",  \"rule\": \"info-contact\",  \"message\": \"Info object must have \\\"contact\\\" object.\",  \"location\": {    \"line\": 2,    \"character\": 9  },  \"severity\": \"warning\"}, {  \"path\": \"/\",  \"rule\": \"operation-description\",  \"message\": \"Operation \\\"description\\\" must be present and non-empty string.\",  \"location\": {    \"line\": 12,    \"character\": 12  },  \"severity\": \"warning\"}, {  \"path\": \"/\",  \"rule\": \"operation-operationId\",  \"message\": \"Operation must have \\\"operationId\\\".\",  \"location\": {    \"line\": 12,    \"character\": 12  },  \"severity\": \"warning\"}, {  \"path\": \"/\",  \"rule\": \"operation-tags\",  \"message\": \"Operation must have non-empty \\\"tags\\\" array.\",  \"location\": {    \"line\": 12,    \"character\": 12  },  \"severity\": \"warning\"}, {  \"path\": \"/\",  \"rule\": \"operation-description\",  \"message\": \"Operation \\\"description\\\" must be present and non-empty string.\",  \"location\": {    \"line\": 32,    \"character\": 16  },  \"severity\": \"warning\"}, {  \"path\": \"/\",  \"rule\": \"operation-operationId\",  \"message\": \"Operation must have \\\"operationId\\\".\",  \"location\": {    \"line\": 32,    \"character\": 16  },  \"severity\": \"warning\"}, {  \"path\": \"/\",  \"rule\": \"operation-tags\",  \"message\": \"Operation must have non-empty \\\"tags\\\" array.\",  \"location\": {    \"line\": 32,    \"character\": 16  },  \"severity\": \"warning\"}, {  \"path\": \"/pets\",  \"rule\": \"operation-description\",  \"message\": \"Operation \\\"description\\\" must be present and non-empty string.\",  \"location\": {    \"line\": 57,    \"character\": 12  },  \"severity\": \"warning\"}, {  \"path\": \"/pets\",  \"rule\": \"operation-operationId\",  \"message\": \"Operation must have \\\"operationId\\\".\",  \"location\": {    \"line\": 57,    \"character\": 12  },  \"severity\": \"warning\"}, {  \"path\": \"/pets\",  \"rule\": \"operation-tags\",  \"message\": \"Operation must have non-empty \\\"tags\\\" array.\",  \"location\": {    \"line\": 57,    \"character\": 12  },  \"severity\": \"warning\"}, {  \"path\": \"/pets\",  \"rule\": \"operation-description\",  \"message\": \"Operation \\\"description\\\" must be present and non-empty string.\",  \"location\": {    \"line\": 87,    \"character\": 13  },  \"severity\": \"warning\"}, {  \"path\": \"/pets\",  \"rule\": \"operation-tags\",  \"message\": \"Operation must have non-empty \\\"tags\\\" array.\",  \"location\": {    \"line\": 87,    \"character\": 13  },  \"severity\": \"warning\"}, {  \"path\": \"/pets\",  \"rule\": \"operation-description\",  \"message\": \"Operation \\\"description\\\" must be present and non-empty string.\",  \"location\": {    \"line\": 116,    \"character\": 16  },  \"severity\": \"warning\"}, {  \"path\": \"/pets\",  \"rule\": \"operation-operationId\",  \"message\": \"Operation must have \\\"operationId\\\".\",  \"location\": {    \"line\": 116,    \"character\": 16  },  \"severity\": \"warning\"}, {  \"path\": \"/pets\",  \"rule\": \"operation-tags\",  \"message\": \"Operation must have non-empty \\\"tags\\\" array.\",  \"location\": {    \"line\": 116,    \"character\": 16  },  \"severity\": \"warning\"}, {  \"path\": \"/pets/{petId}\",  \"rule\": \"operation-description\",  \"message\": \"Operation \\\"description\\\" must be present and non-empty string.\",  \"location\": {    \"line\": 141,    \"character\": 12  },  \"severity\": \"warning\"}, {  \"path\": \"/pets/{petId}\",  \"rule\": \"operation-tags\",  \"message\": \"Operation must have non-empty \\\"tags\\\" array.\",  \"location\": {    \"line\": 141,    \"character\": 12  },  \"severity\": \"warning\"}, {  \"path\": \"/pets/{petId}\",  \"rule\": \"operation-description\",  \"message\": \"Operation \\\"description\\\" must be present and non-empty string.\",  \"location\": {    \"line\": 167,    \"character\": 16  },  \"severity\": \"warning\"}, {  \"path\": \"/pets/{petId}\",  \"rule\": \"operation-operationId\",  \"message\": \"Operation must have \\\"operationId\\\".\",  \"location\": {    \"line\": 167,    \"character\": 16  },  \"severity\": \"warning\"}, {  \"path\": \"/pets/{petId}\",  \"rule\": \"operation-tags\",  \"message\": \"Operation must have non-empty \\\"tags\\\" array.\",  \"location\": {    \"line\": 167,    \"character\": 16  },  \"severity\": \"warning\"}]}",
  "type" : "custom",
  "doc_type" : null,
  "source_type" : "jsonsample",
  "ignore_missing_schemas" : false,
  "has_ref_schemas" : null,
  "flat_file_config" : null,
  "active" : true,
  "is_changed" : false,
  "tag" : "EMPTY",
  "comment" : null,
  "base_tag" : "V48"
}