{
  "document_type_id" : "c0de2510-28e0-4c41-be56-25d53db3e4e0",
  "name" : "ComplianceReportDetails",
  "description" : "Compliance Report Details",
  "version" : null,
  "business_document_type_id" : null,
  "document_format_id" : "af12f4ca-325b-4ba7-a68f-f01a4f53ffe1",
  "root_tag" : null,
  "structure" : {
    "type" : "jsonb",
    "value" : "[{\"key\": \"/delimitedRecords[]\", \"type\": \"array\", \"order\": 1.0, \"title\": \"delimitedRecords\", \"value\": {\"type\": \"array\", \"requiredFlag\": false}, \"isLeaf\": false, \"children\": [{\"key\": \"/delimitedRecords[]/﻿path\", \"type\": \"string\", \"order\": 2.0, \"title\": \"﻿path\", \"value\": {\"type\": \"string\", \"requiredFlag\": true}, \"isLeaf\": true, \"childrenSet\": false, \"hasChildren\": false, \"dataElementType\": \"string\"}, {\"key\": \"/delimitedRecords[]/rule\", \"type\": \"string\", \"order\": 3.0, \"title\": \"rule\", \"value\": {\"type\": \"string\", \"requiredFlag\": true}, \"isLeaf\": true, \"childrenSet\": false, \"hasChildren\": false, \"dataElementType\": \"string\"}, {\"key\": \"/delimitedRecords[]/message\", \"type\": \"string\", \"order\": 4.0, \"title\": \"message\", \"value\": {\"type\": \"string\", \"requiredFlag\": true}, \"isLeaf\": true, \"childrenSet\": false, \"hasChildren\": false, \"dataElementType\": \"string\"}, {\"key\": \"/delimitedRecords[]/line\", \"type\": \"string\", \"order\": 5.0, \"title\": \"line\", \"value\": {\"type\": \"string\", \"requiredFlag\": true}, \"isLeaf\": true, \"childrenSet\": false, \"hasChildren\": false, \"dataElementType\": \"string\"}, {\"key\": \"/delimitedRecords[]/character\", \"type\": \"string\", \"order\": 6.0, \"title\": \"character\", \"value\": {\"type\": \"string\", \"requiredFlag\": true}, \"isLeaf\": true, \"childrenSet\": false, \"hasChildren\": false, \"dataElementType\": \"string\"}, {\"key\": \"/delimitedRecords[]/severity\", \"type\": \"string\", \"order\": 7.0, \"title\": \"severity\", \"value\": {\"type\": \"string\", \"requiredFlag\": true}, \"isLeaf\": true, \"childrenSet\": false, \"hasChildren\": false, \"dataElementType\": \"string\"}], \"childrenSet\": false, \"hasChildren\": false, \"dataElementType\": \"documentArray\"}]",
    "null" : false
  },
  "key_fields" : null,
  "schema" : {
    "type" : "json",
    "value" : "{\"properties\":{\"delimitedRecords\":{\"type\":\"array\",\"items\":{\"type\":\"object\",\"required\":[\"﻿path\",\"rule\",\"message\",\"line\",\"character\",\"severity\"],\"properties\":{\"﻿path\":{\"type\":\"string\"},\"rule\":{\"type\":\"string\"},\"message\":{\"type\":\"string\"},\"line\":{\"type\":\"string\"},\"character\":{\"type\":\"string\"},\"severity\":{\"type\":\"string\"}}}}}}",
    "null" : false
  },
  "source_schema" : "path,rule,message,line,character,severityinfo,info-contact,\"Info object must have \\\"\"contact\\\"\" object.\",2,9,warning",
  "type" : "custom",
  "doc_type" : null,
  "source_type" : "flatfile_delimited",
  "ignore_missing_schemas" : false,
  "has_ref_schemas" : null,
  "flat_file_config" : {
    "type" : "json",
    "value" : "{\"delimiter\":\",\",\"escapeCharacter\":null,\"newLineCharacter\":\"\\\\n\",\"encoding\":\"UTF-8\",\"header\":\"true\",\"quoteCharacter\":null,\"ignoreEmptyLine\":null,\"quoteHeader\":null,\"quoteValues\":null}",
    "null" : false
  },
  "active" : true,
  "is_changed" : false,
  "tag" : "EMPTY",
  "comment" : null,
  "base_tag" : "V48"
}