{
  "document_type_id" : "0ac4edb4-9c8a-43b8-a05a-674ffcc27aca",
  "name" : "ComplianceReportDetail",
  "description" : "Compliance Report Detail",
  "version" : null,
  "business_document_type_id" : null,
  "document_format_id" : "edc154a0-55fc-11e9-8647-d663bd873d93",
  "root_tag" : null,
  "structure" : {
    "type" : "jsonb",
    "value" : "[{\"key\": \"/path\", \"type\": \"string\", \"order\": 1.0, \"title\": \"path\", \"value\": {\"type\": \"string\", \"requiredFlag\": false}, \"isLeaf\": true, \"childrenSet\": false, \"hasChildren\": false, \"dataElementType\": \"string\"}, {\"key\": \"/rule\", \"type\": \"string\", \"order\": 2.0, \"title\": \"rule\", \"value\": {\"type\": \"string\", \"requiredFlag\": false}, \"isLeaf\": true, \"childrenSet\": false, \"hasChildren\": false, \"dataElementType\": \"string\"}, {\"key\": \"/message\", \"type\": \"string\", \"order\": 3.0, \"title\": \"message\", \"value\": {\"type\": \"string\", \"requiredFlag\": false}, \"isLeaf\": true, \"childrenSet\": false, \"hasChildren\": false, \"dataElementType\": \"string\"}, {\"key\": \"/line\", \"type\": \"integer\", \"order\": 4.0, \"title\": \"line\", \"value\": {\"type\": \"integer\", \"requiredFlag\": false}, \"isLeaf\": true, \"childrenSet\": false, \"hasChildren\": false, \"dataElementType\": \"integer\"}, {\"key\": \"/character\", \"type\": \"integer\", \"order\": 5.0, \"title\": \"character\", \"value\": {\"type\": \"integer\", \"requiredFlag\": false}, \"isLeaf\": true, \"childrenSet\": false, \"hasChildren\": false, \"dataElementType\": \"integer\"}, {\"key\": \"/severity\", \"type\": \"string\", \"order\": 6.0, \"title\": \"severity\", \"value\": {\"type\": \"string\", \"requiredFlag\": false}, \"isLeaf\": true, \"childrenSet\": false, \"hasChildren\": false, \"dataElementType\": \"string\"}]",
    "null" : false
  },
  "key_fields" : null,
  "schema" : {
    "type" : "json",
    "value" : "{\"$id\":\"ComplianceReportDetail\",\"$schema\":\"http://json-schema.org/draft-07/schema#\",\"type\":\"object\",\"properties\":{\"path\":{\"type\":\"string\",\"title\":\"path\",\"default\":\"\",\"examples\":[\"info\"],\"properties\":{},\"pattern\":\"^(.*)$\"},\"rule\":{\"type\":\"string\",\"title\":\"rule\",\"default\":\"\",\"examples\":[\"info-contact\"],\"properties\":{},\"pattern\":\"^(.*)$\"},\"message\":{\"type\":\"string\",\"title\":\"message\",\"default\":\"\",\"examples\":[\"Info object must have \\\"contact\\\" object.\"],\"properties\":{},\"pattern\":\"^(.*)$\"},\"line\":{\"type\":\"integer\",\"title\":\"line\",\"default\":0,\"examples\":[2],\"properties\":{}},\"character\":{\"type\":\"integer\",\"title\":\"character\",\"default\":0,\"examples\":[9],\"properties\":{}},\"severity\":{\"type\":\"string\",\"title\":\"severity\",\"default\":\"\",\"examples\":[\"warning\"],\"properties\":{},\"pattern\":\"^(.*)$\"}}}",
    "null" : false
  },
  "source_schema" : "{  \"path\": \"info\",  \"rule\": \"info-contact\",  \"message\": \"Info object must have \\\"contact\\\" object.\",  \"line\": 2,  \"character\": 9,  \"severity\": \"warning\"}",
  "type" : "custom",
  "doc_type" : null,
  "source_type" : "jsonsample",
  "ignore_missing_schemas" : false,
  "has_ref_schemas" : null,
  "flat_file_config" : null,
  "active" : true,
  "is_changed" : false,
  "tag" : "EMPTY",
  "comment" : null,
  "base_tag" : "V48"
}