{
  "document_type_id" : "ad7e8712-108a-4cbb-ba46-8457a704c544",
  "name" : "MarketplaceModeratedReview_MSTeamsBodySection",
  "description" : "MarketplaceModeratedReview_MSTeamsBodySection",
  "version" : null,
  "business_document_type_id" : null,
  "document_format_id" : "edc154a0-55fc-11e9-8647-d663bd873d93",
  "root_tag" : null,
  "structure" : {
    "type" : "jsonb",
    "value" : "[{\"key\": \"/activityTitle\", \"type\": \"string\", \"order\": 1.0, \"title\": \"activityTitle\", \"value\": {\"type\": \"string\", \"requiredFlag\": false}, \"isLeaf\": true, \"childrenSet\": false, \"hasChildren\": false, \"dataElementType\": \"string\"}, {\"key\": \"/activitySubtitle\", \"type\": \"string\", \"order\": 2.0, \"title\": \"activitySubtitle\", \"value\": {\"type\": \"string\", \"requiredFlag\": false}, \"isLeaf\": true, \"childrenSet\": false, \"hasChildren\": false, \"dataElementType\": \"string\"}, {\"key\": \"/activityImage\", \"type\": \"string\", \"order\": 3.0, \"title\": \"activityImage\", \"value\": {\"type\": \"string\", \"requiredFlag\": false}, \"isLeaf\": true, \"childrenSet\": false, \"hasChildren\": false, \"dataElementType\": \"string\"}, {\"key\": \"/facts[]\", \"type\": \"array\", \"order\": 4.0, \"title\": \"facts\", \"value\": {\"type\": \"array\", \"requiredFlag\": false}, \"isLeaf\": false, \"children\": [{\"key\": \"/facts[]/name\", \"type\": \"string\", \"order\": 5.0, \"title\": \"name\", \"value\": {\"type\": \"string\", \"requiredFlag\": false}, \"isLeaf\": true, \"childrenSet\": false, \"hasChildren\": false, \"dataElementType\": \"string\"}, {\"key\": \"/facts[]/value\", \"type\": \"string\", \"order\": 6.0, \"title\": \"value\", \"value\": {\"type\": \"string\", \"requiredFlag\": false}, \"isLeaf\": true, \"childrenSet\": false, \"hasChildren\": false, \"dataElementType\": \"string\"}], \"childrenSet\": false, \"hasChildren\": false, \"dataElementType\": \"documentArray\"}, {\"key\": \"/markdown\", \"type\": \"boolean\", \"order\": 7.0, \"title\": \"markdown\", \"value\": {\"type\": \"boolean\", \"requiredFlag\": false}, \"isLeaf\": true, \"childrenSet\": false, \"hasChildren\": false, \"dataElementType\": \"boolean\"}]",
    "null" : false
  },
  "key_fields" : null,
  "schema" : {
    "type" : "json",
    "value" : "{\"$id\":\"MarketplaceModeratedReview_MSTeamsBodySection\",\"$schema\":\"http://json-schema.org/draft-07/schema#\",\"type\":\"object\",\"properties\":{\"activityTitle\":{\"type\":\"string\",\"title\":\"activityTitle\",\"default\":\"\",\"examples\":[\"Marketplace Product Review\"],\"properties\":{},\"pattern\":\"^(.*)$\"},\"activitySubtitle\":{\"type\":\"string\",\"title\":\"activitySubtitle\",\"default\":\"\",\"examples\":[\"Moderated Content Detected for Review titled: ['This product sucks'](https://www.google.com)\"],\"properties\":{},\"pattern\":\"^(.*)$\"},\"activityImage\":{\"type\":\"string\",\"title\":\"activityImage\",\"default\":\"\",\"examples\":[\"https://i.imgur.com/oMi8AI6.png\"],\"properties\":{},\"pattern\":\"^(.*)$\"},\"facts\":{\"type\":\"array\",\"title\":\"facts\",\"properties\":{},\"items\":{\"type\":\"object\",\"properties\":{\"name\":{\"type\":\"string\",\"title\":\"name\",\"default\":\"\",\"examples\":[\"PII:\"],\"properties\":{},\"pattern\":\"^(.*)$\"},\"value\":{\"type\":\"string\",\"title\":\"value\",\"default\":\"\",\"examples\":[\"Detected\"],\"properties\":{},\"pattern\":\"^(.*)$\"}}}},\"markdown\":{\"type\":\"boolean\",\"title\":\"markdown\",\"default\":false,\"examples\":[false,true],\"properties\":{}}}}",
    "null" : false
  },
  "source_schema" : "{  \"activityTitle\": \"Marketplace Product Review\",  \"activitySubtitle\": \"Moderated Content Detected for Review titled: ['This product sucks'](https://www.google.com)\",  \"activityImage\": \"https://i.imgur.com/oMi8AI6.png\",  \"facts\": [{    \"name\": \"Sentiment:\",    \"value\": \"Negative\"  }, {    \"name\": \"Toxicity:\",    \"value\": \"0.6104000210762024\"  }, {    \"name\": \"PII:\",    \"value\": \"Detected\"  }],  \"markdown\": true}",
  "type" : "custom",
  "doc_type" : null,
  "source_type" : "jsonsample",
  "ignore_missing_schemas" : false,
  "has_ref_schemas" : null,
  "flat_file_config" : null,
  "active" : true,
  "is_changed" : false,
  "tag" : "EMPTY",
  "comment" : null,
  "base_tag" : "V48"
}