{
  "document_type_id" : "4b8919ed-3261-41d4-815a-3302893672be",
  "name" : "MarketplaceModeratedReview_MSTeamsBody",
  "description" : "MarketplaceModeratedReview_MSTeamsBody",
  "version" : null,
  "business_document_type_id" : null,
  "document_format_id" : "edc154a0-55fc-11e9-8647-d663bd873d93",
  "root_tag" : null,
  "structure" : {
    "type" : "jsonb",
    "value" : "[{\"key\": \"/@type\", \"type\": \"string\", \"order\": 1.0, \"title\": \"@type\", \"value\": {\"type\": \"string\", \"requiredFlag\": false}, \"isLeaf\": true, \"childrenSet\": false, \"hasChildren\": false, \"dataElementType\": \"string\"}, {\"key\": \"/@context\", \"type\": \"string\", \"order\": 2.0, \"title\": \"@context\", \"value\": {\"type\": \"string\", \"requiredFlag\": false}, \"isLeaf\": true, \"childrenSet\": false, \"hasChildren\": false, \"dataElementType\": \"string\"}, {\"key\": \"/themeColor\", \"type\": \"string\", \"order\": 3.0, \"title\": \"themeColor\", \"value\": {\"type\": \"string\", \"requiredFlag\": false}, \"isLeaf\": true, \"childrenSet\": false, \"hasChildren\": false, \"dataElementType\": \"string\"}, {\"key\": \"/summary\", \"type\": \"string\", \"order\": 4.0, \"title\": \"summary\", \"value\": {\"type\": \"string\", \"requiredFlag\": false}, \"isLeaf\": true, \"childrenSet\": false, \"hasChildren\": false, \"dataElementType\": \"string\"}, {\"key\": \"/sections[]\", \"type\": \"array\", \"order\": 5.0, \"title\": \"sections\", \"value\": {\"type\": \"array\", \"requiredFlag\": false}, \"isLeaf\": false, \"children\": [{\"key\": \"/sections[]/activityTitle\", \"type\": \"string\", \"order\": 6.0, \"title\": \"activityTitle\", \"value\": {\"type\": \"string\", \"requiredFlag\": false}, \"isLeaf\": true, \"childrenSet\": false, \"hasChildren\": false, \"dataElementType\": \"string\"}, {\"key\": \"/sections[]/activitySubtitle\", \"type\": \"string\", \"order\": 7.0, \"title\": \"activitySubtitle\", \"value\": {\"type\": \"string\", \"requiredFlag\": false}, \"isLeaf\": true, \"childrenSet\": false, \"hasChildren\": false, \"dataElementType\": \"string\"}, {\"key\": \"/sections[]/activityImage\", \"type\": \"string\", \"order\": 8.0, \"title\": \"activityImage\", \"value\": {\"type\": \"string\", \"requiredFlag\": false}, \"isLeaf\": true, \"childrenSet\": false, \"hasChildren\": false, \"dataElementType\": \"string\"}, {\"key\": \"/sections[]/facts[]\", \"type\": \"array\", \"order\": 9.0, \"title\": \"facts\", \"value\": {\"type\": \"array\", \"requiredFlag\": false}, \"isLeaf\": false, \"children\": [{\"key\": \"/sections[]/facts[]/name\", \"type\": \"string\", \"order\": 10.0, \"title\": \"name\", \"value\": {\"type\": \"string\", \"requiredFlag\": false}, \"isLeaf\": true, \"childrenSet\": false, \"hasChildren\": false, \"dataElementType\": \"string\"}, {\"key\": \"/sections[]/facts[]/value\", \"type\": \"string\", \"order\": 11.0, \"title\": \"value\", \"value\": {\"type\": \"string\", \"requiredFlag\": false}, \"isLeaf\": true, \"childrenSet\": false, \"hasChildren\": false, \"dataElementType\": \"string\"}], \"childrenSet\": false, \"hasChildren\": false, \"dataElementType\": \"documentArray\"}, {\"key\": \"/sections[]/markdown\", \"type\": \"boolean\", \"order\": 12.0, \"title\": \"markdown\", \"value\": {\"type\": \"boolean\", \"requiredFlag\": false}, \"isLeaf\": true, \"childrenSet\": false, \"hasChildren\": false, \"dataElementType\": \"boolean\"}], \"childrenSet\": false, \"hasChildren\": false, \"dataElementType\": \"documentArray\"}]",
    "null" : false
  },
  "key_fields" : null,
  "schema" : {
    "type" : "json",
    "value" : "{\"$id\":\"MarketplaceModeratedReview_MSTeamsBody\",\"$schema\":\"http://json-schema.org/draft-07/schema#\",\"type\":\"object\",\"properties\":{\"@type\":{\"type\":\"string\",\"title\":\"@type\",\"default\":\"\",\"examples\":[\"MessageCard\"],\"properties\":{},\"pattern\":\"^(.*)$\"},\"@context\":{\"type\":\"string\",\"title\":\"@context\",\"default\":\"\",\"examples\":[\"http://schema.org/extensions\"],\"properties\":{},\"pattern\":\"^(.*)$\"},\"themeColor\":{\"type\":\"string\",\"title\":\"themeColor\",\"default\":\"\",\"examples\":[\"0076D7\"],\"properties\":{},\"pattern\":\"^(.*)$\"},\"summary\":{\"type\":\"string\",\"title\":\"summary\",\"default\":\"\",\"examples\":[\"Marketplace Product Review\"],\"properties\":{},\"pattern\":\"^(.*)$\"},\"sections\":{\"type\":\"array\",\"title\":\"sections\",\"properties\":{},\"items\":{\"type\":\"object\",\"properties\":{\"activityTitle\":{\"type\":\"string\",\"title\":\"activityTitle\",\"default\":\"\",\"examples\":[\"Marketplace Product Review\"],\"properties\":{},\"pattern\":\"^(.*)$\"},\"activitySubtitle\":{\"type\":\"string\",\"title\":\"activitySubtitle\",\"default\":\"\",\"examples\":[\"Moderated Content Detected for Review titled: ['This product sucks'](https://www.google.com)\"],\"properties\":{},\"pattern\":\"^(.*)$\"},\"activityImage\":{\"type\":\"string\",\"title\":\"activityImage\",\"default\":\"\",\"examples\":[\"https://i.imgur.com/oMi8AI6.png\"],\"properties\":{},\"pattern\":\"^(.*)$\"},\"facts\":{\"type\":\"array\",\"title\":\"facts\",\"properties\":{},\"items\":{\"type\":\"object\",\"properties\":{\"name\":{\"type\":\"string\",\"title\":\"name\",\"default\":\"\",\"examples\":[\"PII:\"],\"properties\":{},\"pattern\":\"^(.*)$\"},\"value\":{\"type\":\"string\",\"title\":\"value\",\"default\":\"\",\"examples\":[\"Detected\"],\"properties\":{},\"pattern\":\"^(.*)$\"}}}},\"markdown\":{\"type\":\"boolean\",\"title\":\"markdown\",\"default\":false,\"examples\":[false,true],\"properties\":{}}}}}}}",
    "null" : false
  },
  "source_schema" : "{    \"@type\": \"MessageCard\",    \"@context\": \"http://schema.org/extensions\",    \"themeColor\": \"0076D7\",    \"summary\": \"Marketplace Product Review\",    \"sections\": [{        \"activityTitle\": \"Marketplace Product Review\",        \"activitySubtitle\": \"Moderated Content Detected for Review titled: ['This product sucks'](https://www.google.com)\",        \"activityImage\": \"https://i.imgur.com/oMi8AI6.png\",        \"facts\": [{            \"name\": \"Sentiment:\",            \"value\": \"Negative\"        }, {            \"name\": \"Toxicity:\",            \"value\": \"0.6104000210762024\"        }, {            \"name\": \"PII:\",            \"value\": \"Detected\"        }],        \"markdown\": true    }]}",
  "type" : "custom",
  "doc_type" : null,
  "source_type" : "jsonsample",
  "ignore_missing_schemas" : false,
  "has_ref_schemas" : null,
  "flat_file_config" : null,
  "active" : true,
  "is_changed" : false,
  "tag" : "EMPTY",
  "comment" : null,
  "base_tag" : "V48"
}