{
  "document_type_id" : "c677dbe4-8ede-4f83-8c9b-2ca53151b6bc",
  "name" : "MSTeamsBodyFact",
  "description" : "MSTeamsBodyFact",
  "version" : null,
  "business_document_type_id" : null,
  "document_format_id" : "edc154a0-55fc-11e9-8647-d663bd873d93",
  "root_tag" : null,
  "structure" : {
    "type" : "jsonb",
    "value" : "[{\"key\": \"/name\", \"type\": \"string\", \"order\": 1.0, \"title\": \"name\", \"value\": {\"type\": \"string\", \"requiredFlag\": false}, \"isLeaf\": true, \"childrenSet\": false, \"hasChildren\": false, \"dataElementType\": \"string\"}, {\"key\": \"/value\", \"type\": \"string\", \"order\": 2.0, \"title\": \"value\", \"value\": {\"type\": \"string\", \"requiredFlag\": false}, \"isLeaf\": true, \"childrenSet\": false, \"hasChildren\": false, \"dataElementType\": \"string\"}]",
    "null" : false
  },
  "key_fields" : null,
  "schema" : {
    "type" : "json",
    "value" : "{\"$id\":\"MSTeamsBodyFact\",\"$schema\":\"http://json-schema.org/draft-07/schema#\",\"type\":\"object\",\"properties\":{\"name\":{\"type\":\"string\",\"title\":\"name\",\"default\":\"\",\"examples\":[\"Sentiment:\"],\"properties\":{},\"pattern\":\"^(.*)$\"},\"value\":{\"type\":\"string\",\"title\":\"value\",\"default\":\"\",\"examples\":[\"Negative\"],\"properties\":{},\"pattern\":\"^(.*)$\"}}}",
    "null" : false
  },
  "source_schema" : "{  \"name\": \"Sentiment:\",  \"value\": \"Negative\"}",
  "type" : "custom",
  "doc_type" : null,
  "source_type" : "jsonsample",
  "ignore_missing_schemas" : false,
  "has_ref_schemas" : null,
  "flat_file_config" : null,
  "active" : true,
  "is_changed" : false,
  "tag" : "EMPTY",
  "comment" : null,
  "base_tag" : "V48"
}