{
  "urls": "axway-fr3-check.prod.integration.us.axway.com,axway-fr3-design.prod.integration.us.axway.com,axway-fr3-live.prod.integration.us.axway.com",
  "domains": "cx3-c,cx3-d,cx3-l",
  "projects": [
    {
      "projectId": "5e4ed772-e812-4368-9b48-c95ba4e3ec23",
      "projectName": "AmplifyCentralIntegrationExamples",
      "projectVersion": "V15"
    },
    {
      "projectId": "15dcb596-cc03-4642-b9df-9dc44a64ee86",
      "projectName": "AmplifyCentralIntegrationUtils",
      "projectVersion": "V15"
    }
  ]
}