{
  "id" : "c0307695-a9cd-404a-a0b0-e3c17dd1aebd",
  "name" : "Amazon S3",
  "description" : "Amazon S3 Connection (LBH)",
  "connection_config" : null,
  "endpoint_type_id" : "0f4c7817-64bd-430d-9175-2f67c50bc245",
  "enabled" : true,
  "bean_name" : "AmazonS3-48fefea4-af7d-4d54-98b1-d476a90d33f3",
  "status" : {
    "type" : "jsonb",
    "value" : "{\"112c1cb8-4b9e-4d1a-a042-0bd031dc7d05\": true, \"81e359da-9454-40ba-b968-1273a3b8e37b\": true, \"bdf2e4f5-a195-40b5-a82a-1d76ab30e077\": true}",
    "null" : false
  },
  "auth_token_config" : {
    "type" : "jsonb",
    "value" : "{}",
    "null" : false
  },
  "avatar_id" : null,
  "tag" : "EMPTY",
  "active" : true,
  "is_changed" : false,
  "comment" : null,
  "is_error" : false,
  "base_tag" : "V48"
}