{
  "id" : "b31aabbd-1f80-48b1-9ec3-f9aee27961a3",
  "name" : "MongoDBAtlas LBG AmplifyAudit",
  "description" : "MongoDBAtlas LBG AmplifyAudit",
  "connection_config" : null,
  "endpoint_type_id" : "82a82073-d257-4b84-91ec-cc565984489c",
  "enabled" : true,
  "bean_name" : "Mongodb-364ebf68-8887-4a7d-b34d-8c37f6567310",
  "status" : {
    "type" : "jsonb",
    "value" : "{\"112c1cb8-4b9e-4d1a-a042-0bd031dc7d05\": true, \"81e359da-9454-40ba-b968-1273a3b8e37b\": true, \"bdf2e4f5-a195-40b5-a82a-1d76ab30e077\": true}",
    "null" : false
  },
  "auth_token_config" : {
    "type" : "jsonb",
    "value" : "{}",
    "null" : false
  },
  "avatar_id" : null,
  "tag" : "EMPTY",
  "active" : true,
  "is_changed" : false,
  "comment" : null,
  "is_error" : false,
  "base_tag" : "V48"
}