{
  "id" : "4d3c0dd9-82f2-4f92-942a-2b24b8cc926e",
  "name" : "ServiceNow LBG",
  "description" : "ServiceNow LBG",
  "connection_config" : null,
  "endpoint_type_id" : "5b046a75-74d6-4279-a621-41f53ae76f10",
  "enabled" : true,
  "bean_name" : "ServiceNow-62eeb61c-a824-4716-baaa-0af3d81b2661",
  "status" : {
    "type" : "jsonb",
    "value" : "{\"112c1cb8-4b9e-4d1a-a042-0bd031dc7d05\": true, \"81e359da-9454-40ba-b968-1273a3b8e37b\": true, \"bdf2e4f5-a195-40b5-a82a-1d76ab30e077\": true}",
    "null" : false
  },
  "auth_token_config" : {
    "type" : "jsonb",
    "value" : "{}",
    "null" : false
  },
  "avatar_id" : null,
  "tag" : "EMPTY",
  "active" : true,
  "is_changed" : true,
  "comment" : null,
  "is_error" : false,
  "base_tag" : "V48"
}