{
  "component_config_id" : "6361684d-1b62-4363-a7bf-9d3b62a391f0",
  "endpoint_config_json" : {
    "type" : "jsonb",
    "value" : "{\"crossRef\": [], \"services\": [], \"multistep\": [], \"operations\": []}",
    "null" : false
  },
  "input_config_json" : {
    "type" : "jsonb",
    "value" : "{\"crossRef\": [], \"services\": [], \"multistep\": [], \"operations\": []}",
    "null" : false
  },
  "output_config_json" : {
    "type" : "jsonb",
    "value" : "{\"crossRef\": [], \"services\": [], \"multistep\": [], \"operations\": [{\"map\": {\"id\": \"f9a8154a-ef94-41b5-95e1-118b1e4c84be\", \"root\": false, \"type\": \"list\", \"cached\": false, \"source\": \"/GetProductFromSubscriptionInput/Subscription/metadata/references[]/selfLink\", \"target\": \"/ProductSelfLink\", \"mapNull\": false, \"disabled\": false, \"expression\": \"%{/GetProductFromSubscriptionInput/Subscription/metadata/references[]/kind}% == \\\"Product\\\" \", \"extractXml\": false, \"extractJson\": false, \"targetOrder\": 1.0, \"mapEmptyString\": false, \"sourceJavaType\": \"java.lang.String\", \"targetJavaType\": \"java.lang.String\"}}]}",
    "null" : false
  },
  "component_id" : "8ac5fe03-27a2-4e6a-a449-6a8893818223",
  "service_id" : "c0b25e12-edeb-486b-a046-38bc1bee13cf",
  "endpoint_id" : null,
  "parent_component_config_id" : null,
  "component_config_order" : 1.0,
  "action_id" : "06843b78-eab0-45da-afab-8c8277d7553f",
  "name" : "Get product Selflink",
  "description" : "",
  "override_endpoint" : false,
  "input_structure_json" : {
    "type" : "jsonb",
    "value" : "{\"maps\": [], \"mappedNodes\": [\"/GetProductFromSubscriptionInput/Subscription/metadata/references[]/selfLink pipeIn\", \"/ProductSelfLinkpipeOut\"]}",
    "null" : false
  },
  "output_structure_json" : {
    "type" : "jsonb",
    "value" : "{\"maps\": [{\"/ProductSelfLink\": [{\"type\": \"list\", \"source\": {\"path\": \"/GetProductFromSubscriptionInput/Subscription/metadata/references[]/selfLink\", \"title\": \"selfLink\", \"dataElementType\": \"string\"}, \"target\": {\"path\": \"/ProductSelfLink\", \"order\": 1, \"title\": \"ProductSelfLink\", \"dataElementType\": \"string\"}, \"mapCondition\": {\"defaultValue\": null, \"isConditionSet\": true, \"sourceTreeIndex\": [{\"key\": 1, \"title\": \"GetProductFromSubscriptionInput\", \"isLeaf\": false, \"isArray\": false, \"children\": [{\"key\": 2, \"title\": \"Subscription\", \"isLeaf\": false, \"isArray\": false, \"children\": [{\"key\": 3, \"title\": \"metadata\", \"isLeaf\": false, \"isArray\": false, \"children\": [{\"key\": 4, \"title\": \"references\", \"isLeaf\": false, \"isArray\": true, \"children\": [{\"key\": 5, \"title\": \"selfLink\", \"isLeaf\": false, \"isArray\": false, \"expanded\": true, \"parentKey\": 4}], \"expanded\": true, \"parentKey\": 3, \"arrayIndex\": null}], \"expanded\": true, \"parentKey\": 2}], \"expanded\": true, \"parentKey\": 1}], \"expanded\": true, \"parentKey\": 0}], \"targetTreeIndex\": [{\"key\": 1, \"title\": \"ProductSelfLink\", \"isLeaf\": false, \"isArray\": false, \"expanded\": true, \"parentKey\": 0}], \"mapConditionFormValue\": {\"fields\": [{\"id\": 1, \"path\": \"%{/GetProductFromSubscriptionInput/Subscription/metadata/references[]/kind}%\", \"field\": \"/GetProductFromSubscriptionInput/Subscription/metadata/references[]/kind\", \"value\": \"Product\", \"isGroup\": false, \"children\": null, \"operator\": \"==\", \"operation\": \"&&\", \"isTreeChecked\": \"\", \"dataElementType\": \"string\"}]}}}]}], \"tracks\": {}, \"transformer\": []}",
    "null" : false
  },
  "endpoint_structure_json" : {
    "type" : "jsonb",
    "value" : "{\"maps\": []}",
    "null" : false
  },
  "is_error" : false,
  "no_of_errors" : 0,
  "action_input_type" : null,
  "config_service_id" : null,
  "config_imap_id" : null,
  "config_b2b_document_type_id" : null,
  "config_document_id" : null,
  "add_variables" : {
    "type" : "jsonb",
    "value" : "[{\"id\": \"356766ed-32d4-4e0f-91dc-d65af549286c\", \"key\": \"/ProductSelfLink\", \"type\": \"node\", \"order\": 1, \"title\": \"ProductSelfLink\", \"value\": {\"type\": \"string\"}, \"children\": [], \"editAllow\": true, \"componentName\": \"Get product Selflink\", \"dataElementType\": \"string\", \"componentConfigId\": \"6361684d-1b62-4363-a7bf-9d3b62a391f0\", \"componentConfigName\": \"Map\"}]",
    "null" : false
  },
  "drop_variables" : {
    "type" : "jsonb",
    "value" : "[]",
    "null" : false
  },
  "plug_input_structure" : null,
  "plug_output_structure" : null,
  "config_plug_id" : null,
  "override_plug" : false,
  "config_java_service_id" : null,
  "service_tag" : "EMPTY",
  "endpoint_tag" : "EMPTY",
  "config_service_tag" : "EMPTY",
  "config_imap_tag" : "EMPTY",
  "config_b2b_document_type_tag" : "EMPTY",
  "active" : true,
  "parent_component_config_service_tag" : "EMPTY",
  "service_project_id" : "15dcb596-cc03-4642-b9df-9dc44a64ee86",
  "service_project_tag" : "EMPTY",
  "config_service_project_id" : null,
  "config_service_project_tag" : "EMPTY",
  "config_imap_project_id" : null,
  "config_imap_project_tag" : "EMPTY",
  "config_b2b_document_type_project_id" : null,
  "config_b2b_document_type_project_tag" : "EMPTY",
  "endpoint_project_id" : null,
  "endpoint_project_tag" : "EMPTY",
  "config_plug_tag" : "EMPTY",
  "config_plug_project_id" : null,
  "config_plug_project_tag" : "EMPTY",
  "config_java_service_tag" : "EMPTY",
  "config_java_service_project_id" : null,
  "config_java_service_project_tag" : "EMPTY",
  "disabled" : false,
  "config" : null,
  "config_b2b_document_type_project_mode_id" : "112c1cb8-4b9e-4d1a-a042-0bd031dc7d05",
  "config_imap_project_mode_id" : "112c1cb8-4b9e-4d1a-a042-0bd031dc7d05",
  "config_java_service_project_mode_id" : "112c1cb8-4b9e-4d1a-a042-0bd031dc7d05",
  "config_plug_project_mode_id" : "112c1cb8-4b9e-4d1a-a042-0bd031dc7d05",
  "config_service_project_mode_id" : "112c1cb8-4b9e-4d1a-a042-0bd031dc7d05",
  "endpoint_project_mode_id" : "112c1cb8-4b9e-4d1a-a042-0bd031dc7d05",
  "service_project_mode_id" : "112c1cb8-4b9e-4d1a-a042-0bd031dc7d05",
  "parent_component_config_service_project_mode_id" : "112c1cb8-4b9e-4d1a-a042-0bd031dc7d05",
  "is_audit" : true,
  "keys_with_order" : null
}