{
  "component_config_id" : "4ccafce1-df1b-4c3e-89f9-b53cf1b7828f",
  "endpoint_config_json" : {
    "type" : "jsonb",
    "value" : "{\"crossRef\": [], \"services\": [], \"multistep\": [], \"operations\": []}",
    "null" : false
  },
  "input_config_json" : {
    "type" : "jsonb",
    "value" : "{\"crossRef\": [], \"services\": [], \"multistep\": [], \"operations\": [{\"map\": {\"id\": \"a41beec6-ff3a-43d6-ac07-d1560aea3323\", \"root\": false, \"type\": \"map\", \"cached\": false, \"source\": \"/GetAPIServiceRevisionFromSelfLinkInput/selfLink\", \"target\": \"/HTTPSGetInput/basePath\", \"mapNull\": false, \"disabled\": false, \"extractXml\": false, \"extractJson\": false, \"targetOrder\": 3.0, \"mapEmptyString\": false, \"sourceJavaType\": \"java.lang.String\", \"targetJavaType\": \"java.lang.String\"}}, {\"map\": {\"id\": \"cb8dff15-7ba4-466a-ba6a-263906d0965d\", \"root\": false, \"type\": \"setValue\", \"cached\": false, \"target\": \"/HTTPSGetInput/headers/Content-Type\", \"mapNull\": false, \"disabled\": false, \"extractXml\": false, \"extractJson\": false, \"targetOrder\": 6.0, \"targetValue\": \"application/json\", \"mapEmptyString\": false, \"targetJavaType\": \"java.lang.String\", \"variableSubstitution\": false}}, {\"map\": {\"id\": \"d6f0bd1c-ad51-43d3-b4ec-8e1acde970ee\", \"root\": false, \"type\": \"setValue\", \"cached\": false, \"target\": \"/HTTPSGetInput/headers/Accept\", \"mapNull\": false, \"disabled\": false, \"extractXml\": false, \"extractJson\": false, \"targetOrder\": 7.0, \"targetValue\": \"application/json\", \"mapEmptyString\": false, \"targetJavaType\": \"java.lang.String\", \"variableSubstitution\": false}}]}",
    "null" : false
  },
  "output_config_json" : {
    "type" : "jsonb",
    "value" : "{\"crossRef\": [], \"services\": [], \"multistep\": [], \"operations\": [{\"map\": {\"id\": \"c261f0ad-a34b-4464-b273-15085d568bba\", \"root\": true, \"type\": \"map\", \"cached\": false, \"source\": \"/HTTPSGetOutput\", \"target\": \"/HTTPSGetOutput\", \"mapNull\": false, \"disabled\": false, \"extractXml\": false, \"extractJson\": false, \"mapEmptyString\": false}}]}",
    "null" : false
  },
  "component_id" : "1dd81dfd-e452-4eb3-bbd7-bc6f0da00cbd",
  "service_id" : "667bdbed-4084-44fd-bd43-ccd9dbcae155",
  "endpoint_id" : "ca0d1799-c0e1-421b-85a4-70a6a49bc9dd",
  "parent_component_config_id" : null,
  "component_config_order" : 1.0,
  "action_id" : "1b4bc7a2-679b-4779-ad98-79fc11210459",
  "name" : "Get APIServiceRevision",
  "description" : "",
  "override_endpoint" : false,
  "input_structure_json" : {
    "type" : "jsonb",
    "value" : "{\"maps\": [{\"/HTTPSGetInput/basePath\": [{\"type\": \"map\", \"source\": {\"path\": \"/GetAPIServiceRevisionFromSelfLinkInput/selfLink\", \"title\": \"selfLink\", \"dataElementType\": \"string\"}, \"target\": {\"path\": \"/HTTPSGetInput/basePath\", \"order\": 3, \"title\": \"basePath\", \"dataElementType\": \"string\"}, \"mapCondition\": {\"isConditionSet\": false, \"sourceTreeIndex\": [], \"targetTreeIndex\": [], \"mapConditionFormValue\": {}}}]}, {\"/HTTPSGetInput/headers/Content-Type\": [{\"type\": \"setValue\", \"target\": {\"path\": \"/HTTPSGetInput/headers/Content-Type\", \"order\": 6, \"title\": \"Content-Type\", \"dataElementType\": \"string\"}, \"values\": [{\"id\": \"ce26a4cf-0625-4927-8672-a07a9493206e\", \"key\": \"/HTTPSGetInput/headers/Content-Type\", \"type\": \"string\", \"order\": 6, \"title\": \"Content-Type\", \"isLeaf\": true, \"setValue\": null, \"uiElement\": \"application/json\", \"isSetValue\": false, \"childrenSet\": false, \"hasChildren\": false, \"dataElementType\": \"string\"}], \"mapCondition\": {\"isConditionSet\": false, \"sourceTreeIndex\": [], \"targetTreeIndex\": [], \"mapConditionFormValue\": {}}, \"variableSubstitution\": false, \"overwritePipelineValue\": false}]}, {\"/HTTPSGetInput/headers/Accept\": [{\"type\": \"setValue\", \"target\": {\"path\": \"/HTTPSGetInput/headers/Accept\", \"order\": 7, \"title\": \"Accept\", \"dataElementType\": \"string\"}, \"values\": [{\"id\": \"e1e425d9-c8ad-4050-846a-669b45706a24\", \"key\": \"/HTTPSGetInput/headers/Accept\", \"type\": \"string\", \"order\": 7, \"title\": \"Accept\", \"isLeaf\": true, \"setValue\": null, \"uiElement\": \"application/json\", \"isSetValue\": false, \"childrenSet\": false, \"hasChildren\": false, \"dataElementType\": \"string\"}], \"mapCondition\": {\"isConditionSet\": false, \"sourceTreeIndex\": [], \"targetTreeIndex\": [], \"mapConditionFormValue\": {}}, \"variableSubstitution\": false, \"overwritePipelineValue\": false}]}], \"mappedNodes\": [\"/HTTPSGetOutput\", \"/HTTPSGetOutputpipeOut\", \"/GetAPIServiceRevisionFromSelfLinkInput/selfLink pipeIn\", \"/HTTPSGetInput/basePath actionIn\", \"/HTTPSGetInput/headers/Content-Type actionIn\", \"/HTTPSGetInput/headers actionIn\", \"/HTTPSGetInput actionIn\", \"/HTTPSGetInput/headers/Accept actionIn\", \"/HTTPSGetInput/headers actionIn\", \"/HTTPSGetInput actionIn\"]}",
    "null" : false
  },
  "output_structure_json" : {
    "type" : "jsonb",
    "value" : "{\"maps\": [{\"/HTTPSGetOutput\": [{\"type\": \"map\", \"source\": {\"path\": \"/HTTPSGetOutput\", \"title\": \"HTTPSGetOutput\", \"dataElementType\": \"document\"}, \"target\": {\"path\": \"/HTTPSGetOutput\", \"alias\": null, \"order\": null, \"title\": \"HTTPSGetOutput\", \"dataElementType\": \"document\"}, \"mapCondition\": {\"mapNull\": null, \"defaultValue\": null, \"isConditionSet\": false, \"mapEmptyString\": null, \"sourceTreeIndex\": [], \"targetTreeIndex\": [], \"mapConditionFormValue\": {\"fields\": null}}}]}], \"tracks\": {}, \"transformer\": []}",
    "null" : false
  },
  "endpoint_structure_json" : {
    "type" : "jsonb",
    "value" : "{\"maps\": []}",
    "null" : false
  },
  "is_error" : false,
  "no_of_errors" : 0,
  "action_input_type" : null,
  "config_service_id" : null,
  "config_imap_id" : null,
  "config_b2b_document_type_id" : null,
  "config_document_id" : null,
  "add_variables" : {
    "type" : "jsonb",
    "value" : "[]",
    "null" : false
  },
  "drop_variables" : {
    "type" : "jsonb",
    "value" : "[]",
    "null" : false
  },
  "plug_input_structure" : null,
  "plug_output_structure" : null,
  "config_plug_id" : null,
  "override_plug" : false,
  "config_java_service_id" : null,
  "service_tag" : "EMPTY",
  "endpoint_tag" : "EMPTY",
  "config_service_tag" : "EMPTY",
  "config_imap_tag" : "EMPTY",
  "config_b2b_document_type_tag" : "EMPTY",
  "active" : true,
  "parent_component_config_service_tag" : "EMPTY",
  "service_project_id" : "15dcb596-cc03-4642-b9df-9dc44a64ee86",
  "service_project_tag" : "EMPTY",
  "config_service_project_id" : null,
  "config_service_project_tag" : "EMPTY",
  "config_imap_project_id" : null,
  "config_imap_project_tag" : "EMPTY",
  "config_b2b_document_type_project_id" : null,
  "config_b2b_document_type_project_tag" : "EMPTY",
  "endpoint_project_id" : "15dcb596-cc03-4642-b9df-9dc44a64ee86",
  "endpoint_project_tag" : "EMPTY",
  "config_plug_tag" : "EMPTY",
  "config_plug_project_id" : null,
  "config_plug_project_tag" : "EMPTY",
  "config_java_service_tag" : "EMPTY",
  "config_java_service_project_id" : null,
  "config_java_service_project_tag" : "EMPTY",
  "disabled" : false,
  "config" : {
    "type" : "json",
    "value" : "{}",
    "null" : false
  },
  "config_b2b_document_type_project_mode_id" : "112c1cb8-4b9e-4d1a-a042-0bd031dc7d05",
  "config_imap_project_mode_id" : "112c1cb8-4b9e-4d1a-a042-0bd031dc7d05",
  "config_java_service_project_mode_id" : "112c1cb8-4b9e-4d1a-a042-0bd031dc7d05",
  "config_plug_project_mode_id" : "112c1cb8-4b9e-4d1a-a042-0bd031dc7d05",
  "config_service_project_mode_id" : "112c1cb8-4b9e-4d1a-a042-0bd031dc7d05",
  "endpoint_project_mode_id" : "112c1cb8-4b9e-4d1a-a042-0bd031dc7d05",
  "service_project_mode_id" : "112c1cb8-4b9e-4d1a-a042-0bd031dc7d05",
  "parent_component_config_service_project_mode_id" : "112c1cb8-4b9e-4d1a-a042-0bd031dc7d05",
  "is_audit" : true,
  "keys_with_order" : null
}