{
  "component_config_id" : "9f01f132-4d7c-48ba-92ed-c0e284c1bf6c",
  "endpoint_config_json" : {
    "type" : "jsonb",
    "value" : "{\"crossRef\": [], \"services\": [], \"multistep\": [], \"operations\": []}",
    "null" : false
  },
  "input_config_json" : {
    "type" : "jsonb",
    "value" : "{\"crossRef\": [], \"services\": [], \"multistep\": [], \"operations\": []}",
    "null" : false
  },
  "output_config_json" : {
    "type" : "jsonb",
    "value" : "{\"crossRef\": [], \"services\": [], \"multistep\": [], \"operations\": [{\"map\": {\"id\": \"131809fc-5465-427a-a5fc-4798fc7faf1a\", \"root\": false, \"type\": \"map\", \"cached\": false, \"source\": \"/GetSubscriptionDetailsFromSubscriptionPayloadInput/SubscriptionPayload/title\", \"target\": \"/GetSubscriptionDetailsFromSubscriptionPayloadOutput/SubscriptionName\", \"mapNull\": false, \"disabled\": false, \"extractXml\": false, \"extractJson\": false, \"targetOrder\": 1.0, \"mapEmptyString\": false, \"sourceJavaType\": \"java.lang.String\", \"targetJavaType\": \"java.lang.String\"}}, {\"map\": {\"id\": \"a6691346-ddf8-447c-a156-d4bd3881329b\", \"root\": false, \"type\": \"map\", \"cached\": false, \"source\": \"/GetSubscriptionDetailsFromSubscriptionPayloadInput/SubscriptionPayload/metadata/audit/createTimestamp\", \"target\": \"/GetSubscriptionDetailsFromSubscriptionPayloadOutput/SubscriptionCreateDate\", \"mapNull\": false, \"disabled\": false, \"extractXml\": false, \"extractJson\": false, \"targetOrder\": 1.0, \"mapEmptyString\": false, \"sourceJavaType\": \"java.lang.String\", \"targetJavaType\": \"java.lang.String\"}}, {\"map\": {\"id\": \"63795116-9fb4-4645-bc59-1a90db07a0af\", \"root\": false, \"type\": \"map\", \"cached\": false, \"source\": \"/GetSubscriptionDetailsFromSubscriptionPayloadInput/SubscriptionPayload/metadata/audit/modifyTimestamp\", \"target\": \"/GetSubscriptionDetailsFromSubscriptionPayloadOutput/SubscriptionUpdateDate\", \"mapNull\": false, \"disabled\": false, \"extractXml\": false, \"extractJson\": false, \"targetOrder\": 1.0, \"mapEmptyString\": false, \"sourceJavaType\": \"java.lang.String\", \"targetJavaType\": \"java.lang.String\"}}, {\"map\": {\"id\": \"98a3dab1-ee8c-4d5c-8735-8a235f96f3ca\", \"root\": false, \"type\": \"map\", \"cached\": false, \"source\": \"/GetSubscriptionDetailsFromSubscriptionPayloadInput/SubscriptionPayload/metadata/audit/createUserId\", \"target\": \"/GetSubscriptionDetailsFromSubscriptionPayloadOutput/SubscriptionCreatorUserId\", \"mapNull\": false, \"disabled\": false, \"extractXml\": false, \"extractJson\": false, \"targetOrder\": 1.0, \"mapEmptyString\": false, \"sourceJavaType\": \"java.lang.String\", \"targetJavaType\": \"java.lang.String\"}}, {\"map\": {\"id\": \"47cf51d4-a03d-4082-9f20-4898ba71b4b9\", \"root\": false, \"type\": \"map\", \"cached\": false, \"source\": \"/GetSubscriptionDetailsFromSubscriptionPayloadInput/SubscriptionPayload/metadata/audit/modifyUserId\", \"target\": \"/GetSubscriptionDetailsFromSubscriptionPayloadOutput/SubscriptionUpdaterUserId\", \"mapNull\": false, \"disabled\": false, \"extractXml\": false, \"extractJson\": false, \"targetOrder\": 1.0, \"mapEmptyString\": false, \"sourceJavaType\": \"java.lang.String\", \"targetJavaType\": \"java.lang.String\"}}, {\"map\": {\"id\": \"07bddef1-30bb-4d63-bed0-cdf248bc22e3\", \"root\": false, \"type\": \"map\", \"cached\": false, \"source\": \"/GetSubscriptionDetailsFromSubscriptionPayloadInput/SubscriptionPayload/approval/state\", \"target\": \"/GetSubscriptionDetailsFromSubscriptionPayloadOutput/SubscriptionApprovalState\", \"mapNull\": false, \"disabled\": false, \"extractXml\": false, \"extractJson\": false, \"targetOrder\": 1.0, \"mapEmptyString\": false, \"sourceJavaType\": \"java.lang.String\", \"targetJavaType\": \"java.lang.String\"}}, {\"map\": {\"id\": \"abb66e9e-8d5e-4843-a3d6-237fa9a8673c\", \"root\": false, \"type\": \"map\", \"cached\": false, \"source\": \"/GetSubscriptionDetailsFromSubscriptionPayloadInput/SubscriptionPayload/metadata/selfLink\", \"target\": \"/GetSubscriptionDetailsFromSubscriptionPayloadOutput/SubscriptionSelfLink\", \"mapNull\": false, \"disabled\": false, \"extractXml\": false, \"extractJson\": false, \"targetOrder\": 1.0, \"mapEmptyString\": false, \"sourceJavaType\": \"java.lang.String\", \"targetJavaType\": \"java.lang.String\"}}, {\"map\": {\"id\": \"475ec19a-22cb-400f-b9a5-2129802dd6e8\", \"root\": false, \"type\": \"map\", \"cached\": false, \"source\": \"/GetSubscriptionDetailsFromSubscriptionPayloadInput/SubscriptionPayload/metadata/id\", \"target\": \"/GetSubscriptionDetailsFromSubscriptionPayloadOutput/SubscriptionId\", \"mapNull\": false, \"disabled\": false, \"extractXml\": false, \"extractJson\": false, \"targetOrder\": 1.0, \"mapEmptyString\": false, \"sourceJavaType\": \"java.lang.String\", \"targetJavaType\": \"java.lang.String\"}}, {\"map\": {\"id\": \"427e8b15-c260-467b-b14d-c4c92d584e2a\", \"root\": false, \"type\": \"map\", \"cached\": false, \"source\": \"/GetSubscriptionDetailsFromSubscriptionPayloadInput/SubscriptionPayload/approval/reason\", \"target\": \"/GetSubscriptionDetailsFromSubscriptionPayloadOutput/SubscriptionComment\", \"mapNull\": false, \"disabled\": false, \"extractXml\": false, \"extractJson\": false, \"targetOrder\": 1.0, \"mapEmptyString\": false, \"sourceJavaType\": \"java.lang.String\", \"targetJavaType\": \"java.lang.String\"}}]}",
    "null" : false
  },
  "component_id" : "8ac5fe03-27a2-4e6a-a449-6a8893818223",
  "service_id" : "ea7b2bd3-d00f-43bb-b759-0d0e0eebfef9",
  "endpoint_id" : null,
  "parent_component_config_id" : null,
  "component_config_order" : 1.0,
  "action_id" : "06843b78-eab0-45da-afab-8c8277d7553f",
  "name" : "Map output vars",
  "description" : "",
  "override_endpoint" : false,
  "input_structure_json" : {
    "type" : "jsonb",
    "value" : "{\"maps\": [], \"mappedNodes\": [\"/GetSubscriptionDetailsFromSubscriptionPayloadInput/SubscriptionPayload/title pipeIn\", \"/GetSubscriptionDetailsFromSubscriptionPayloadOutput/SubscriptionNamepipeOut\", \"/GetSubscriptionDetailsFromSubscriptionPayloadInput/SubscriptionPayload/metadata/audit/createTimestamp pipeIn\", \"/GetSubscriptionDetailsFromSubscriptionPayloadOutput/SubscriptionCreateDatepipeOut\", \"/GetSubscriptionDetailsFromSubscriptionPayloadInput/SubscriptionPayload/metadata/audit/modifyTimestamp pipeIn\", \"/GetSubscriptionDetailsFromSubscriptionPayloadOutput/SubscriptionUpdateDatepipeOut\", \"/GetSubscriptionDetailsFromSubscriptionPayloadInput/SubscriptionPayload/metadata/audit/createUserId pipeIn\", \"/GetSubscriptionDetailsFromSubscriptionPayloadOutput/SubscriptionCreatorUserIdpipeOut\", \"/GetSubscriptionDetailsFromSubscriptionPayloadInput/SubscriptionPayload/metadata/audit/modifyUserId pipeIn\", \"/GetSubscriptionDetailsFromSubscriptionPayloadOutput/SubscriptionUpdaterUserIdpipeOut\", \"/GetSubscriptionDetailsFromSubscriptionPayloadInput/SubscriptionPayload/approval/state pipeIn\", \"/GetSubscriptionDetailsFromSubscriptionPayloadOutput/SubscriptionApprovalStatepipeOut\", \"/GetSubscriptionDetailsFromSubscriptionPayloadInput/SubscriptionPayload/metadata/selfLink pipeIn\", \"/GetSubscriptionDetailsFromSubscriptionPayloadOutput/SubscriptionSelfLinkpipeOut\", \"/GetSubscriptionDetailsFromSubscriptionPayloadInput/SubscriptionPayload/metadata/id pipeIn\", \"/GetSubscriptionDetailsFromSubscriptionPayloadOutput/SubscriptionIdpipeOut\", \"/GetSubscriptionDetailsFromSubscriptionPayloadInput/SubscriptionPayload/approval/reason pipeIn\", \"/GetSubscriptionDetailsFromSubscriptionPayloadOutput/SubscriptionCommentpipeOut\"]}",
    "null" : false
  },
  "output_structure_json" : {
    "type" : "jsonb",
    "value" : "{\"maps\": [{\"/GetSubscriptionDetailsFromSubscriptionPayloadOutput/SubscriptionName\": [{\"type\": \"map\", \"source\": {\"path\": \"/GetSubscriptionDetailsFromSubscriptionPayloadInput/SubscriptionPayload/title\", \"title\": \"title\", \"dataElementType\": \"string\"}, \"target\": {\"path\": \"/GetSubscriptionDetailsFromSubscriptionPayloadOutput/SubscriptionName\", \"order\": 1, \"title\": \"SubscriptionName\", \"dataElementType\": \"string\"}, \"mapCondition\": {\"isConditionSet\": false, \"sourceTreeIndex\": [], \"targetTreeIndex\": [], \"mapConditionFormValue\": {}}}]}, {\"/GetSubscriptionDetailsFromSubscriptionPayloadOutput/SubscriptionCreateDate\": [{\"type\": \"map\", \"source\": {\"path\": \"/GetSubscriptionDetailsFromSubscriptionPayloadInput/SubscriptionPayload/metadata/audit/createTimestamp\", \"title\": \"createTimestamp\", \"dataElementType\": \"string\"}, \"target\": {\"path\": \"/GetSubscriptionDetailsFromSubscriptionPayloadOutput/SubscriptionCreateDate\", \"order\": 1, \"title\": \"SubscriptionCreateDate\", \"dataElementType\": \"string\"}, \"mapCondition\": {\"isConditionSet\": false, \"sourceTreeIndex\": [], \"targetTreeIndex\": [], \"mapConditionFormValue\": {}}}]}, {\"/GetSubscriptionDetailsFromSubscriptionPayloadOutput/SubscriptionUpdateDate\": [{\"type\": \"map\", \"source\": {\"path\": \"/GetSubscriptionDetailsFromSubscriptionPayloadInput/SubscriptionPayload/metadata/audit/modifyTimestamp\", \"title\": \"modifyTimestamp\", \"dataElementType\": \"string\"}, \"target\": {\"path\": \"/GetSubscriptionDetailsFromSubscriptionPayloadOutput/SubscriptionUpdateDate\", \"order\": 1, \"title\": \"SubscriptionUpdateDate\", \"dataElementType\": \"string\"}, \"mapCondition\": {\"isConditionSet\": false, \"sourceTreeIndex\": [], \"targetTreeIndex\": [], \"mapConditionFormValue\": {}}}]}, {\"/GetSubscriptionDetailsFromSubscriptionPayloadOutput/SubscriptionCreatorUserId\": [{\"type\": \"map\", \"source\": {\"path\": \"/GetSubscriptionDetailsFromSubscriptionPayloadInput/SubscriptionPayload/metadata/audit/createUserId\", \"title\": \"createUserId\", \"dataElementType\": \"string\"}, \"target\": {\"path\": \"/GetSubscriptionDetailsFromSubscriptionPayloadOutput/SubscriptionCreatorUserId\", \"order\": 1, \"title\": \"SubscriptionCreatorUserId\", \"dataElementType\": \"string\"}, \"mapCondition\": {\"isConditionSet\": false, \"sourceTreeIndex\": [], \"targetTreeIndex\": [], \"mapConditionFormValue\": {}}}]}, {\"/GetSubscriptionDetailsFromSubscriptionPayloadOutput/SubscriptionUpdaterUserId\": [{\"type\": \"map\", \"source\": {\"path\": \"/GetSubscriptionDetailsFromSubscriptionPayloadInput/SubscriptionPayload/metadata/audit/modifyUserId\", \"title\": \"modifyUserId\", \"dataElementType\": \"string\"}, \"target\": {\"path\": \"/GetSubscriptionDetailsFromSubscriptionPayloadOutput/SubscriptionUpdaterUserId\", \"order\": 1, \"title\": \"SubscriptionUpdaterUserId\", \"dataElementType\": \"string\"}, \"mapCondition\": {\"isConditionSet\": false, \"sourceTreeIndex\": [], \"targetTreeIndex\": [], \"mapConditionFormValue\": {}}}]}, {\"/GetSubscriptionDetailsFromSubscriptionPayloadOutput/SubscriptionApprovalState\": [{\"type\": \"map\", \"source\": {\"path\": \"/GetSubscriptionDetailsFromSubscriptionPayloadInput/SubscriptionPayload/approval/state\", \"title\": \"state\", \"dataElementType\": \"string\"}, \"target\": {\"path\": \"/GetSubscriptionDetailsFromSubscriptionPayloadOutput/SubscriptionApprovalState\", \"order\": 1, \"title\": \"SubscriptionApprovalState\", \"dataElementType\": \"string\"}, \"mapCondition\": {\"isConditionSet\": false, \"sourceTreeIndex\": [], \"targetTreeIndex\": [], \"mapConditionFormValue\": {}}}]}, {\"/GetSubscriptionDetailsFromSubscriptionPayloadOutput/SubscriptionSelfLink\": [{\"type\": \"map\", \"source\": {\"path\": \"/GetSubscriptionDetailsFromSubscriptionPayloadInput/SubscriptionPayload/metadata/selfLink\", \"title\": \"selfLink\", \"dataElementType\": \"string\"}, \"target\": {\"path\": \"/GetSubscriptionDetailsFromSubscriptionPayloadOutput/SubscriptionSelfLink\", \"order\": 1, \"title\": \"SubscriptionSelfLink\", \"dataElementType\": \"string\"}, \"mapCondition\": {\"isConditionSet\": false, \"sourceTreeIndex\": [], \"targetTreeIndex\": [], \"mapConditionFormValue\": {}}}]}, {\"/GetSubscriptionDetailsFromSubscriptionPayloadOutput/SubscriptionId\": [{\"type\": \"map\", \"source\": {\"path\": \"/GetSubscriptionDetailsFromSubscriptionPayloadInput/SubscriptionPayload/metadata/id\", \"title\": \"id\", \"dataElementType\": \"string\"}, \"target\": {\"path\": \"/GetSubscriptionDetailsFromSubscriptionPayloadOutput/SubscriptionId\", \"order\": 1, \"title\": \"SubscriptionId\", \"dataElementType\": \"string\"}, \"mapCondition\": {\"isConditionSet\": false, \"sourceTreeIndex\": [], \"targetTreeIndex\": [], \"mapConditionFormValue\": {}}}]}, {\"/GetSubscriptionDetailsFromSubscriptionPayloadOutput/SubscriptionComment\": [{\"type\": \"map\", \"source\": {\"path\": \"/GetSubscriptionDetailsFromSubscriptionPayloadInput/SubscriptionPayload/approval/reason\", \"title\": \"reason\", \"dataElementType\": \"string\"}, \"target\": {\"path\": \"/GetSubscriptionDetailsFromSubscriptionPayloadOutput/SubscriptionComment\", \"order\": 1, \"title\": \"SubscriptionComment\", \"dataElementType\": \"string\"}, \"mapCondition\": {\"isConditionSet\": false, \"sourceTreeIndex\": [], \"targetTreeIndex\": [], \"mapConditionFormValue\": {}}}]}], \"tracks\": {}, \"transformer\": []}",
    "null" : false
  },
  "endpoint_structure_json" : {
    "type" : "jsonb",
    "value" : "{\"maps\": []}",
    "null" : false
  },
  "is_error" : false,
  "no_of_errors" : 0,
  "action_input_type" : null,
  "config_service_id" : null,
  "config_imap_id" : null,
  "config_b2b_document_type_id" : null,
  "config_document_id" : null,
  "add_variables" : {
    "type" : "jsonb",
    "value" : "[]",
    "null" : false
  },
  "drop_variables" : {
    "type" : "jsonb",
    "value" : "[]",
    "null" : false
  },
  "plug_input_structure" : null,
  "plug_output_structure" : null,
  "config_plug_id" : null,
  "override_plug" : false,
  "config_java_service_id" : null,
  "service_tag" : "EMPTY",
  "endpoint_tag" : "EMPTY",
  "config_service_tag" : "EMPTY",
  "config_imap_tag" : "EMPTY",
  "config_b2b_document_type_tag" : "EMPTY",
  "active" : true,
  "parent_component_config_service_tag" : "EMPTY",
  "service_project_id" : "15dcb596-cc03-4642-b9df-9dc44a64ee86",
  "service_project_tag" : "EMPTY",
  "config_service_project_id" : null,
  "config_service_project_tag" : "EMPTY",
  "config_imap_project_id" : null,
  "config_imap_project_tag" : "EMPTY",
  "config_b2b_document_type_project_id" : null,
  "config_b2b_document_type_project_tag" : "EMPTY",
  "endpoint_project_id" : null,
  "endpoint_project_tag" : "EMPTY",
  "config_plug_tag" : "EMPTY",
  "config_plug_project_id" : null,
  "config_plug_project_tag" : "EMPTY",
  "config_java_service_tag" : "EMPTY",
  "config_java_service_project_id" : null,
  "config_java_service_project_tag" : "EMPTY",
  "disabled" : false,
  "config" : null,
  "config_b2b_document_type_project_mode_id" : "112c1cb8-4b9e-4d1a-a042-0bd031dc7d05",
  "config_imap_project_mode_id" : "112c1cb8-4b9e-4d1a-a042-0bd031dc7d05",
  "config_java_service_project_mode_id" : "112c1cb8-4b9e-4d1a-a042-0bd031dc7d05",
  "config_plug_project_mode_id" : "112c1cb8-4b9e-4d1a-a042-0bd031dc7d05",
  "config_service_project_mode_id" : "112c1cb8-4b9e-4d1a-a042-0bd031dc7d05",
  "endpoint_project_mode_id" : "112c1cb8-4b9e-4d1a-a042-0bd031dc7d05",
  "service_project_mode_id" : "112c1cb8-4b9e-4d1a-a042-0bd031dc7d05",
  "parent_component_config_service_project_mode_id" : "112c1cb8-4b9e-4d1a-a042-0bd031dc7d05",
  "is_audit" : true,
  "keys_with_order" : null
}