{
  "component_config_id" : "3c482601-7ba2-4fa9-b82d-4dd3fc4511e7",
  "endpoint_config_json" : {
    "type" : "jsonb",
    "value" : "{\"crossRef\": [], \"services\": [], \"multistep\": [], \"operations\": []}",
    "null" : false
  },
  "input_config_json" : {
    "type" : "jsonb",
    "value" : "{\"crossRef\": [], \"services\": [], \"multistep\": [], \"operations\": [{\"map\": {\"id\": \"761fd72d-e6ba-4dca-b379-5a37c8dc9ecb\", \"root\": false, \"type\": \"map\", \"cached\": false, \"source\": \"/HTTPSGetOutput/response\", \"target\": \"/jsonString\", \"mapNull\": false, \"disabled\": false, \"extractXml\": false, \"extractJson\": false, \"targetOrder\": 1.0, \"mapEmptyString\": false, \"sourceJavaType\": \"java.lang.Object\", \"targetJavaType\": \"java.lang.String\"}}]}",
    "null" : false
  },
  "output_config_json" : {
    "type" : "jsonb",
    "value" : "{\"crossRef\": [], \"services\": [], \"multistep\": [], \"operations\": [{\"map\": {\"id\": \"ea5ca169-f8a0-4131-aea8-f5be04d6b78b\", \"root\": true, \"type\": \"map\", \"cached\": false, \"source\": \"/API Spec Linting Job\", \"target\": \"/API Spec Linting Job\", \"mapNull\": false, \"disabled\": false, \"extractXml\": false, \"extractJson\": false, \"targetOrder\": 0.0, \"mapEmptyString\": false}}, {\"map\": {\"id\": \"cfa6d40c-e3ba-4169-ab54-70bb94340034\", \"root\": false, \"type\": \"map\", \"cached\": false, \"source\": \"/isValid\", \"target\": \"/isValid\", \"mapNull\": false, \"disabled\": false, \"extractXml\": false, \"extractJson\": false, \"targetOrder\": 1.0, \"mapEmptyString\": false, \"sourceJavaType\": \"java.lang.Boolean\", \"targetJavaType\": \"java.lang.Boolean\"}}, {\"map\": {\"id\": \"a33c03bd-72aa-4b0e-a57a-b985074a6493\", \"root\": true, \"type\": \"map\", \"cached\": false, \"source\": \"/Error\", \"target\": \"/Error\", \"mapNull\": false, \"disabled\": false, \"extractXml\": false, \"extractJson\": false, \"targetOrder\": 1.0, \"mapEmptyString\": false}}]}",
    "null" : false
  },
  "component_id" : "4c7b3568-6fa9-42c6-8bba-8e9e3933d6ed",
  "service_id" : "6f7cf66f-7893-4387-83cd-0893817f0852",
  "endpoint_id" : null,
  "parent_component_config_id" : null,
  "component_config_order" : 2.0,
  "action_id" : "42bc8a52-bd1d-40f7-8f58-f813690561e1",
  "name" : "Parse response",
  "description" : "",
  "override_endpoint" : false,
  "input_structure_json" : {
    "type" : "jsonb",
    "value" : "{\"maps\": [{\"/jsonString\": [{\"type\": \"map\", \"source\": {\"path\": \"/HTTPSGetOutput/response\", \"title\": \"response\", \"dataElementType\": \"object\"}, \"target\": {\"path\": \"/jsonString\", \"order\": 1, \"title\": \"jsonString\", \"dataElementType\": \"string\"}, \"mapCondition\": {\"isConditionSet\": false, \"sourceTreeIndex\": [], \"targetTreeIndex\": [], \"mapConditionFormValue\": {}}}]}], \"mappedNodes\": [\"/isValid\", \"/isValidpipeOut\", \"/Error\", \"/ErrorpipeOut\", \"/API Spec Linting JobactionOut\", \"/API Spec Linting JobpipeOut\", \"/HTTPSGetOutput/response pipeIn\", \"/jsonString actionIn\"]}",
    "null" : false
  },
  "output_structure_json" : {
    "type" : "jsonb",
    "value" : "{\"maps\": [{\"/API Spec Linting Job\": [{\"type\": \"map\", \"source\": {\"path\": \"/API Spec Linting Job\", \"title\": \"API Spec Linting Job\", \"dataElementType\": \"document\"}, \"target\": {\"path\": \"/API Spec Linting Job\", \"order\": 0, \"title\": \"API Spec Linting Job\", \"dataElementType\": \"document\"}, \"mapCondition\": {\"isConditionSet\": false, \"sourceTreeIndex\": [], \"targetTreeIndex\": [], \"mapConditionFormValue\": {}}}]}, {\"/isValid\": [{\"type\": \"map\", \"source\": {\"path\": \"/isValid\", \"title\": \"isValid\", \"dataElementType\": \"boolean\"}, \"target\": {\"path\": \"/isValid\", \"order\": 1, \"title\": \"isValid\", \"dataElementType\": \"boolean\"}, \"mapCondition\": {\"isConditionSet\": false, \"sourceTreeIndex\": [], \"targetTreeIndex\": [], \"mapConditionFormValue\": {}}}]}, {\"/Error\": [{\"type\": \"map\", \"source\": {\"path\": \"/Error\", \"title\": \"Error\", \"dataElementType\": \"document\"}, \"target\": {\"path\": \"/Error\", \"order\": 1, \"title\": \"Error\", \"dataElementType\": \"document\"}, \"mapCondition\": {\"isConditionSet\": false, \"sourceTreeIndex\": [], \"targetTreeIndex\": [], \"mapConditionFormValue\": {}}}]}], \"tracks\": {}, \"transformer\": []}",
    "null" : false
  },
  "endpoint_structure_json" : {
    "type" : "jsonb",
    "value" : "{\"maps\": []}",
    "null" : false
  },
  "is_error" : false,
  "no_of_errors" : 0,
  "action_input_type" : null,
  "config_service_id" : null,
  "config_imap_id" : null,
  "config_b2b_document_type_id" : "685b0bc4-6efd-4c9b-9116-822a30272dda",
  "config_document_id" : null,
  "add_variables" : {
    "type" : "jsonb",
    "value" : "[]",
    "null" : false
  },
  "drop_variables" : {
    "type" : "jsonb",
    "value" : "[]",
    "null" : false
  },
  "plug_input_structure" : null,
  "plug_output_structure" : null,
  "config_plug_id" : null,
  "override_plug" : false,
  "config_java_service_id" : null,
  "service_tag" : "EMPTY",
  "endpoint_tag" : "EMPTY",
  "config_service_tag" : "EMPTY",
  "config_imap_tag" : "EMPTY",
  "config_b2b_document_type_tag" : "EMPTY",
  "active" : true,
  "parent_component_config_service_tag" : "EMPTY",
  "service_project_id" : "15dcb596-cc03-4642-b9df-9dc44a64ee86",
  "service_project_tag" : "EMPTY",
  "config_service_project_id" : null,
  "config_service_project_tag" : "EMPTY",
  "config_imap_project_id" : null,
  "config_imap_project_tag" : "EMPTY",
  "config_b2b_document_type_project_id" : "15dcb596-cc03-4642-b9df-9dc44a64ee86",
  "config_b2b_document_type_project_tag" : "EMPTY",
  "endpoint_project_id" : null,
  "endpoint_project_tag" : "EMPTY",
  "config_plug_tag" : "EMPTY",
  "config_plug_project_id" : null,
  "config_plug_project_tag" : "EMPTY",
  "config_java_service_tag" : "EMPTY",
  "config_java_service_project_id" : null,
  "config_java_service_project_tag" : "EMPTY",
  "disabled" : false,
  "config" : null,
  "config_b2b_document_type_project_mode_id" : "112c1cb8-4b9e-4d1a-a042-0bd031dc7d05",
  "config_imap_project_mode_id" : "112c1cb8-4b9e-4d1a-a042-0bd031dc7d05",
  "config_java_service_project_mode_id" : "112c1cb8-4b9e-4d1a-a042-0bd031dc7d05",
  "config_plug_project_mode_id" : "112c1cb8-4b9e-4d1a-a042-0bd031dc7d05",
  "config_service_project_mode_id" : "112c1cb8-4b9e-4d1a-a042-0bd031dc7d05",
  "endpoint_project_mode_id" : "112c1cb8-4b9e-4d1a-a042-0bd031dc7d05",
  "service_project_mode_id" : "112c1cb8-4b9e-4d1a-a042-0bd031dc7d05",
  "parent_component_config_service_project_mode_id" : "112c1cb8-4b9e-4d1a-a042-0bd031dc7d05",
  "is_audit" : true,
  "keys_with_order" : null
}