{
  "component_config_id" : "f11df078-bfcc-4c35-86ba-89fe12b6281b",
  "endpoint_config_json" : {
    "type" : "jsonb",
    "value" : "{\"crossRef\": [], \"services\": [], \"multistep\": [], \"operations\": []}",
    "null" : false
  },
  "input_config_json" : {
    "type" : "jsonb",
    "value" : "{\"crossRef\": [], \"services\": [], \"multistep\": [], \"operations\": [{\"map\": {\"id\": \"fdf4730c-8d99-4193-9ac7-ca29ad4fdeba\", \"root\": false, \"type\": \"map\", \"cached\": false, \"source\": \"/HTTPSGetOutput/response\", \"target\": \"/jsonString\", \"mapNull\": false, \"disabled\": false, \"extractXml\": false, \"extractJson\": false, \"targetOrder\": 1.0, \"mapEmptyString\": false, \"sourceJavaType\": \"java.lang.Object\", \"targetJavaType\": \"java.lang.String\"}}]}",
    "null" : false
  },
  "output_config_json" : {
    "type" : "jsonb",
    "value" : "{\"crossRef\": [], \"services\": [], \"multistep\": [], \"operations\": [{\"map\": {\"id\": \"3c477ad9-8c23-4288-ae3b-b79cfd35d845\", \"root\": false, \"type\": \"map\", \"cached\": false, \"source\": \"/isValid\", \"target\": \"/isValid\", \"mapNull\": false, \"disabled\": false, \"extractXml\": false, \"extractJson\": false, \"targetOrder\": 1.0, \"mapEmptyString\": false, \"sourceJavaType\": \"java.lang.Boolean\", \"targetJavaType\": \"java.lang.Boolean\"}}, {\"map\": {\"id\": \"ad66dccb-9c0c-4d00-ae08-c863faff781e\", \"root\": true, \"type\": \"map\", \"cached\": false, \"source\": \"/Error\", \"target\": \"/Error\", \"mapNull\": false, \"disabled\": false, \"extractXml\": false, \"extractJson\": false, \"targetOrder\": 1.0, \"mapEmptyString\": false}}, {\"map\": {\"id\": \"50cf6ec4-89c5-4ca0-8c58-023b72b16dfd\", \"root\": true, \"type\": \"map\", \"cached\": false, \"source\": \"/Amplify Agents\", \"target\": \"/TraceabilityAgents\", \"mapNull\": false, \"disabled\": false, \"extractXml\": false, \"extractJson\": false, \"targetOrder\": 2.0, \"mapEmptyString\": false}}]}",
    "null" : false
  },
  "component_id" : "4c7b3568-6fa9-42c6-8bba-8e9e3933d6ed",
  "service_id" : "088b8765-4b63-42e1-a293-38ed4994d587",
  "endpoint_id" : null,
  "parent_component_config_id" : null,
  "component_config_order" : 5.0,
  "action_id" : "42bc8a52-bd1d-40f7-8f58-f813690561e1",
  "name" : "Parse response",
  "description" : "",
  "override_endpoint" : false,
  "input_structure_json" : {
    "type" : "jsonb",
    "value" : "{\"maps\": [{\"/jsonString\": [{\"type\": \"map\", \"source\": {\"path\": \"/HTTPSGetOutput/response\", \"title\": \"response\", \"dataElementType\": \"object\"}, \"target\": {\"path\": \"/jsonString\", \"order\": 1, \"title\": \"jsonString\", \"dataElementType\": \"string\"}, \"mapCondition\": {\"isConditionSet\": false, \"sourceTreeIndex\": [], \"targetTreeIndex\": [], \"mapConditionFormValue\": {}}}]}], \"mappedNodes\": [\"/isValid\", \"/isValidpipeOut\", \"/Error\", \"/ErrorpipeOut\", \"/Amplify Agents\", \"/TraceabilityAgentspipeOut\"]}",
    "null" : false
  },
  "output_structure_json" : {
    "type" : "jsonb",
    "value" : "{\"maps\": [{\"/isValid\": [{\"type\": \"map\", \"source\": {\"path\": \"/isValid\", \"title\": \"isValid\", \"dataElementType\": \"boolean\"}, \"target\": {\"path\": \"/isValid\", \"order\": 1, \"title\": \"isValid\", \"dataElementType\": \"boolean\"}, \"mapCondition\": {\"isConditionSet\": false, \"sourceTreeIndex\": [], \"targetTreeIndex\": [], \"mapConditionFormValue\": {}}}]}, {\"/Error\": [{\"type\": \"map\", \"source\": {\"path\": \"/Error\", \"title\": \"Error\", \"dataElementType\": \"document\"}, \"target\": {\"path\": \"/Error\", \"order\": 1, \"title\": \"Error\", \"dataElementType\": \"document\"}, \"mapCondition\": {\"isConditionSet\": false, \"sourceTreeIndex\": [], \"targetTreeIndex\": [], \"mapConditionFormValue\": {}}}]}, {\"/TraceabilityAgents\": [{\"type\": \"map\", \"source\": {\"path\": \"/Amplify Agents\", \"title\": \"Amplify Agents\", \"dataElementType\": \"document\"}, \"target\": {\"path\": \"/TraceabilityAgents\", \"order\": 2, \"title\": \"TraceabilityAgents\", \"dataElementType\": \"document\"}, \"mapCondition\": {\"isConditionSet\": false, \"sourceTreeIndex\": [], \"targetTreeIndex\": [], \"mapConditionFormValue\": {}}}]}], \"tracks\": {}, \"transformer\": []}",
    "null" : false
  },
  "endpoint_structure_json" : {
    "type" : "jsonb",
    "value" : "{\"maps\": []}",
    "null" : false
  },
  "is_error" : false,
  "no_of_errors" : 0,
  "action_input_type" : null,
  "config_service_id" : null,
  "config_imap_id" : null,
  "config_b2b_document_type_id" : "ec7b2b63-4db9-4b63-8fed-6d6c5994cd3d",
  "config_document_id" : null,
  "add_variables" : {
    "type" : "jsonb",
    "value" : "[{\"id\": \"73cbc7f8-9e97-4ccd-81fb-450fc804c470\", \"key\": \"/TraceabilityAgents\", \"type\": \"reference\", \"order\": 2, \"title\": \"TraceabilityAgents\", \"value\": {\"type\": \"object\"}, \"isLeaf\": false, \"children\": [], \"editAllow\": true, \"hasChildren\": false, \"projectName\": \"AmplifyCentralIntegrationUtils\", \"referenceId\": \"ec7b2b63-4db9-4b63-8fed-6d6c5994cd3d\", \"isChildrenSet\": false, \"dataObjectName\": \"Amplify Agents\", \"dataElementType\": \"document\", \"componentConfigId\": \"f11df078-bfcc-4c35-86ba-89fe12b6281b\"}]",
    "null" : false
  },
  "drop_variables" : {
    "type" : "jsonb",
    "value" : "[]",
    "null" : false
  },
  "plug_input_structure" : null,
  "plug_output_structure" : null,
  "config_plug_id" : null,
  "override_plug" : false,
  "config_java_service_id" : null,
  "service_tag" : "EMPTY",
  "endpoint_tag" : "EMPTY",
  "config_service_tag" : "EMPTY",
  "config_imap_tag" : "EMPTY",
  "config_b2b_document_type_tag" : "EMPTY",
  "active" : true,
  "parent_component_config_service_tag" : "EMPTY",
  "service_project_id" : "15dcb596-cc03-4642-b9df-9dc44a64ee86",
  "service_project_tag" : "EMPTY",
  "config_service_project_id" : null,
  "config_service_project_tag" : "EMPTY",
  "config_imap_project_id" : null,
  "config_imap_project_tag" : "EMPTY",
  "config_b2b_document_type_project_id" : "15dcb596-cc03-4642-b9df-9dc44a64ee86",
  "config_b2b_document_type_project_tag" : "EMPTY",
  "endpoint_project_id" : null,
  "endpoint_project_tag" : "EMPTY",
  "config_plug_tag" : "EMPTY",
  "config_plug_project_id" : null,
  "config_plug_project_tag" : "EMPTY",
  "config_java_service_tag" : "EMPTY",
  "config_java_service_project_id" : null,
  "config_java_service_project_tag" : "EMPTY",
  "disabled" : false,
  "config" : null,
  "config_b2b_document_type_project_mode_id" : "112c1cb8-4b9e-4d1a-a042-0bd031dc7d05",
  "config_imap_project_mode_id" : "112c1cb8-4b9e-4d1a-a042-0bd031dc7d05",
  "config_java_service_project_mode_id" : "112c1cb8-4b9e-4d1a-a042-0bd031dc7d05",
  "config_plug_project_mode_id" : "112c1cb8-4b9e-4d1a-a042-0bd031dc7d05",
  "config_service_project_mode_id" : "112c1cb8-4b9e-4d1a-a042-0bd031dc7d05",
  "endpoint_project_mode_id" : "112c1cb8-4b9e-4d1a-a042-0bd031dc7d05",
  "service_project_mode_id" : "112c1cb8-4b9e-4d1a-a042-0bd031dc7d05",
  "parent_component_config_service_project_mode_id" : "112c1cb8-4b9e-4d1a-a042-0bd031dc7d05",
  "is_audit" : true,
  "keys_with_order" : null
}