{
  "component_config_id" : "f64fcc8c-ab8d-4e49-8317-92d7a471f2bf",
  "endpoint_config_json" : {
    "type" : "jsonb",
    "value" : "{\"crossRef\": [], \"services\": [], \"multistep\": [], \"operations\": []}",
    "null" : false
  },
  "input_config_json" : {
    "type" : "jsonb",
    "value" : "{\"crossRef\": [], \"services\": [], \"multistep\": [], \"operations\": []}",
    "null" : false
  },
  "output_config_json" : {
    "type" : "jsonb",
    "value" : "{\"crossRef\": [], \"services\": [], \"multistep\": [], \"operations\": [{\"ifElseBlock\": {\"root\": false, \"cached\": false, \"target\": \"/State\", \"disabled\": false, \"actualPath\": \"/State\", \"operations\": [{\"map\": {\"id\": \"245e1062-babc-4c70-a133-7d3d86355c35\", \"root\": false, \"type\": \"setValue\", \"cached\": false, \"mapNull\": false, \"disabled\": false, \"expression\": \"%{/ApproveSubscriptionFromSelfLinkInput/ShouldApprove}% == True \", \"extractXml\": false, \"extractJson\": false, \"targetValue\": \"approved\", \"mapEmptyString\": false, \"targetJavaType\": \"java.lang.String\", \"variableSubstitution\": false}}, {\"map\": {\"id\": \"349708a8-0cce-4700-9220-2d15e042f605\", \"root\": false, \"type\": \"setValue\", \"cached\": false, \"mapNull\": false, \"disabled\": false, \"expression\": \"%{/ApproveSubscriptionFromSelfLinkInput/ShouldApprove}% == False \", \"extractXml\": false, \"extractJson\": false, \"targetValue\": \"rejected\", \"mapEmptyString\": false, \"targetJavaType\": \"java.lang.String\", \"variableSubstitution\": false}}], \"targetOrder\": 1.0}}]}",
    "null" : false
  },
  "component_id" : "8ac5fe03-27a2-4e6a-a449-6a8893818223",
  "service_id" : "4522b0df-191d-4a20-a453-15c6462051da",
  "endpoint_id" : null,
  "parent_component_config_id" : null,
  "component_config_order" : 1.0,
  "action_id" : "06843b78-eab0-45da-afab-8c8277d7553f",
  "name" : "Set State",
  "description" : "",
  "override_endpoint" : false,
  "input_structure_json" : {
    "type" : "jsonb",
    "value" : "{\"maps\": [], \"mappedNodes\": []}",
    "null" : false
  },
  "output_structure_json" : {
    "type" : "jsonb",
    "value" : "{\"maps\": [{\"/State\": [{\"type\": \"conditionalMap\", \"target\": {\"path\": \"/State\", \"order\": 1, \"title\": \"State\", \"dataElementType\": \"string\"}, \"actualPath\": \"/State\", \"conditions\": [{\"id\": \"dea215bf-ebdd-4142-903c-525997b0e8d4\", \"type\": \"setValue\", \"fields\": [{\"id\": 1, \"path\": \"%{/ApproveSubscriptionFromSelfLinkInput/ShouldApprove}%\", \"field\": \"/ApproveSubscriptionFromSelfLinkInput/ShouldApprove\", \"value\": \"True\", \"isGroup\": false, \"children\": null, \"operator\": \"==\", \"uniqueId\": \"d3c0e5a4-3716-4296-b0f8-e3c63e3ea952\", \"operation\": \"&&\", \"isTreeChecked\": false, \"dataElementType\": \"boolean\"}], \"mapNull\": false, \"setValue\": \"\", \"uiElement\": \"approved\", \"conditionName\": \"if\", \"mapEmptyString\": false, \"variableSubstitution\": false}, {\"id\": \"1fb30ad1-b835-4f91-87c5-a32b24a3ccd5\", \"type\": \"setValue\", \"fields\": [{\"id\": 1, \"path\": \"%{/ApproveSubscriptionFromSelfLinkInput/ShouldApprove}%\", \"field\": \"/ApproveSubscriptionFromSelfLinkInput/ShouldApprove\", \"value\": \"False\", \"isGroup\": false, \"children\": null, \"operator\": \"==\", \"uniqueId\": \"8168e051-20da-47f5-85ef-dec0cf5acb3a\", \"operation\": \"&&\", \"isTreeChecked\": false, \"dataElementType\": \"boolean\"}], \"mapNull\": false, \"setValue\": \"\", \"uiElement\": \"rejected\", \"conditionName\": \"else-if\", \"mapEmptyString\": false, \"variableSubstitution\": false}], \"mapCondition\": {\"isConditionSet\": false, \"sourceTreeIndex\": [], \"targetTreeIndex\": [], \"mapConditionFormValue\": {}}, \"variableSubstitution\": false, \"overwritePipelineValue\": false}]}], \"tracks\": {}, \"transformer\": []}",
    "null" : false
  },
  "endpoint_structure_json" : {
    "type" : "jsonb",
    "value" : "{\"maps\": []}",
    "null" : false
  },
  "is_error" : false,
  "no_of_errors" : 0,
  "action_input_type" : null,
  "config_service_id" : null,
  "config_imap_id" : null,
  "config_b2b_document_type_id" : null,
  "config_document_id" : null,
  "add_variables" : {
    "type" : "jsonb",
    "value" : "[{\"id\": \"17c5e157-abcd-46ae-8df0-c3e6c1ae16ad\", \"key\": \"/State\", \"type\": \"node\", \"order\": 1, \"title\": \"State\", \"value\": {\"type\": \"string\"}, \"children\": [], \"editAllow\": true, \"componentName\": \"\", \"dataElementType\": \"string\", \"componentConfigId\": \"f64fcc8c-ab8d-4e49-8317-92d7a471f2bf\", \"componentConfigName\": \"Map\"}]",
    "null" : false
  },
  "drop_variables" : {
    "type" : "jsonb",
    "value" : "[]",
    "null" : false
  },
  "plug_input_structure" : null,
  "plug_output_structure" : null,
  "config_plug_id" : null,
  "override_plug" : false,
  "config_java_service_id" : null,
  "service_tag" : "EMPTY",
  "endpoint_tag" : "EMPTY",
  "config_service_tag" : "EMPTY",
  "config_imap_tag" : "EMPTY",
  "config_b2b_document_type_tag" : "EMPTY",
  "active" : true,
  "parent_component_config_service_tag" : "EMPTY",
  "service_project_id" : "15dcb596-cc03-4642-b9df-9dc44a64ee86",
  "service_project_tag" : "EMPTY",
  "config_service_project_id" : null,
  "config_service_project_tag" : "EMPTY",
  "config_imap_project_id" : null,
  "config_imap_project_tag" : "EMPTY",
  "config_b2b_document_type_project_id" : null,
  "config_b2b_document_type_project_tag" : "EMPTY",
  "endpoint_project_id" : null,
  "endpoint_project_tag" : "EMPTY",
  "config_plug_tag" : "EMPTY",
  "config_plug_project_id" : null,
  "config_plug_project_tag" : "EMPTY",
  "config_java_service_tag" : "EMPTY",
  "config_java_service_project_id" : null,
  "config_java_service_project_tag" : "EMPTY",
  "disabled" : false,
  "config" : null,
  "config_b2b_document_type_project_mode_id" : "112c1cb8-4b9e-4d1a-a042-0bd031dc7d05",
  "config_imap_project_mode_id" : "112c1cb8-4b9e-4d1a-a042-0bd031dc7d05",
  "config_java_service_project_mode_id" : "112c1cb8-4b9e-4d1a-a042-0bd031dc7d05",
  "config_plug_project_mode_id" : "112c1cb8-4b9e-4d1a-a042-0bd031dc7d05",
  "config_service_project_mode_id" : "112c1cb8-4b9e-4d1a-a042-0bd031dc7d05",
  "endpoint_project_mode_id" : "112c1cb8-4b9e-4d1a-a042-0bd031dc7d05",
  "service_project_mode_id" : "112c1cb8-4b9e-4d1a-a042-0bd031dc7d05",
  "parent_component_config_service_project_mode_id" : "112c1cb8-4b9e-4d1a-a042-0bd031dc7d05",
  "is_audit" : true,
  "keys_with_order" : null
}