{
  "component_config_id" : "1201802b-542f-42cd-a290-b366836e955e",
  "endpoint_config_json" : {
    "type" : "jsonb",
    "value" : "{\"crossRef\": [], \"services\": [], \"multistep\": [], \"operations\": []}",
    "null" : false
  },
  "input_config_json" : {
    "type" : "jsonb",
    "value" : "{\"crossRef\": [], \"services\": [], \"multistep\": [], \"operations\": []}",
    "null" : false
  },
  "output_config_json" : {
    "type" : "jsonb",
    "value" : "{\"crossRef\": [], \"services\": [], \"multistep\": [], \"operations\": [{\"ifElseBlock\": {\"root\": false, \"cached\": false, \"target\": \"/State\", \"disabled\": false, \"actualPath\": \"/State\", \"operations\": [{\"map\": {\"id\": \"8815f293-1f9d-4a7e-b068-178249455e39\", \"root\": false, \"type\": \"setValue\", \"cached\": false, \"mapNull\": false, \"disabled\": false, \"expression\": \"%{/ApproveProductReviewFromSelfLinkInput/ShouldApprove}% == true \", \"extractXml\": false, \"extractJson\": false, \"targetValue\": \"approved\", \"mapEmptyString\": false, \"targetJavaType\": \"java.lang.String\", \"variableSubstitution\": false}}, {\"map\": {\"id\": \"bcbae652-83a7-445c-9c1f-027b1099cafa\", \"root\": false, \"type\": \"setValue\", \"cached\": false, \"mapNull\": false, \"disabled\": false, \"expression\": \"%{/ApproveProductReviewFromSelfLinkInput/ShouldApprove}% == false \", \"extractXml\": false, \"extractJson\": false, \"targetValue\": \"rejected\", \"mapEmptyString\": false, \"targetJavaType\": \"java.lang.String\", \"variableSubstitution\": false}}], \"targetOrder\": 1.0}}]}",
    "null" : false
  },
  "component_id" : "8ac5fe03-27a2-4e6a-a449-6a8893818223",
  "service_id" : "9734079d-b254-47ba-a2a8-6cf35076fcb9",
  "endpoint_id" : null,
  "parent_component_config_id" : null,
  "component_config_order" : 1.0,
  "action_id" : "06843b78-eab0-45da-afab-8c8277d7553f",
  "name" : "Set State",
  "description" : "",
  "override_endpoint" : false,
  "input_structure_json" : {
    "type" : "jsonb",
    "value" : "{\"maps\": [], \"mappedNodes\": []}",
    "null" : false
  },
  "output_structure_json" : {
    "type" : "jsonb",
    "value" : "{\"maps\": [{\"/State\": [{\"type\": \"conditionalMap\", \"target\": {\"path\": \"/State\", \"order\": 1, \"title\": \"State\", \"dataElementType\": \"string\"}, \"actualPath\": \"/State\", \"conditions\": [{\"id\": \"677051af-5b8b-4628-a97e-61a56cd977d7\", \"type\": \"setValue\", \"fields\": [{\"id\": 0, \"path\": \"%{/ApproveProductReviewFromSelfLinkInput/ShouldApprove}%\", \"field\": \"/ApproveProductReviewFromSelfLinkInput/ShouldApprove\", \"value\": \"true\", \"isGroup\": false, \"children\": null, \"operator\": \"==\", \"uniqueId\": \"30466e14-c768-469d-b1d5-3c7381651d18\", \"operation\": \"&&\", \"isTreeChecked\": false, \"dataElementType\": \"boolean\"}], \"mapNull\": false, \"setValue\": \"\", \"uiElement\": \"approved\", \"conditionName\": \"if\", \"mapEmptyString\": false, \"variableSubstitution\": false}, {\"id\": \"2ceed266-c77c-4570-9a1a-619daee4cb3f\", \"type\": \"setValue\", \"fields\": [{\"id\": 1, \"path\": \"%{/ApproveProductReviewFromSelfLinkInput/ShouldApprove}%\", \"field\": \"/ApproveProductReviewFromSelfLinkInput/ShouldApprove\", \"value\": \"false\", \"isGroup\": false, \"children\": null, \"operator\": \"==\", \"uniqueId\": \"e3926fd3-7b0c-42e1-bfb2-a3805c12f14c\", \"operation\": \"&&\", \"isTreeChecked\": false, \"dataElementType\": \"boolean\"}], \"mapNull\": false, \"setValue\": \"\", \"uiElement\": \"rejected\", \"conditionName\": \"else-if\", \"mapEmptyString\": false, \"variableSubstitution\": false}], \"mapCondition\": {\"isConditionSet\": false, \"sourceTreeIndex\": [], \"targetTreeIndex\": [], \"mapConditionFormValue\": {}}, \"variableSubstitution\": false, \"overwritePipelineValue\": false}]}], \"tracks\": {}, \"transformer\": []}",
    "null" : false
  },
  "endpoint_structure_json" : {
    "type" : "jsonb",
    "value" : "{\"maps\": []}",
    "null" : false
  },
  "is_error" : false,
  "no_of_errors" : 0,
  "action_input_type" : null,
  "config_service_id" : null,
  "config_imap_id" : null,
  "config_b2b_document_type_id" : null,
  "config_document_id" : null,
  "add_variables" : {
    "type" : "jsonb",
    "value" : "[{\"id\": \"98d706fd-329d-4d64-abc6-0c0e118de5d1\", \"key\": \"/State\", \"type\": \"node\", \"order\": 1, \"title\": \"State\", \"value\": {\"type\": \"string\"}, \"children\": [], \"editAllow\": true, \"componentName\": \"Set State\", \"dataElementType\": \"string\", \"componentConfigId\": \"1201802b-542f-42cd-a290-b366836e955e\", \"componentConfigName\": \"Map\"}]",
    "null" : false
  },
  "drop_variables" : {
    "type" : "jsonb",
    "value" : "[]",
    "null" : false
  },
  "plug_input_structure" : null,
  "plug_output_structure" : null,
  "config_plug_id" : null,
  "override_plug" : false,
  "config_java_service_id" : null,
  "service_tag" : "EMPTY",
  "endpoint_tag" : "EMPTY",
  "config_service_tag" : "EMPTY",
  "config_imap_tag" : "EMPTY",
  "config_b2b_document_type_tag" : "EMPTY",
  "active" : true,
  "parent_component_config_service_tag" : "EMPTY",
  "service_project_id" : "15dcb596-cc03-4642-b9df-9dc44a64ee86",
  "service_project_tag" : "EMPTY",
  "config_service_project_id" : null,
  "config_service_project_tag" : "EMPTY",
  "config_imap_project_id" : null,
  "config_imap_project_tag" : "EMPTY",
  "config_b2b_document_type_project_id" : null,
  "config_b2b_document_type_project_tag" : "EMPTY",
  "endpoint_project_id" : null,
  "endpoint_project_tag" : "EMPTY",
  "config_plug_tag" : "EMPTY",
  "config_plug_project_id" : null,
  "config_plug_project_tag" : "EMPTY",
  "config_java_service_tag" : "EMPTY",
  "config_java_service_project_id" : null,
  "config_java_service_project_tag" : "EMPTY",
  "disabled" : false,
  "config" : null,
  "config_b2b_document_type_project_mode_id" : "112c1cb8-4b9e-4d1a-a042-0bd031dc7d05",
  "config_imap_project_mode_id" : "112c1cb8-4b9e-4d1a-a042-0bd031dc7d05",
  "config_java_service_project_mode_id" : "112c1cb8-4b9e-4d1a-a042-0bd031dc7d05",
  "config_plug_project_mode_id" : "112c1cb8-4b9e-4d1a-a042-0bd031dc7d05",
  "config_service_project_mode_id" : "112c1cb8-4b9e-4d1a-a042-0bd031dc7d05",
  "endpoint_project_mode_id" : "112c1cb8-4b9e-4d1a-a042-0bd031dc7d05",
  "service_project_mode_id" : "112c1cb8-4b9e-4d1a-a042-0bd031dc7d05",
  "parent_component_config_service_project_mode_id" : "112c1cb8-4b9e-4d1a-a042-0bd031dc7d05",
  "is_audit" : true,
  "keys_with_order" : null
}