{
  "component_config_id" : "c4ef800a-1ffe-447c-9188-56efd72a319d",
  "endpoint_config_json" : {
    "type" : "jsonb",
    "value" : "{\"crossRef\": [], \"services\": [], \"multistep\": [], \"operations\": []}",
    "null" : false
  },
  "input_config_json" : {
    "type" : "jsonb",
    "value" : "{\"crossRef\": [], \"services\": [], \"multistep\": [], \"operations\": []}",
    "null" : false
  },
  "output_config_json" : {
    "type" : "jsonb",
    "value" : "{\"crossRef\": [], \"services\": [], \"multistep\": [], \"operations\": [{\"ifElseBlock\": {\"root\": false, \"cached\": false, \"target\": \"/isConsumerOrgSubscriptionRequestFromWHOutput/isConsumerOrgRequest\", \"disabled\": false, \"actualPath\": \"/isConsumerOrgSubscriptionRequestFromWHOutput/isConsumerOrgRequest\", \"operations\": [{\"map\": {\"id\": \"976a780b-9fdd-4ec2-9ab9-bcb5e56fb44f\", \"root\": false, \"type\": \"setValue\", \"cached\": false, \"mapNull\": false, \"disabled\": false, \"expression\": \"%{/isConsumerOrgSubscriptionRequestFromWHInput/AmplifyWHSubscriptionRequest/payload/marketplace/resource/owner/organization/id}% != %{/isConsumerOrgSubscriptionRequestFromWHInput/AmplifyWHSubscriptionRequest/organization/id}% \", \"extractXml\": false, \"extractJson\": false, \"targetValue\": \"true\", \"mapEmptyString\": false, \"targetJavaType\": \"java.lang.Boolean\", \"variableSubstitution\": false}}, {\"map\": {\"id\": \"4dec8232-27fa-4c41-86ca-cc0fe23fd45b\", \"root\": false, \"type\": \"setValue\", \"cached\": false, \"mapNull\": false, \"disabled\": false, \"expression\": \"%{/isConsumerOrgSubscriptionRequestFromWHInput/AmplifyWHSubscriptionRequest/payload/marketplace/resource/owner/organization/id}% == %{/isConsumerOrgSubscriptionRequestFromWHInput/AmplifyWHSubscriptionRequest/organization/id}% \", \"extractXml\": false, \"extractJson\": false, \"targetValue\": \"false\", \"mapEmptyString\": false, \"targetJavaType\": \"java.lang.Boolean\", \"variableSubstitution\": false}}], \"targetOrder\": 1.0}}]}",
    "null" : false
  },
  "component_id" : "8ac5fe03-27a2-4e6a-a449-6a8893818223",
  "service_id" : "3ebdb699-5758-4bdb-8658-b397f487bb7a",
  "endpoint_id" : null,
  "parent_component_config_id" : null,
  "component_config_order" : 1.0,
  "action_id" : "06843b78-eab0-45da-afab-8c8277d7553f",
  "name" : "Set isConsumerOrgSubSet isConsumerOrgRequest",
  "description" : "",
  "override_endpoint" : false,
  "input_structure_json" : {
    "type" : "jsonb",
    "value" : "{\"maps\": [], \"mappedNodes\": [\"/isConsumerOrgSubscriptionRequestFromWHOutputpipeOut\"]}",
    "null" : false
  },
  "output_structure_json" : {
    "type" : "jsonb",
    "value" : "{\"maps\": [{\"/isConsumerOrgSubscriptionRequestFromWHOutput/isConsumerOrgRequest\": [{\"type\": \"conditionalMap\", \"target\": {\"path\": \"/isConsumerOrgSubscriptionRequestFromWHOutput/isConsumerOrgRequest\", \"order\": 1, \"title\": \"isConsumerOrgRequest\", \"dataElementType\": \"boolean\"}, \"actualPath\": \"/isConsumerOrgSubscriptionRequestFromWHOutput/isConsumerOrgRequest\", \"conditions\": [{\"id\": \"92ccd634-d54d-4f9d-8709-9e4afd13be87\", \"type\": \"setValue\", \"fields\": [{\"id\": 1, \"path\": \"%{/isConsumerOrgSubscriptionRequestFromWHInput/AmplifyWHSubscriptionRequest/payload/marketplace/resource/owner/organization/id}%\", \"field\": \"/isConsumerOrgSubscriptionRequestFromWHInput/AmplifyWHSubscriptionRequest/payload/marketplace/resource/owner/organization/id\", \"value\": \"%{/isConsumerOrgSubscriptionRequestFromWHInput/AmplifyWHSubscriptionRequest/organization/id}%\", \"isGroup\": false, \"children\": null, \"operator\": \"!=\", \"uniqueId\": \"93693b9a-aa43-4165-b4ef-415dd57b406d\", \"operation\": \"&&\", \"isTreeChecked\": true, \"dataElementType\": \"string\"}], \"mapNull\": false, \"setValue\": \"\", \"uiElement\": \"true\", \"conditionName\": \"if\", \"mapEmptyString\": false, \"variableSubstitution\": false}, {\"id\": \"82160290-0602-4a7c-a27a-031d3b72b056\", \"type\": \"setValue\", \"fields\": [{\"id\": 1, \"path\": \"%{/isConsumerOrgSubscriptionRequestFromWHInput/AmplifyWHSubscriptionRequest/payload/marketplace/resource/owner/organization/id}%\", \"field\": \"/isConsumerOrgSubscriptionRequestFromWHInput/AmplifyWHSubscriptionRequest/payload/marketplace/resource/owner/organization/id\", \"value\": \"%{/isConsumerOrgSubscriptionRequestFromWHInput/AmplifyWHSubscriptionRequest/organization/id}%\", \"isGroup\": false, \"children\": null, \"operator\": \"==\", \"uniqueId\": \"9f686e11-c4a3-448a-8b04-c715016fbca4\", \"operation\": \"&&\", \"isTreeChecked\": true, \"dataElementType\": \"string\"}], \"mapNull\": false, \"setValue\": \"\", \"uiElement\": \"false\", \"conditionName\": \"else-if\", \"mapEmptyString\": false, \"variableSubstitution\": false}], \"mapCondition\": {\"isConditionSet\": false, \"sourceTreeIndex\": [], \"targetTreeIndex\": [], \"mapConditionFormValue\": {}}, \"variableSubstitution\": false, \"overwritePipelineValue\": false}]}], \"tracks\": {}, \"transformer\": []}",
    "null" : false
  },
  "endpoint_structure_json" : {
    "type" : "jsonb",
    "value" : "{\"maps\": []}",
    "null" : false
  },
  "is_error" : false,
  "no_of_errors" : 0,
  "action_input_type" : null,
  "config_service_id" : null,
  "config_imap_id" : null,
  "config_b2b_document_type_id" : null,
  "config_document_id" : null,
  "add_variables" : {
    "type" : "jsonb",
    "value" : "[]",
    "null" : false
  },
  "drop_variables" : {
    "type" : "jsonb",
    "value" : "[]",
    "null" : false
  },
  "plug_input_structure" : null,
  "plug_output_structure" : null,
  "config_plug_id" : null,
  "override_plug" : false,
  "config_java_service_id" : null,
  "service_tag" : "EMPTY",
  "endpoint_tag" : "EMPTY",
  "config_service_tag" : "EMPTY",
  "config_imap_tag" : "EMPTY",
  "config_b2b_document_type_tag" : "EMPTY",
  "active" : true,
  "parent_component_config_service_tag" : "EMPTY",
  "service_project_id" : "15dcb596-cc03-4642-b9df-9dc44a64ee86",
  "service_project_tag" : "EMPTY",
  "config_service_project_id" : null,
  "config_service_project_tag" : "EMPTY",
  "config_imap_project_id" : null,
  "config_imap_project_tag" : "EMPTY",
  "config_b2b_document_type_project_id" : null,
  "config_b2b_document_type_project_tag" : "EMPTY",
  "endpoint_project_id" : null,
  "endpoint_project_tag" : "EMPTY",
  "config_plug_tag" : "EMPTY",
  "config_plug_project_id" : null,
  "config_plug_project_tag" : "EMPTY",
  "config_java_service_tag" : "EMPTY",
  "config_java_service_project_id" : null,
  "config_java_service_project_tag" : "EMPTY",
  "disabled" : false,
  "config" : null,
  "config_b2b_document_type_project_mode_id" : "112c1cb8-4b9e-4d1a-a042-0bd031dc7d05",
  "config_imap_project_mode_id" : "112c1cb8-4b9e-4d1a-a042-0bd031dc7d05",
  "config_java_service_project_mode_id" : "112c1cb8-4b9e-4d1a-a042-0bd031dc7d05",
  "config_plug_project_mode_id" : "112c1cb8-4b9e-4d1a-a042-0bd031dc7d05",
  "config_service_project_mode_id" : "112c1cb8-4b9e-4d1a-a042-0bd031dc7d05",
  "endpoint_project_mode_id" : "112c1cb8-4b9e-4d1a-a042-0bd031dc7d05",
  "service_project_mode_id" : "112c1cb8-4b9e-4d1a-a042-0bd031dc7d05",
  "parent_component_config_service_project_mode_id" : "112c1cb8-4b9e-4d1a-a042-0bd031dc7d05",
  "is_audit" : true,
  "keys_with_order" : null
}