{
  "component_config_id" : "0391192a-4bf0-4aa6-bb03-9e2b053eac41",
  "endpoint_config_json" : {
    "type" : "jsonb",
    "value" : "{\"crossRef\": [], \"services\": [], \"multistep\": [], \"operations\": []}",
    "null" : false
  },
  "input_config_json" : {
    "type" : "jsonb",
    "value" : "{\"crossRef\": [], \"services\": [], \"multistep\": [], \"operations\": []}",
    "null" : false
  },
  "output_config_json" : {
    "type" : "jsonb",
    "value" : "{\"crossRef\": [], \"services\": [], \"multistep\": [], \"operations\": [{\"ifElseBlock\": {\"root\": false, \"cached\": false, \"target\": \"/State\", \"disabled\": false, \"actualPath\": \"/State\", \"operations\": [{\"map\": {\"id\": \"11d6f309-bc5e-4298-b9c3-ef63c5e4ece4\", \"root\": false, \"type\": \"setValue\", \"cached\": false, \"mapNull\": false, \"disabled\": false, \"expression\": \"%{/ApproveSubscriptionFromSubscriptionInput/ShouldApprove}% == True \", \"extractXml\": false, \"extractJson\": false, \"targetValue\": \"approved\", \"mapEmptyString\": false, \"targetJavaType\": \"java.lang.String\", \"variableSubstitution\": false}}, {\"map\": {\"id\": \"63a45441-0a2f-4a72-93e6-32384773aa77\", \"root\": false, \"type\": \"setValue\", \"cached\": false, \"mapNull\": false, \"disabled\": false, \"expression\": \"%{/ApproveSubscriptionFromSubscriptionInput/ShouldApprove}% == False \", \"extractXml\": false, \"extractJson\": false, \"targetValue\": \"rejected\", \"mapEmptyString\": false, \"targetJavaType\": \"java.lang.String\", \"variableSubstitution\": false}}], \"targetOrder\": 1.0}}]}",
    "null" : false
  },
  "component_id" : "8ac5fe03-27a2-4e6a-a449-6a8893818223",
  "service_id" : "65fda9cf-d60f-4e5a-8e64-211173299502",
  "endpoint_id" : null,
  "parent_component_config_id" : null,
  "component_config_order" : 0.5,
  "action_id" : "06843b78-eab0-45da-afab-8c8277d7553f",
  "name" : "Set State",
  "description" : "",
  "override_endpoint" : false,
  "input_structure_json" : {
    "type" : "jsonb",
    "value" : "{\"maps\": [], \"mappedNodes\": []}",
    "null" : false
  },
  "output_structure_json" : {
    "type" : "jsonb",
    "value" : "{\"maps\": [{\"/State\": [{\"type\": \"conditionalMap\", \"target\": {\"path\": \"/State\", \"order\": 1, \"title\": \"State\", \"dataElementType\": \"string\"}, \"actualPath\": \"/State\", \"conditions\": [{\"id\": \"4d1f67ad-3aea-4e56-8c29-f990633c0d12\", \"type\": \"setValue\", \"fields\": [{\"id\": 1, \"path\": \"%{/ApproveSubscriptionFromSubscriptionInput/ShouldApprove}%\", \"field\": \"/ApproveSubscriptionFromSubscriptionInput/ShouldApprove\", \"value\": \"True\", \"isGroup\": false, \"children\": null, \"operator\": \"==\", \"uniqueId\": \"bcfac655-7edc-4e60-b502-841060948607\", \"operation\": \"&&\", \"isTreeChecked\": false, \"dataElementType\": \"boolean\"}], \"mapNull\": false, \"setValue\": \"\", \"uiElement\": \"approved\", \"conditionName\": \"if\", \"mapEmptyString\": false, \"variableSubstitution\": false}, {\"id\": \"36f64388-632e-4b5a-a6ef-4cfca10521fc\", \"type\": \"setValue\", \"fields\": [{\"id\": 1, \"path\": \"%{/ApproveSubscriptionFromSubscriptionInput/ShouldApprove}%\", \"field\": \"/ApproveSubscriptionFromSubscriptionInput/ShouldApprove\", \"value\": \"False\", \"isGroup\": false, \"children\": null, \"operator\": \"==\", \"uniqueId\": \"873f250e-0e27-4c74-905d-f8f143558f37\", \"operation\": \"&&\", \"isTreeChecked\": false, \"dataElementType\": \"boolean\"}], \"mapNull\": false, \"setValue\": \"\", \"uiElement\": \"rejected\", \"conditionName\": \"else-if\", \"mapEmptyString\": false, \"variableSubstitution\": false}], \"mapCondition\": {\"isConditionSet\": false, \"sourceTreeIndex\": [], \"targetTreeIndex\": [], \"mapConditionFormValue\": {}}, \"variableSubstitution\": false, \"overwritePipelineValue\": false}]}], \"tracks\": {}, \"transformer\": []}",
    "null" : false
  },
  "endpoint_structure_json" : {
    "type" : "jsonb",
    "value" : "{\"maps\": []}",
    "null" : false
  },
  "is_error" : false,
  "no_of_errors" : 0,
  "action_input_type" : null,
  "config_service_id" : null,
  "config_imap_id" : null,
  "config_b2b_document_type_id" : null,
  "config_document_id" : null,
  "add_variables" : {
    "type" : "jsonb",
    "value" : "[{\"id\": \"3b51959c-e377-472a-a132-5ca0ef7cffe9\", \"key\": \"/State\", \"type\": \"node\", \"order\": 1, \"title\": \"State\", \"value\": {\"type\": \"string\"}, \"children\": [], \"editAllow\": true, \"dataElementType\": \"string\", \"componentConfigId\": \"0391192a-4bf0-4aa6-bb03-9e2b053eac41\", \"componentConfigName\": \"Map\"}]",
    "null" : false
  },
  "drop_variables" : {
    "type" : "jsonb",
    "value" : "[]",
    "null" : false
  },
  "plug_input_structure" : null,
  "plug_output_structure" : null,
  "config_plug_id" : null,
  "override_plug" : false,
  "config_java_service_id" : null,
  "service_tag" : "EMPTY",
  "endpoint_tag" : "EMPTY",
  "config_service_tag" : "EMPTY",
  "config_imap_tag" : "EMPTY",
  "config_b2b_document_type_tag" : "EMPTY",
  "active" : true,
  "parent_component_config_service_tag" : "EMPTY",
  "service_project_id" : "15dcb596-cc03-4642-b9df-9dc44a64ee86",
  "service_project_tag" : "EMPTY",
  "config_service_project_id" : null,
  "config_service_project_tag" : "EMPTY",
  "config_imap_project_id" : null,
  "config_imap_project_tag" : "EMPTY",
  "config_b2b_document_type_project_id" : null,
  "config_b2b_document_type_project_tag" : "EMPTY",
  "endpoint_project_id" : null,
  "endpoint_project_tag" : "EMPTY",
  "config_plug_tag" : "EMPTY",
  "config_plug_project_id" : null,
  "config_plug_project_tag" : "EMPTY",
  "config_java_service_tag" : "EMPTY",
  "config_java_service_project_id" : null,
  "config_java_service_project_tag" : "EMPTY",
  "disabled" : false,
  "config" : null,
  "config_b2b_document_type_project_mode_id" : "112c1cb8-4b9e-4d1a-a042-0bd031dc7d05",
  "config_imap_project_mode_id" : "112c1cb8-4b9e-4d1a-a042-0bd031dc7d05",
  "config_java_service_project_mode_id" : "112c1cb8-4b9e-4d1a-a042-0bd031dc7d05",
  "config_plug_project_mode_id" : "112c1cb8-4b9e-4d1a-a042-0bd031dc7d05",
  "config_service_project_mode_id" : "112c1cb8-4b9e-4d1a-a042-0bd031dc7d05",
  "endpoint_project_mode_id" : "112c1cb8-4b9e-4d1a-a042-0bd031dc7d05",
  "service_project_mode_id" : "112c1cb8-4b9e-4d1a-a042-0bd031dc7d05",
  "parent_component_config_service_project_mode_id" : "112c1cb8-4b9e-4d1a-a042-0bd031dc7d05",
  "is_audit" : true,
  "keys_with_order" : null
}