{
  "component_config_id" : "671898c7-1a4e-4bcd-a421-1cade6ecd85a",
  "endpoint_config_json" : {
    "type" : "jsonb",
    "value" : "{\"crossRef\": [], \"services\": [], \"multistep\": [], \"operations\": []}",
    "null" : false
  },
  "input_config_json" : {
    "type" : "jsonb",
    "value" : "{\"crossRef\": [], \"services\": [], \"multistep\": [], \"operations\": [{\"map\": {\"id\": \"dca5279c-2cb7-47b5-b2a8-b0b8d29598ea\", \"root\": false, \"type\": \"setValue\", \"cached\": false, \"target\": \"/HTTPSPutInput/headers/Content-Type\", \"mapNull\": false, \"disabled\": false, \"extractXml\": false, \"extractJson\": false, \"targetOrder\": 7.0, \"targetValue\": \"application/json\", \"mapEmptyString\": false, \"targetJavaType\": \"java.lang.String\", \"variableSubstitution\": false}}, {\"map\": {\"id\": \"a5c5b4c3-bbaf-450a-acbd-2eb82893217f\", \"root\": false, \"type\": \"setValue\", \"cached\": false, \"target\": \"/HTTPSPutInput/headers/Accept\", \"mapNull\": false, \"disabled\": false, \"extractXml\": false, \"extractJson\": false, \"targetOrder\": 8.0, \"targetValue\": \"application/json\", \"mapEmptyString\": false, \"targetJavaType\": \"java.lang.String\", \"variableSubstitution\": false}}, {\"map\": {\"id\": \"6f1e7d22-77e9-4f09-b893-7ac5f6b2b747\", \"root\": false, \"type\": \"setValue\", \"cached\": false, \"target\": \"/HTTPSPutInput/basePath\", \"mapNull\": false, \"disabled\": false, \"extractXml\": false, \"extractJson\": false, \"targetOrder\": 4.0, \"targetValue\": \"%{/ApproveProductReviewFromSelfLinkInput/ProductReviewSelfLink}%/state\", \"mapEmptyString\": false, \"targetJavaType\": \"java.lang.String\", \"variableSubstitution\": true}}, {\"map\": {\"id\": \"f5390761-030b-43f5-b74f-7a2ef53bba36\", \"root\": false, \"type\": \"setValue\", \"cached\": false, \"target\": \"/HTTPSPutInput/body\", \"mapNull\": false, \"disabled\": false, \"extractXml\": false, \"extractJson\": false, \"targetOrder\": 3.0, \"targetValue\": \"{\\n    \\\"state\\\": {\\n        \\\"name\\\": \\\"%{/State}%\\\",\\n        \\\"reason\\\": \\\"%{/ApproveProductReviewFromSelfLinkInput/Comment}%\\\"\\n    }\\n}\", \"mapEmptyString\": false, \"targetJavaType\": \"java.lang.String\", \"variableSubstitution\": true}}]}",
    "null" : false
  },
  "output_config_json" : {
    "type" : "jsonb",
    "value" : "{\"crossRef\": [], \"services\": [], \"multistep\": [], \"operations\": [{\"map\": {\"id\": \"20167027-ec8c-493f-bdb8-908712901024\", \"root\": true, \"type\": \"map\", \"cached\": false, \"source\": \"/HTTPSPutOutput\", \"target\": \"/HTTPSPutOutput\", \"mapNull\": false, \"disabled\": false, \"extractXml\": false, \"extractJson\": false, \"mapEmptyString\": false}}]}",
    "null" : false
  },
  "component_id" : "1dd81dfd-e452-4eb3-bbd7-bc6f0da00cbd",
  "service_id" : "9734079d-b254-47ba-a2a8-6cf35076fcb9",
  "endpoint_id" : "ca0d1799-c0e1-421b-85a4-70a6a49bc9dd",
  "parent_component_config_id" : null,
  "component_config_order" : 2.0,
  "action_id" : "55d60c68-ab08-4b39-9a8f-5ae3f9385947",
  "name" : "Update Product Review State",
  "description" : "",
  "override_endpoint" : false,
  "input_structure_json" : {
    "type" : "jsonb",
    "value" : "{\"maps\": [{\"/HTTPSPutInput/headers/Content-Type\": [{\"type\": \"setValue\", \"target\": {\"path\": \"/HTTPSPutInput/headers/Content-Type\", \"order\": 7, \"title\": \"Content-Type\", \"dataElementType\": \"string\"}, \"values\": [{\"id\": \"7bdc8dbb-5255-4f8b-b12c-8f0e5ff584dc\", \"key\": \"/HTTPSPutInput/headers/Content-Type\", \"type\": \"string\", \"order\": 7, \"title\": \"Content-Type\", \"isLeaf\": true, \"setValue\": null, \"uiElement\": \"application/json\", \"isSetValue\": false, \"childrenSet\": false, \"hasChildren\": false, \"dataElementType\": \"string\"}], \"mapCondition\": {\"isConditionSet\": false, \"sourceTreeIndex\": [], \"targetTreeIndex\": [], \"mapConditionFormValue\": {}}, \"variableSubstitution\": false, \"overwritePipelineValue\": false}]}, {\"/HTTPSPutInput/headers/Accept\": [{\"type\": \"setValue\", \"target\": {\"path\": \"/HTTPSPutInput/headers/Accept\", \"order\": 8, \"title\": \"Accept\", \"dataElementType\": \"string\"}, \"values\": [{\"id\": \"2d89e87d-5358-48dd-bd88-c9a098cb3463\", \"key\": \"/HTTPSPutInput/headers/Accept\", \"type\": \"string\", \"order\": 8, \"title\": \"Accept\", \"isLeaf\": true, \"setValue\": null, \"uiElement\": \"application/json\", \"isSetValue\": false, \"childrenSet\": false, \"hasChildren\": false, \"dataElementType\": \"string\"}], \"mapCondition\": {\"isConditionSet\": false, \"sourceTreeIndex\": [], \"targetTreeIndex\": [], \"mapConditionFormValue\": {}}, \"variableSubstitution\": false, \"overwritePipelineValue\": false}]}, {\"/HTTPSPutInput/basePath\": [{\"type\": \"setValue\", \"target\": {\"path\": \"/HTTPSPutInput/basePath\", \"order\": 4, \"title\": \"basePath\", \"dataElementType\": \"string\"}, \"values\": [{\"id\": \"6aaaeb9a-f5c3-454e-a23f-1456af9171d1\", \"key\": \"/HTTPSPutInput/basePath\", \"type\": \"object\", \"order\": 4, \"title\": \"basePath\", \"isLeaf\": false, \"children\": [], \"setValue\": null, \"uiElement\": \"<input _ngcontent-ng-c1270903566=\\\"\\\" class=\\\"chip\\\" title=\\\"/ApproveProductReviewFromSelfLinkInput/ProductReviewSelfLink\\\" readonly=\\\"true\\\" disabled=\\\"true\\\" type=\\\"button\\\" value=\\\"ProductReviewSelfLink\\\">/state\", \"isSetValue\": false, \"childrenSet\": false, \"hasChildren\": false, \"dataElementType\": \"string\"}], \"mapCondition\": {\"isConditionSet\": false, \"sourceTreeIndex\": [], \"targetTreeIndex\": [], \"mapConditionFormValue\": {}}, \"variableSubstitution\": true, \"overwritePipelineValue\": false}]}, {\"/HTTPSPutInput/body\": [{\"type\": \"setValue\", \"target\": {\"path\": \"/HTTPSPutInput/body\", \"order\": 3, \"title\": \"body\", \"dataElementType\": \"string\"}, \"values\": [{\"id\": \"2788e486-92d1-41ed-9133-f8715d3e50ab\", \"key\": \"/HTTPSPutInput/body\", \"type\": \"object\", \"order\": 3, \"title\": \"body\", \"isLeaf\": false, \"children\": [], \"setValue\": null, \"uiElement\": \"{\\n    \\\"state\\\": {\\n        \\\"name\\\": \\\"<input _ngcontent-ng-c1270903566=\\\"\\\" class=\\\"chip\\\" title=\\\"/State\\\" readonly=\\\"true\\\" disabled=\\\"true\\\" type=\\\"button\\\" value=\\\"State\\\">\\\",\\n        \\\"reason\\\": \\\"<input _ngcontent-ng-c1270903566=\\\"\\\" class=\\\"chip\\\" title=\\\"/ApproveProductReviewFromSelfLinkInput/Comment\\\" readonly=\\\"true\\\" disabled=\\\"true\\\" type=\\\"button\\\" value=\\\"Comment\\\">\\\"\\n    }\\n}\", \"isSetValue\": false, \"childrenSet\": false, \"hasChildren\": false, \"dataElementType\": \"string\"}], \"mapCondition\": {\"isConditionSet\": false, \"sourceTreeIndex\": [], \"targetTreeIndex\": [], \"mapConditionFormValue\": {}}, \"variableSubstitution\": true, \"overwritePipelineValue\": false}]}], \"mappedNodes\": [\"/HTTPSPutOutput\", \"/HTTPSPutOutputpipeOut\", \"/HTTPSPutInput/headers/Content-Type actionIn\", \"/HTTPSPutInput/headers actionIn\", \"/HTTPSPutInput actionIn\", \"/HTTPSPutInput/headers/Accept actionIn\", \"/HTTPSPutInput/headers actionIn\", \"/HTTPSPutInput actionIn\", \"/HTTPSPutInput/basePath actionIn\", \"/HTTPSPutInput actionIn\", \"/HTTPSPutInput/headers actionIn\", \"/HTTPSPutInput actionIn\", \"/HTTPSPutInput/headers actionIn\", \"/HTTPSPutInput actionIn\", \"/HTTPSPutInput actionIn\", \"/HTTPSPutInput/basePath actionIn\", \"/HTTPSPutInput actionIn\", \"/HTTPSPutInput/body actionIn\", \"/HTTPSPutInput actionIn\"]}",
    "null" : false
  },
  "output_structure_json" : {
    "type" : "jsonb",
    "value" : "{\"maps\": [{\"/HTTPSPutOutput\": [{\"type\": \"map\", \"source\": {\"path\": \"/HTTPSPutOutput\", \"title\": \"HTTPSPutOutput\", \"dataElementType\": \"document\"}, \"target\": {\"path\": \"/HTTPSPutOutput\", \"alias\": null, \"order\": null, \"title\": \"HTTPSPutOutput\", \"dataElementType\": \"document\"}, \"mapCondition\": {\"mapNull\": null, \"defaultValue\": null, \"isConditionSet\": false, \"mapEmptyString\": null, \"sourceTreeIndex\": [], \"targetTreeIndex\": [], \"mapConditionFormValue\": {\"fields\": null}}}]}], \"tracks\": {}, \"transformer\": []}",
    "null" : false
  },
  "endpoint_structure_json" : {
    "type" : "jsonb",
    "value" : "{\"maps\": []}",
    "null" : false
  },
  "is_error" : false,
  "no_of_errors" : 0,
  "action_input_type" : null,
  "config_service_id" : null,
  "config_imap_id" : null,
  "config_b2b_document_type_id" : null,
  "config_document_id" : null,
  "add_variables" : {
    "type" : "jsonb",
    "value" : "[]",
    "null" : false
  },
  "drop_variables" : {
    "type" : "jsonb",
    "value" : "[]",
    "null" : false
  },
  "plug_input_structure" : null,
  "plug_output_structure" : null,
  "config_plug_id" : null,
  "override_plug" : false,
  "config_java_service_id" : null,
  "service_tag" : "EMPTY",
  "endpoint_tag" : "EMPTY",
  "config_service_tag" : "EMPTY",
  "config_imap_tag" : "EMPTY",
  "config_b2b_document_type_tag" : "EMPTY",
  "active" : true,
  "parent_component_config_service_tag" : "EMPTY",
  "service_project_id" : "15dcb596-cc03-4642-b9df-9dc44a64ee86",
  "service_project_tag" : "EMPTY",
  "config_service_project_id" : null,
  "config_service_project_tag" : "EMPTY",
  "config_imap_project_id" : null,
  "config_imap_project_tag" : "EMPTY",
  "config_b2b_document_type_project_id" : null,
  "config_b2b_document_type_project_tag" : "EMPTY",
  "endpoint_project_id" : "15dcb596-cc03-4642-b9df-9dc44a64ee86",
  "endpoint_project_tag" : "EMPTY",
  "config_plug_tag" : "EMPTY",
  "config_plug_project_id" : null,
  "config_plug_project_tag" : "EMPTY",
  "config_java_service_tag" : "EMPTY",
  "config_java_service_project_id" : null,
  "config_java_service_project_tag" : "EMPTY",
  "disabled" : false,
  "config" : {
    "type" : "json",
    "value" : "{}",
    "null" : false
  },
  "config_b2b_document_type_project_mode_id" : "112c1cb8-4b9e-4d1a-a042-0bd031dc7d05",
  "config_imap_project_mode_id" : "112c1cb8-4b9e-4d1a-a042-0bd031dc7d05",
  "config_java_service_project_mode_id" : "112c1cb8-4b9e-4d1a-a042-0bd031dc7d05",
  "config_plug_project_mode_id" : "112c1cb8-4b9e-4d1a-a042-0bd031dc7d05",
  "config_service_project_mode_id" : "112c1cb8-4b9e-4d1a-a042-0bd031dc7d05",
  "endpoint_project_mode_id" : "112c1cb8-4b9e-4d1a-a042-0bd031dc7d05",
  "service_project_mode_id" : "112c1cb8-4b9e-4d1a-a042-0bd031dc7d05",
  "parent_component_config_service_project_mode_id" : "112c1cb8-4b9e-4d1a-a042-0bd031dc7d05",
  "is_audit" : true,
  "keys_with_order" : null
}