{
  "id" : "5e4ed772-e812-4368-9b48-c95ba4e3ec23",
  "name" : "AmplifyCentralIntegrationExamples",
  "createdOn" : "2024-09-16T13:25:58.706",
  "modifiedOn" : "2025-02-17T19:10:35.179",
  "createdBy" : "fbe89da3-e0bb-4982-bd59-d46f52883257",
  "modifiedBy" : "fbe89da3-e0bb-4982-bd59-d46f52883257",
  "projectDescription" : "Amplify Central Integration Examples",
  "active" : true,
  "tag" : "EMPTY",
  "comment" : null,
  "baseTag" : "V48",
  "modeId" : "112c1cb8-4b9e-4d1a-a042-0bd031dc7d05",
  "deployedOn" : null,
  "details" : null,
  "projectType" : "Fusion"
}