{
  "id" : "3ba57a5a-219d-4c6f-ab0f-eabdfd79dabd",
  "name" : "Amplify Traceability Connector",
  "description" : "Amplify Traceability Connector",
  "connection_config" : "{\"112c1cb8-4b9e-4d1a-a042-0bd031dc7d05\":{\"HTTPSEndpoint\":{\"id\":null,\"name\":\"Amplify Traceability Connector\",\"retry\":{\"count\":3,\"afterMs\":100},\"active\":true,\"client\":{\"id\":null},\"details\":{\"url\":\"apicentral.axway.com/api\",\"port\":0,\"httpVersion\":\"HTTP_2\",\"acceptedTLSVersions\":null,\"sslPublicCertificate\":{\"certificate\":null}},\"partners\":[{}],\"protocol\":\"HTTPS\",\"direction\":\"OUTGOING\",\"description\":\"Amplify Traceability Connector\",\"certificateId\":null,\"authentication\":{\"type\":\"OAUTH20\",\"user\":null,\"token\":null,\"scopes\":\"email profile\",\"headers\":[{\"header_key\":\"Content-Type\",\"header_value\":\"application/json\"},{\"header_key\":\"Accept\",\"header_value\":\"application/json\"}],\"password\":null,\"client_id\":\"programmatic-access_8cde1a18-2aeb-4bcd-85d5-cfb53ec9efb4\",\"token_url\":\"https://login.axway.com/auth/realms/Broker/protocol/openid-connect/token\",\"access_key\":null,\"aws_region\":null,\"grant_type\":\"client_credentials\",\"privateKey\":null,\"proxy_host\":null,\"proxy_port\":null,\"secret_key\":null,\"token_type\":\"access_token\",\"certificate\":null,\"api_key_name\":null,\"service_name\":null,\"api_key_value\":null,\"authorize_url\":null,\"client_secret\":\"34acad9f-378e-44bd-857d-24ea297ab392\",\"proxy_enabled\":\"None\",\"session_token\":null,\"proxy_password\":null,\"proxy_protocol\":null,\"proxy_username\":null,\"responseTimeout\":120000,\"api_key_location\":null,\"safe_resource_path\":null,\"optional_parameters\":[],\"privateKeyPassphrase\":null,\"proxy_authentication\":null,\"aws_signature_location\":null,\"usePersistentConnections\":true,\"authorization_header_prefix\":\"Bearer\",\"client_credentials_location\":\"request_body\"},\"sslPublickeyId\":null,\"isSSLCertificate\":true,\"connectionTimeoutInMS\":120000}},\"81e359da-9454-40ba-b968-1273a3b8e37b\":{\"HTTPSEndpoint\":{\"id\":null,\"name\":\"Amplify Traceability Connector\",\"retry\":{\"count\":3,\"afterMs\":100},\"active\":true,\"client\":{\"id\":null},\"details\":{\"url\":null,\"port\":0,\"httpVersion\":\"HTTP_2\",\"acceptedTLSVersions\":null,\"sslPublicCertificate\":{\"certificate\":null}},\"partners\":[{}],\"protocol\":null,\"direction\":\"OUTGOING\",\"description\":\"Amplify Traceability Connector\",\"certificateId\":null,\"authentication\":{\"type\":\"NONE\",\"user\":null,\"token\":null,\"scopes\":null,\"headers\":[],\"password\":null,\"resource\":null,\"client_id\":null,\"token_url\":null,\"access_key\":null,\"aws_region\":null,\"grant_type\":null,\"privateKey\":null,\"proxy_host\":null,\"proxy_port\":null,\"secret_key\":null,\"token_type\":null,\"certificate\":null,\"api_key_name\":null,\"service_name\":null,\"api_key_value\":null,\"authorize_url\":null,\"client_secret\":null,\"proxy_enabled\":\"None\",\"session_token\":null,\"proxy_password\":null,\"proxy_protocol\":null,\"proxy_username\":null,\"responseTimeout\":120000,\"api_key_location\":null,\"safe_resource_path\":null,\"optional_parameters\":[],\"privateKeyPassphrase\":null,\"proxy_authentication\":null,\"aws_signature_location\":null,\"usePersistentConnections\":true,\"authorization_header_name\":null,\"authorization_header_prefix\":null,\"client_credentials_location\":null},\"sslPublickeyId\":null,\"connectionTimeoutInMS\":120000}},\"bdf2e4f5-a195-40b5-a82a-1d76ab30e077\":{\"HTTPSEndpoint\":{\"id\":null,\"name\":\"Amplify Traceability Connector\",\"retry\":{\"count\":3,\"afterMs\":100},\"active\":true,\"client\":{\"id\":null},\"details\":{\"url\":null,\"port\":0,\"httpVersion\":\"HTTP_2\",\"acceptedTLSVersions\":null,\"sslPublicCertificate\":{\"certificate\":null}},\"partners\":[{}],\"protocol\":null,\"direction\":\"OUTGOING\",\"description\":\"Amplify Traceability Connector\",\"certificateId\":null,\"authentication\":{\"type\":\"NONE\",\"user\":null,\"token\":null,\"scopes\":null,\"headers\":[],\"password\":null,\"resource\":null,\"client_id\":null,\"token_url\":null,\"access_key\":null,\"aws_region\":null,\"grant_type\":null,\"privateKey\":null,\"proxy_host\":null,\"proxy_port\":null,\"secret_key\":null,\"token_type\":null,\"certificate\":null,\"api_key_name\":null,\"service_name\":null,\"api_key_value\":null,\"authorize_url\":null,\"client_secret\":null,\"proxy_enabled\":\"None\",\"session_token\":null,\"proxy_password\":null,\"proxy_protocol\":null,\"proxy_username\":null,\"responseTimeout\":120000,\"api_key_location\":null,\"safe_resource_path\":null,\"optional_parameters\":[],\"privateKeyPassphrase\":null,\"proxy_authentication\":null,\"aws_signature_location\":null,\"usePersistentConnections\":true,\"authorization_header_name\":null,\"authorization_header_prefix\":null,\"client_credentials_location\":null},\"sslPublickeyId\":null,\"connectionTimeoutInMS\":120000}}}",
  "endpoint_type_id" : "de4f95fa-d30d-4d50-998c-dd3d1293e83c",
  "enabled" : true,
  "bean_name" : "HTTPSClient-e99b37ef-e3e1-4c32-9542-b4feed91c79e",
  "status" : {
    "type" : "jsonb",
    "value" : "{\"112c1cb8-4b9e-4d1a-a042-0bd031dc7d05\": true, \"81e359da-9454-40ba-b968-1273a3b8e37b\": true, \"bdf2e4f5-a195-40b5-a82a-1d76ab30e077\": true}",
    "null" : false
  },
  "auth_token_config" : {
    "type" : "jsonb",
    "value" : "{}",
    "null" : false
  },
  "avatar_id" : null,
  "tag" : "EMPTY",
  "active" : true,
  "is_changed" : false,
  "comment" : "Added Amplify Traceability Connector",
  "is_error" : false,
  "base_tag" : "V24"
}