{
  "document_type_id" : "685b0bc4-6efd-4c9b-9116-822a30272dda",
  "name" : "API Spec Linting Job",
  "description" : "API Spec Linting Job Payload",
  "version" : null,
  "business_document_type_id" : null,
  "document_format_id" : "edc154a0-55fc-11e9-8647-d663bd873d93",
  "root_tag" : null,
  "structure" : {
    "type" : "jsonb",
    "value" : "[{\"key\": \"/group\", \"type\": \"string\", \"order\": 1.0, \"title\": \"group\", \"value\": {\"type\": \"string\", \"requiredFlag\": false}, \"isLeaf\": true, \"childrenSet\": false, \"hasChildren\": false, \"dataElementType\": \"string\"}, {\"key\": \"/apiVersion\", \"type\": \"string\", \"order\": 2.0, \"title\": \"apiVersion\", \"value\": {\"type\": \"string\", \"requiredFlag\": false}, \"isLeaf\": true, \"childrenSet\": false, \"hasChildren\": false, \"dataElementType\": \"string\"}, {\"key\": \"/kind\", \"type\": \"string\", \"order\": 3.0, \"title\": \"kind\", \"value\": {\"type\": \"string\", \"requiredFlag\": false}, \"isLeaf\": true, \"childrenSet\": false, \"hasChildren\": false, \"dataElementType\": \"string\"}, {\"key\": \"/name\", \"type\": \"string\", \"order\": 4.0, \"title\": \"name\", \"value\": {\"type\": \"string\", \"requiredFlag\": false}, \"isLeaf\": true, \"childrenSet\": false, \"hasChildren\": false, \"dataElementType\": \"string\"}, {\"key\": \"/title\", \"type\": \"string\", \"order\": 5.0, \"title\": \"title\", \"value\": {\"type\": \"string\", \"requiredFlag\": false}, \"isLeaf\": true, \"childrenSet\": false, \"hasChildren\": false, \"dataElementType\": \"string\"}, {\"key\": \"/owner\", \"type\": \"object\", \"order\": 6.0, \"title\": \"owner\", \"value\": {\"type\": \"object\", \"requiredFlag\": false}, \"isLeaf\": false, \"children\": [{\"key\": \"/owner/type\", \"type\": \"string\", \"order\": 7.0, \"title\": \"type\", \"value\": {\"type\": \"string\", \"requiredFlag\": false}, \"isLeaf\": true, \"childrenSet\": false, \"hasChildren\": false, \"dataElementType\": \"string\"}, {\"key\": \"/owner/id\", \"type\": \"string\", \"order\": 8.0, \"title\": \"id\", \"value\": {\"type\": \"string\", \"requiredFlag\": false}, \"isLeaf\": true, \"childrenSet\": false, \"hasChildren\": false, \"dataElementType\": \"string\"}], \"childrenSet\": false, \"hasChildren\": false, \"dataElementType\": \"document\"}, {\"key\": \"/metadata\", \"type\": \"object\", \"order\": 9.0, \"title\": \"metadata\", \"value\": {\"type\": \"object\", \"requiredFlag\": false}, \"isLeaf\": false, \"children\": [{\"key\": \"/metadata/id\", \"type\": \"string\", \"order\": 10.0, \"title\": \"id\", \"value\": {\"type\": \"string\", \"requiredFlag\": false}, \"isLeaf\": true, \"childrenSet\": false, \"hasChildren\": false, \"dataElementType\": \"string\"}, {\"key\": \"/metadata/audit\", \"type\": \"object\", \"order\": 11.0, \"title\": \"audit\", \"value\": {\"type\": \"object\", \"requiredFlag\": false}, \"isLeaf\": false, \"children\": [{\"key\": \"/metadata/audit/createTimestamp\", \"type\": \"string\", \"order\": 12.0, \"title\": \"createTimestamp\", \"value\": {\"type\": \"string\", \"requiredFlag\": false}, \"isLeaf\": true, \"childrenSet\": false, \"hasChildren\": false, \"dataElementType\": \"string\"}, {\"key\": \"/metadata/audit/createUserId\", \"type\": \"string\", \"order\": 13.0, \"title\": \"createUserId\", \"value\": {\"type\": \"string\", \"requiredFlag\": false}, \"isLeaf\": true, \"childrenSet\": false, \"hasChildren\": false, \"dataElementType\": \"string\"}, {\"key\": \"/metadata/audit/modifyTimestamp\", \"type\": \"string\", \"order\": 14.0, \"title\": \"modifyTimestamp\", \"value\": {\"type\": \"string\", \"requiredFlag\": false}, \"isLeaf\": true, \"childrenSet\": false, \"hasChildren\": false, \"dataElementType\": \"string\"}], \"childrenSet\": false, \"hasChildren\": false, \"dataElementType\": \"document\"}, {\"key\": \"/metadata/scope\", \"type\": \"object\", \"order\": 15.0, \"title\": \"scope\", \"value\": {\"type\": \"object\", \"requiredFlag\": false}, \"isLeaf\": false, \"children\": [{\"key\": \"/metadata/scope/id\", \"type\": \"string\", \"order\": 16.0, \"title\": \"id\", \"value\": {\"type\": \"string\", \"requiredFlag\": false}, \"isLeaf\": true, \"childrenSet\": false, \"hasChildren\": false, \"dataElementType\": \"string\"}, {\"key\": \"/metadata/scope/kind\", \"type\": \"string\", \"order\": 17.0, \"title\": \"kind\", \"value\": {\"type\": \"string\", \"requiredFlag\": false}, \"isLeaf\": true, \"childrenSet\": false, \"hasChildren\": false, \"dataElementType\": \"string\"}, {\"key\": \"/metadata/scope/name\", \"type\": \"string\", \"order\": 18.0, \"title\": \"name\", \"value\": {\"type\": \"string\", \"requiredFlag\": false}, \"isLeaf\": true, \"childrenSet\": false, \"hasChildren\": false, \"dataElementType\": \"string\"}, {\"key\": \"/metadata/scope/title\", \"type\": \"string\", \"order\": 19.0, \"title\": \"title\", \"value\": {\"type\": \"string\", \"requiredFlag\": false}, \"isLeaf\": true, \"childrenSet\": false, \"hasChildren\": false, \"dataElementType\": \"string\"}, {\"key\": \"/metadata/scope/selfLink\", \"type\": \"string\", \"order\": 20.0, \"title\": \"selfLink\", \"value\": {\"type\": \"string\", \"requiredFlag\": false}, \"isLeaf\": true, \"childrenSet\": false, \"hasChildren\": false, \"dataElementType\": \"string\"}], \"childrenSet\": false, \"hasChildren\": false, \"dataElementType\": \"document\"}, {\"key\": \"/metadata/acl[]\", \"type\": \"array\", \"order\": 21.0, \"title\": \"acl\", \"value\": {\"type\": \"array\", \"requiredFlag\": false}, \"isLeaf\": false, \"childrenSet\": false, \"hasChildren\": false, \"dataElementType\": \"objectArray\"}, {\"key\": \"/metadata/accessRights\", \"type\": \"object\", \"order\": 22.0, \"title\": \"accessRights\", \"value\": {\"type\": \"object\", \"requiredFlag\": false}, \"isLeaf\": false, \"children\": [{\"key\": \"/metadata/accessRights/canChangeOwner\", \"type\": \"boolean\", \"order\": 23.0, \"title\": \"canChangeOwner\", \"value\": {\"type\": \"boolean\", \"requiredFlag\": false}, \"isLeaf\": true, \"childrenSet\": false, \"hasChildren\": false, \"dataElementType\": \"boolean\"}, {\"key\": \"/metadata/accessRights/canDelete\", \"type\": \"boolean\", \"order\": 24.0, \"title\": \"canDelete\", \"value\": {\"type\": \"boolean\", \"requiredFlag\": false}, \"isLeaf\": true, \"childrenSet\": false, \"hasChildren\": false, \"dataElementType\": \"boolean\"}, {\"key\": \"/metadata/accessRights/canWrite\", \"type\": \"boolean\", \"order\": 25.0, \"title\": \"canWrite\", \"value\": {\"type\": \"boolean\", \"requiredFlag\": false}, \"isLeaf\": true, \"childrenSet\": false, \"hasChildren\": false, \"dataElementType\": \"boolean\"}, {\"key\": \"/metadata/accessRights/canRead\", \"type\": \"boolean\", \"order\": 26.0, \"title\": \"canRead\", \"value\": {\"type\": \"boolean\", \"requiredFlag\": false}, \"isLeaf\": true, \"childrenSet\": false, \"hasChildren\": false, \"dataElementType\": \"boolean\"}], \"childrenSet\": false, \"hasChildren\": false, \"dataElementType\": \"document\"}, {\"key\": \"/metadata/resourceVersion\", \"type\": \"string\", \"order\": 27.0, \"title\": \"resourceVersion\", \"value\": {\"type\": \"string\", \"requiredFlag\": false}, \"isLeaf\": true, \"childrenSet\": false, \"hasChildren\": false, \"dataElementType\": \"string\"}, {\"key\": \"/metadata/references[]\", \"type\": \"array\", \"order\": 28.0, \"title\": \"references\", \"value\": {\"type\": \"array\", \"requiredFlag\": false}, \"isLeaf\": false, \"children\": [{\"key\": \"/metadata/references[]/id\", \"type\": \"string\", \"order\": 29.0, \"title\": \"id\", \"value\": {\"type\": \"string\", \"requiredFlag\": false}, \"isLeaf\": true, \"childrenSet\": false, \"hasChildren\": false, \"dataElementType\": \"string\"}, {\"key\": \"/metadata/references[]/kind\", \"type\": \"string\", \"order\": 30.0, \"title\": \"kind\", \"value\": {\"type\": \"string\", \"requiredFlag\": false}, \"isLeaf\": true, \"childrenSet\": false, \"hasChildren\": false, \"dataElementType\": \"string\"}, {\"key\": \"/metadata/references[]/name\", \"type\": \"string\", \"order\": 31.0, \"title\": \"name\", \"value\": {\"type\": \"string\", \"requiredFlag\": false}, \"isLeaf\": true, \"childrenSet\": false, \"hasChildren\": false, \"dataElementType\": \"string\"}, {\"key\": \"/metadata/references[]/selfLink\", \"type\": \"string\", \"order\": 32.0, \"title\": \"selfLink\", \"value\": {\"type\": \"string\", \"requiredFlag\": false}, \"isLeaf\": true, \"childrenSet\": false, \"hasChildren\": false, \"dataElementType\": \"string\"}, {\"key\": \"/metadata/references[]/type\", \"type\": \"string\", \"order\": 33.0, \"title\": \"type\", \"value\": {\"type\": \"string\", \"requiredFlag\": false}, \"isLeaf\": true, \"childrenSet\": false, \"hasChildren\": false, \"dataElementType\": \"string\"}, {\"key\": \"/metadata/references[]/group\", \"type\": \"string\", \"order\": 34.0, \"title\": \"group\", \"value\": {\"type\": \"string\", \"requiredFlag\": false}, \"isLeaf\": true, \"childrenSet\": false, \"hasChildren\": false, \"dataElementType\": \"string\"}, {\"key\": \"/metadata/references[]/scopeKind\", \"type\": \"string\", \"order\": 35.0, \"title\": \"scopeKind\", \"value\": {\"type\": \"string\", \"requiredFlag\": false}, \"isLeaf\": true, \"childrenSet\": false, \"hasChildren\": false, \"dataElementType\": \"string\"}, {\"key\": \"/metadata/references[]/scopeName\", \"type\": \"string\", \"order\": 36.0, \"title\": \"scopeName\", \"value\": {\"type\": \"string\", \"requiredFlag\": false}, \"isLeaf\": true, \"childrenSet\": false, \"hasChildren\": false, \"dataElementType\": \"string\"}], \"childrenSet\": false, \"hasChildren\": false, \"dataElementType\": \"documentArray\"}, {\"key\": \"/metadata/selfLink\", \"type\": \"string\", \"order\": 37.0, \"title\": \"selfLink\", \"value\": {\"type\": \"string\", \"requiredFlag\": false}, \"isLeaf\": true, \"childrenSet\": false, \"hasChildren\": false, \"dataElementType\": \"string\"}], \"childrenSet\": false, \"hasChildren\": false, \"dataElementType\": \"document\"}, {\"key\": \"/attributes\", \"type\": \"object\", \"order\": 38.0, \"title\": \"attributes\", \"value\": {\"type\": \"object\", \"requiredFlag\": false}, \"isLeaf\": false, \"childrenSet\": false, \"hasChildren\": false, \"dataElementType\": \"object\"}, {\"key\": \"/finalizers[]\", \"type\": \"array\", \"order\": 39.0, \"title\": \"finalizers\", \"value\": {\"type\": \"array\", \"requiredFlag\": false}, \"isLeaf\": false, \"childrenSet\": false, \"hasChildren\": false, \"dataElementType\": \"objectArray\"}, {\"key\": \"/tags[]\", \"type\": \"array\", \"order\": 40.0, \"title\": \"tags\", \"value\": {\"type\": \"array\", \"requiredFlag\": false}, \"isLeaf\": false, \"childrenSet\": false, \"hasChildren\": false, \"dataElementType\": \"objectArray\"}, {\"key\": \"/spec\", \"type\": \"object\", \"order\": 41.0, \"title\": \"spec\", \"value\": {\"type\": \"object\", \"requiredFlag\": false}, \"isLeaf\": false, \"children\": [{\"key\": \"/spec/apiServiceRevision\", \"type\": \"string\", \"order\": 42.0, \"title\": \"apiServiceRevision\", \"value\": {\"type\": \"string\", \"requiredFlag\": false}, \"isLeaf\": true, \"childrenSet\": false, \"hasChildren\": false, \"dataElementType\": \"string\"}, {\"key\": \"/spec/apiSpecLintingRuleset\", \"type\": \"string\", \"order\": 43.0, \"title\": \"apiSpecLintingRuleset\", \"value\": {\"type\": \"string\", \"requiredFlag\": false}, \"isLeaf\": true, \"childrenSet\": false, \"hasChildren\": false, \"dataElementType\": \"string\"}], \"childrenSet\": false, \"hasChildren\": false, \"dataElementType\": \"document\"}, {\"key\": \"/result\", \"type\": \"object\", \"order\": 44.0, \"title\": \"result\", \"value\": {\"type\": \"object\", \"requiredFlag\": false}, \"isLeaf\": false, \"children\": [{\"key\": \"/result/details[]\", \"type\": \"array\", \"order\": 45.0, \"title\": \"details\", \"value\": {\"type\": \"array\", \"requiredFlag\": false}, \"isLeaf\": false, \"children\": [{\"key\": \"/result/details[]/path\", \"type\": \"string\", \"order\": 46.0, \"title\": \"path\", \"value\": {\"type\": \"string\", \"requiredFlag\": false}, \"isLeaf\": true, \"childrenSet\": false, \"hasChildren\": false, \"dataElementType\": \"string\"}, {\"key\": \"/result/details[]/rule\", \"type\": \"string\", \"order\": 47.0, \"title\": \"rule\", \"value\": {\"type\": \"string\", \"requiredFlag\": false}, \"isLeaf\": true, \"childrenSet\": false, \"hasChildren\": false, \"dataElementType\": \"string\"}, {\"key\": \"/result/details[]/message\", \"type\": \"string\", \"order\": 48.0, \"title\": \"message\", \"value\": {\"type\": \"string\", \"requiredFlag\": false}, \"isLeaf\": true, \"childrenSet\": false, \"hasChildren\": false, \"dataElementType\": \"string\"}, {\"key\": \"/result/details[]/location\", \"type\": \"object\", \"order\": 49.0, \"title\": \"location\", \"value\": {\"type\": \"object\", \"requiredFlag\": false}, \"isLeaf\": false, \"children\": [{\"key\": \"/result/details[]/location/line\", \"type\": \"integer\", \"order\": 50.0, \"title\": \"line\", \"value\": {\"type\": \"integer\", \"requiredFlag\": false}, \"isLeaf\": true, \"childrenSet\": false, \"hasChildren\": false, \"dataElementType\": \"integer\"}, {\"key\": \"/result/details[]/location/character\", \"type\": \"integer\", \"order\": 51.0, \"title\": \"character\", \"value\": {\"type\": \"integer\", \"requiredFlag\": false}, \"isLeaf\": true, \"childrenSet\": false, \"hasChildren\": false, \"dataElementType\": \"integer\"}], \"childrenSet\": false, \"hasChildren\": false, \"dataElementType\": \"document\"}, {\"key\": \"/result/details[]/severity\", \"type\": \"string\", \"order\": 52.0, \"title\": \"severity\", \"value\": {\"type\": \"string\", \"requiredFlag\": false}, \"isLeaf\": true, \"childrenSet\": false, \"hasChildren\": false, \"dataElementType\": \"string\"}], \"childrenSet\": false, \"hasChildren\": false, \"dataElementType\": \"documentArray\"}, {\"key\": \"/result/summary\", \"type\": \"object\", \"order\": 53.0, \"title\": \"summary\", \"value\": {\"type\": \"object\", \"requiredFlag\": false}, \"isLeaf\": false, \"children\": [{\"key\": \"/result/summary/grade\", \"type\": \"string\", \"order\": 54.0, \"title\": \"grade\", \"value\": {\"type\": \"string\", \"requiredFlag\": false}, \"isLeaf\": true, \"childrenSet\": false, \"hasChildren\": false, \"dataElementType\": \"string\"}, {\"key\": \"/result/summary/hintCount\", \"type\": \"integer\", \"order\": 55.0, \"title\": \"hintCount\", \"value\": {\"type\": \"integer\", \"requiredFlag\": false}, \"isLeaf\": true, \"childrenSet\": false, \"hasChildren\": false, \"dataElementType\": \"integer\"}, {\"key\": \"/result/summary/infoCount\", \"type\": \"integer\", \"order\": 56.0, \"title\": \"infoCount\", \"value\": {\"type\": \"integer\", \"requiredFlag\": false}, \"isLeaf\": true, \"childrenSet\": false, \"hasChildren\": false, \"dataElementType\": \"integer\"}, {\"key\": \"/result/summary/errorCount\", \"type\": \"integer\", \"order\": 57.0, \"title\": \"errorCount\", \"value\": {\"type\": \"integer\", \"requiredFlag\": false}, \"isLeaf\": true, \"childrenSet\": false, \"hasChildren\": false, \"dataElementType\": \"integer\"}, {\"key\": \"/result/summary/warningCount\", \"type\": \"integer\", \"order\": 58.0, \"title\": \"warningCount\", \"value\": {\"type\": \"integer\", \"requiredFlag\": false}, \"isLeaf\": true, \"childrenSet\": false, \"hasChildren\": false, \"dataElementType\": \"integer\"}], \"childrenSet\": false, \"hasChildren\": false, \"dataElementType\": \"document\"}, {\"key\": \"/result/detailsThresholdExceeded\", \"type\": \"boolean\", \"order\": 59.0, \"title\": \"detailsThresholdExceeded\", \"value\": {\"type\": \"boolean\", \"requiredFlag\": false}, \"isLeaf\": true, \"childrenSet\": false, \"hasChildren\": false, \"dataElementType\": \"boolean\"}], \"childrenSet\": false, \"hasChildren\": false, \"dataElementType\": \"document\"}, {\"key\": \"/archived\", \"type\": \"boolean\", \"order\": 60.0, \"title\": \"archived\", \"value\": {\"type\": \"boolean\", \"requiredFlag\": false}, \"isLeaf\": true, \"childrenSet\": false, \"hasChildren\": false, \"dataElementType\": \"boolean\"}, {\"key\": \"/state\", \"type\": \"object\", \"order\": 61.0, \"title\": \"state\", \"value\": {\"type\": \"object\", \"requiredFlag\": false}, \"isLeaf\": false, \"children\": [{\"key\": \"/state/name\", \"type\": \"string\", \"order\": 62.0, \"title\": \"name\", \"value\": {\"type\": \"string\", \"requiredFlag\": false}, \"isLeaf\": true, \"childrenSet\": false, \"hasChildren\": false, \"dataElementType\": \"string\"}, {\"key\": \"/state/timestamp\", \"type\": \"string\", \"order\": 63.0, \"title\": \"timestamp\", \"value\": {\"type\": \"string\", \"requiredFlag\": false}, \"isLeaf\": true, \"childrenSet\": false, \"hasChildren\": false, \"dataElementType\": \"string\"}], \"childrenSet\": false, \"hasChildren\": false, \"dataElementType\": \"document\"}]",
    "null" : false
  },
  "key_fields" : null,
  "schema" : {
    "type" : "json",
    "value" : "{\"$id\":\"API Spec Linkting Job\",\"$schema\":\"http://json-schema.org/draft-07/schema#\",\"type\":\"object\",\"properties\":{\"group\":{\"type\":\"string\",\"title\":\"group\",\"default\":\"\",\"examples\":[\"management\"],\"properties\":{},\"pattern\":\"^(.*)$\"},\"apiVersion\":{\"type\":\"string\",\"title\":\"apiVersion\",\"default\":\"\",\"examples\":[\"v1\"],\"properties\":{},\"pattern\":\"^(.*)$\"},\"kind\":{\"type\":\"string\",\"title\":\"kind\",\"default\":\"\",\"examples\":[\"APISpecLintingJob\"],\"properties\":{},\"pattern\":\"^(.*)$\"},\"name\":{\"type\":\"string\",\"title\":\"name\",\"default\":\"\",\"examples\":[\"willful-mermaid\"],\"properties\":{},\"pattern\":\"^(.*)$\"},\"title\":{\"type\":\"string\",\"title\":\"title\",\"default\":\"\",\"examples\":[\"willful-mermaid\"],\"properties\":{},\"pattern\":\"^(.*)$\"},\"owner\":{\"type\":\"object\",\"title\":\"owner\",\"properties\":{\"type\":{\"type\":\"string\",\"title\":\"type\",\"default\":\"\",\"examples\":[\"team\"],\"properties\":{},\"pattern\":\"^(.*)$\"},\"id\":{\"type\":\"string\",\"title\":\"id\",\"default\":\"\",\"examples\":[\"e4ec6c1a69fd0b8e016a22c82fc9170c\"],\"properties\":{},\"pattern\":\"^(.*)$\"}}},\"metadata\":{\"type\":\"object\",\"title\":\"metadata\",\"properties\":{\"id\":{\"type\":\"string\",\"title\":\"id\",\"default\":\"\",\"examples\":[\"8a2e80008d3dbf08018d41d3db0410aa\"],\"properties\":{},\"pattern\":\"^(.*)$\"},\"audit\":{\"type\":\"object\",\"title\":\"audit\",\"properties\":{\"createTimestamp\":{\"type\":\"string\",\"title\":\"createTimestamp\",\"default\":\"\",\"examples\":[\"2024-01-25T18:13:39.716+0000\"],\"properties\":{},\"pattern\":\"^(.*)$\"},\"createUserId\":{\"type\":\"string\",\"title\":\"createUserId\",\"default\":\"\",\"examples\":[\"8c27302c-c69a-41ab-855a-b90faad590ad\"],\"properties\":{},\"pattern\":\"^(.*)$\"},\"modifyTimestamp\":{\"type\":\"string\",\"title\":\"modifyTimestamp\",\"default\":\"\",\"examples\":[\"2024-01-25T18:13:40.819+0000\"],\"properties\":{},\"pattern\":\"^(.*)$\"}}},\"scope\":{\"type\":\"object\",\"title\":\"scope\",\"properties\":{\"id\":{\"type\":\"string\",\"title\":\"id\",\"default\":\"\",\"examples\":[\"8a2e862d779860e20177a6888d450233\"],\"properties\":{},\"pattern\":\"^(.*)$\"},\"kind\":{\"type\":\"string\",\"title\":\"kind\",\"default\":\"\",\"examples\":[\"Environment\"],\"properties\":{},\"pattern\":\"^(.*)$\"},\"name\":{\"type\":\"string\",\"title\":\"name\",\"default\":\"\",\"examples\":[\"aws\"],\"properties\":{},\"pattern\":\"^(.*)$\"},\"title\":{\"type\":\"string\",\"title\":\"title\",\"default\":\"\",\"examples\":[\"aws\"],\"properties\":{},\"pattern\":\"^(.*)$\"},\"selfLink\":{\"type\":\"string\",\"title\":\"selfLink\",\"default\":\"\",\"examples\":[\"/management/v1alpha1/environments/aws\"],\"properties\":{},\"pattern\":\"^(.*)$\"}}},\"acl\":{\"type\":\"array\",\"properties\":{},\"items\":{\"type\":\"object\",\"properties\":{}}},\"accessRights\":{\"type\":\"object\",\"title\":\"accessRights\",\"properties\":{\"canChangeOwner\":{\"type\":\"boolean\",\"title\":\"canChangeOwner\",\"default\":false,\"examples\":[false,true],\"properties\":{}},\"canDelete\":{\"type\":\"boolean\",\"title\":\"canDelete\",\"default\":false,\"examples\":[false,true],\"properties\":{}},\"canWrite\":{\"type\":\"boolean\",\"title\":\"canWrite\",\"default\":false,\"examples\":[false,true],\"properties\":{}},\"canRead\":{\"type\":\"boolean\",\"title\":\"canRead\",\"default\":false,\"examples\":[false,true],\"properties\":{}}}},\"resourceVersion\":{\"type\":\"string\",\"title\":\"resourceVersion\",\"default\":\"\",\"examples\":[\"2\"],\"properties\":{},\"pattern\":\"^(.*)$\"},\"references\":{\"type\":\"array\",\"title\":\"references\",\"properties\":{},\"items\":{\"type\":\"object\",\"properties\":{\"id\":{\"type\":\"string\",\"title\":\"id\",\"default\":\"\",\"examples\":[\"8a2e96e38d1f1ba2018d3d5185c65d6d\"],\"properties\":{},\"pattern\":\"^(.*)$\"},\"kind\":{\"type\":\"string\",\"title\":\"kind\",\"default\":\"\",\"examples\":[\"APIServiceRevision\"],\"properties\":{},\"pattern\":\"^(.*)$\"},\"name\":{\"type\":\"string\",\"title\":\"name\",\"default\":\"\",\"examples\":[\"farmstore-stage-prod-2024-01-24-r-0\"],\"properties\":{},\"pattern\":\"^(.*)$\"},\"selfLink\":{\"type\":\"string\",\"title\":\"selfLink\",\"default\":\"\",\"examples\":[\"/management/v1alpha1/environments/aws/apiservicerevisions/farmstore-stage-prod-2024-01-24-r-0\"],\"properties\":{},\"pattern\":\"^(.*)$\"},\"type\":{\"type\":\"string\",\"title\":\"type\",\"default\":\"\",\"examples\":[\"hard\"],\"properties\":{},\"pattern\":\"^(.*)$\"},\"group\":{\"type\":\"string\",\"title\":\"group\",\"default\":\"\",\"examples\":[\"management\"],\"properties\":{},\"pattern\":\"^(.*)$\"},\"scopeKind\":{\"type\":\"string\",\"title\":\"scopeKind\",\"default\":\"\",\"examples\":[\"Environment\"],\"properties\":{},\"pattern\":\"^(.*)$\"},\"scopeName\":{\"type\":\"string\",\"title\":\"scopeName\",\"default\":\"\",\"examples\":[\"aws\"],\"properties\":{},\"pattern\":\"^(.*)$\"}}}},\"selfLink\":{\"type\":\"string\",\"title\":\"selfLink\",\"default\":\"\",\"examples\":[\"/management/v1/environments/aws/apispeclintingjobs/willful-mermaid\"],\"properties\":{},\"pattern\":\"^(.*)$\"}}},\"attributes\":{\"type\":\"object\",\"properties\":{}},\"finalizers\":{\"type\":\"array\",\"properties\":{},\"items\":{\"type\":\"object\",\"properties\":{}}},\"tags\":{\"type\":\"array\",\"properties\":{},\"items\":{\"type\":\"object\",\"properties\":{}}},\"spec\":{\"type\":\"object\",\"title\":\"spec\",\"properties\":{\"apiServiceRevision\":{\"type\":\"string\",\"title\":\"apiServiceRevision\",\"default\":\"\",\"examples\":[\"farmstore-stage-prod-2024-01-24-r-0\"],\"properties\":{},\"pattern\":\"^(.*)$\"},\"apiSpecLintingRuleset\":{\"type\":\"string\",\"title\":\"apiSpecLintingRuleset\",\"default\":\"\",\"examples\":[\"owasp-security-ruleset\"],\"properties\":{},\"pattern\":\"^(.*)$\"}}},\"result\":{\"type\":\"object\",\"title\":\"result\",\"properties\":{\"details\":{\"type\":\"array\",\"title\":\"details\",\"properties\":{},\"items\":{\"type\":\"object\",\"properties\":{\"path\":{\"type\":\"string\",\"title\":\"path\",\"default\":\"\",\"examples\":[\"\"],\"properties\":{},\"pattern\":\"^(.*)$\"},\"rule\":{\"type\":\"string\",\"title\":\"rule\",\"default\":\"\",\"examples\":[\"owasp:api4:2019-string-restricted\"],\"properties\":{},\"pattern\":\"^(.*)$\"},\"message\":{\"type\":\"string\",\"title\":\"message\",\"default\":\"\",\"examples\":[\"Schema of type string must specify a format, pattern, enum, or const.\"],\"properties\":{},\"pattern\":\"^(.*)$\"},\"location\":{\"type\":\"object\",\"title\":\"location\",\"properties\":{\"line\":{\"type\":\"integer\",\"title\":\"line\",\"default\":0,\"examples\":[232],\"properties\":{}},\"character\":{\"type\":\"integer\",\"title\":\"character\",\"default\":0,\"examples\":[15],\"properties\":{}}}},\"severity\":{\"type\":\"string\",\"title\":\"severity\",\"default\":\"\",\"examples\":[\"error\"],\"properties\":{},\"pattern\":\"^(.*)$\"}}}},\"summary\":{\"type\":\"object\",\"title\":\"summary\",\"properties\":{\"grade\":{\"type\":\"string\",\"title\":\"grade\",\"default\":\"\",\"examples\":[\"F\"],\"properties\":{},\"pattern\":\"^(.*)$\"},\"hintCount\":{\"type\":\"integer\",\"title\":\"hintCount\",\"default\":0,\"examples\":[0],\"properties\":{}},\"infoCount\":{\"type\":\"integer\",\"title\":\"infoCount\",\"default\":0,\"examples\":[0],\"properties\":{}},\"errorCount\":{\"type\":\"integer\",\"title\":\"errorCount\",\"default\":0,\"examples\":[66],\"properties\":{}},\"warningCount\":{\"type\":\"integer\",\"title\":\"warningCount\",\"default\":0,\"examples\":[49],\"properties\":{}}}},\"detailsThresholdExceeded\":{\"type\":\"boolean\",\"title\":\"detailsThresholdExceeded\",\"default\":false,\"examples\":[false,true],\"properties\":{}}}},\"archived\":{\"type\":\"boolean\",\"title\":\"archived\",\"default\":false,\"examples\":[false,true],\"properties\":{}},\"state\":{\"type\":\"object\",\"title\":\"state\",\"properties\":{\"name\":{\"type\":\"string\",\"title\":\"name\",\"default\":\"\",\"examples\":[\"Succeeded\"],\"properties\":{},\"pattern\":\"^(.*)$\"},\"timestamp\":{\"type\":\"string\",\"title\":\"timestamp\",\"default\":\"\",\"examples\":[\"2024-00-25T18:13:40.731+0000\"],\"properties\":{},\"pattern\":\"^(.*)$\"}}}}}",
    "null" : false
  },
  "source_schema" : "{    \"group\": \"management\",    \"apiVersion\": \"v1\",    \"kind\": \"APISpecLintingJob\",    \"name\": \"willful-mermaid\",    \"title\": \"willful-mermaid\",    \"owner\": {        \"type\": \"team\",        \"id\": \"e4ec6c1a69fd0b8e016a22c82fc9170c\"    },    \"metadata\": {        \"id\": \"8a2e80008d3dbf08018d41d3db0410aa\",        \"audit\": {            \"createTimestamp\": \"2024-01-25T18:13:39.716+0000\",            \"createUserId\": \"8c27302c-c69a-41ab-855a-b90faad590ad\",            \"modifyTimestamp\": \"2024-01-25T18:13:40.819+0000\"        },        \"scope\": {            \"id\": \"8a2e862d779860e20177a6888d450233\",            \"kind\": \"Environment\",            \"name\": \"aws\",            \"title\": \"aws\",            \"selfLink\": \"/management/v1alpha1/environments/aws\"        },        \"acl\": [],        \"accessRights\": {            \"canChangeOwner\": false,            \"canDelete\": false,            \"canWrite\": false,            \"canRead\": true        },        \"resourceVersion\": \"2\",        \"references\": [            {                \"id\": \"8a2e89018d3dbdfb018d4181b8b111bf\",                \"kind\": \"APISpecLintingRuleset\",                \"name\": \"owasp-security-ruleset\",                \"selfLink\": \"/management/v1/apispeclintingrulesets/owasp-security-ruleset\",                \"type\": \"soft\",                \"group\": \"management\"            },            {                \"id\": \"8a2e96e38d1f1ba2018d3d5185c65d6d\",                \"kind\": \"APIServiceRevision\",                \"name\": \"farmstore-stage-prod-2024-01-24-r-0\",                \"scopeKind\": \"Environment\",                \"scopeName\": \"aws\",                \"selfLink\": \"/management/v1alpha1/environments/aws/apiservicerevisions/farmstore-stage-prod-2024-01-24-r-0\",                \"type\": \"hard\",                \"group\": \"management\"            }        ],        \"selfLink\": \"/management/v1/environments/aws/apispeclintingjobs/willful-mermaid\"    },    \"attributes\": {},    \"finalizers\": [],    \"tags\": [],    \"spec\": {        \"apiServiceRevision\": \"farmstore-stage-prod-2024-01-24-r-0\",        \"apiSpecLintingRuleset\": \"owasp-security-ruleset\"    },    \"result\": {        \"details\": [            {                \"path\": \"/\",                \"rule\": \"owasp:api3:2019-define-error-responses-401\",                \"message\": \"Operation is missing responses[401].\",                \"location\": {                    \"line\": 15,                    \"character\": 20                },                \"severity\": \"warning\"            },            {                \"path\": \"/\",                \"rule\": \"owasp:api3:2019-define-error-responses-401\",                \"message\": \"Operation is missing responses[401].content.\",                \"location\": {                    \"line\": 15,                    \"character\": 20                },                \"severity\": \"warning\"            },            {                \"path\": \"/\",                \"rule\": \"owasp:api3:2019-define-error-responses-500\",                \"message\": \"Operation is missing responses[500].\",                \"location\": {                    \"line\": 15,                    \"character\": 20                },                \"severity\": \"warning\"            },            {                \"path\": \"/\",                \"rule\": \"owasp:api3:2019-define-error-responses-500\",                \"message\": \"Operation is missing responses[500].content.\",                \"location\": {                    \"line\": 15,                    \"character\": 20                },                \"severity\": \"warning\"            },            {                \"path\": \"/\",                \"rule\": \"owasp:api3:2019-define-error-validation\",                \"message\": \"Missing error response of either 400, 422 or 4XX.\",                \"location\": {                    \"line\": 15,                    \"character\": 20                },                \"severity\": \"warning\"            },            {                \"path\": \"/\",                \"rule\": \"owasp:api4:2019-rate-limit-responses-429\",                \"message\": \"Operation is missing rate limiting response in responses[429].\",                \"location\": {                    \"line\": 15,                    \"character\": 20                },                \"severity\": \"warning\"            },            {                \"path\": \"/\",                \"rule\": \"owasp:api4:2019-rate-limit-responses-429\",                \"message\": \"Operation is missing rate limiting response in responses[429].content.\",                \"location\": {                    \"line\": 15,                    \"character\": 20                },                \"severity\": \"warning\"            },            {                \"path\": \"/\",                \"rule\": \"owasp:api4:2019-string-limit\",                \"message\": \"Schema of type string must specify maxLength, enum, or const.\",                \"location\": {                    \"line\": 19,                    \"character\": 44                },                \"severity\": \"error\"            },            {                \"path\": \"/\",                \"rule\": \"owasp:api4:2019-string-restricted\",                \"message\": \"Schema of type string must specify a format, pattern, enum, or const.\",                \"location\": {                    \"line\": 19,                    \"character\": 44                },                \"severity\": \"error\"            },            {                \"path\": \"/\",                \"rule\": \"owasp:api4:2019-string-limit\",                \"message\": \"Schema of type string must specify maxLength, enum, or const.\",                \"location\": {                    \"line\": 22,                    \"character\": 29                },                \"severity\": \"error\"            },            {                \"path\": \"/\",                \"rule\": \"owasp:api4:2019-string-restricted\",                \"message\": \"Schema of type string must specify a format, pattern, enum, or const.\",                \"location\": {                    \"line\": 22,                    \"character\": 29                },                \"severity\": \"error\"            },            {                \"path\": \"/\",                \"rule\": \"owasp:api3:2019-define-error-responses-401\",                \"message\": \"Operation is missing responses[401].\",                \"location\": {                    \"line\": 35,                    \"character\": 20                },                \"severity\": \"warning\"            },            {                \"path\": \"/\",                \"rule\": \"owasp:api3:2019-define-error-responses-401\",                \"message\": \"Operation is missing responses[401].content.\",                \"location\": {                    \"line\": 35,                    \"character\": 20                },                \"severity\": \"warning\"            },            {                \"path\": \"/\",                \"rule\": \"owasp:api3:2019-define-error-responses-500\",                \"message\": \"Operation is missing responses[500].\",                \"location\": {                    \"line\": 35,                    \"character\": 20                },                \"severity\": \"warning\"            },            {                \"path\": \"/\",                \"rule\": \"owasp:api3:2019-define-error-responses-500\",                \"message\": \"Operation is missing responses[500].content.\",                \"location\": {                    \"line\": 35,                    \"character\": 20                },                \"severity\": \"warning\"            },            {                \"path\": \"/\",                \"rule\": \"owasp:api3:2019-define-error-validation\",                \"message\": \"Missing error response of either 400, 422 or 4XX.\",                \"location\": {                    \"line\": 35,                    \"character\": 20                },                \"severity\": \"warning\"            },            {                \"path\": \"/\",                \"rule\": \"owasp:api4:2019-rate-limit-responses-429\",                \"message\": \"Operation is missing rate limiting response in responses[429].\",                \"location\": {                    \"line\": 35,                    \"character\": 20                },                \"severity\": \"warning\"            },            {                \"path\": \"/\",                \"rule\": \"owasp:api4:2019-rate-limit-responses-429\",                \"message\": \"Operation is missing rate limiting response in responses[429].content.\",                \"location\": {                    \"line\": 35,                    \"character\": 20                },                \"severity\": \"warning\"            },            {                \"path\": \"/\",                \"rule\": \"owasp:api4:2019-string-limit\",                \"message\": \"Schema of type string must specify maxLength, enum, or const.\",                \"location\": {                    \"line\": 42,                    \"character\": 44                },                \"severity\": \"error\"            },            {                \"path\": \"/\",                \"rule\": \"owasp:api4:2019-string-restricted\",                \"message\": \"Schema of type string must specify a format, pattern, enum, or const.\",                \"location\": {                    \"line\": 42,                    \"character\": 44                },                \"severity\": \"error\"            },            {                \"path\": \"/\",                \"rule\": \"owasp:api4:2019-string-limit\",                \"message\": \"Schema of type string must specify maxLength, enum, or const.\",                \"location\": {                    \"line\": 45,                    \"character\": 45                },                \"severity\": \"error\"            },            {                \"path\": \"/\",                \"rule\": \"owasp:api4:2019-string-restricted\",                \"message\": \"Schema of type string must specify a format, pattern, enum, or const.\",                \"location\": {                    \"line\": 45,                    \"character\": 45                },                \"severity\": \"error\"            },            {                \"path\": \"/\",                \"rule\": \"owasp:api4:2019-string-limit\",                \"message\": \"Schema of type string must specify maxLength, enum, or const.\",                \"location\": {                    \"line\": 48,                    \"character\": 45                },                \"severity\": \"error\"            },            {                \"path\": \"/\",                \"rule\": \"owasp:api4:2019-string-restricted\",                \"message\": \"Schema of type string must specify a format, pattern, enum, or const.\",                \"location\": {                    \"line\": 48,                    \"character\": 45                },                \"severity\": \"error\"            },            {                \"path\": \"/pets\",                \"rule\": \"owasp:api4:2019-string-limit\",                \"message\": \"Schema of type string must specify maxLength, enum, or const.\",                \"location\": {                    \"line\": 59,                    \"character\": 25                },                \"severity\": \"error\"            },            {                \"path\": \"/pets\",                \"rule\": \"owasp:api4:2019-string-restricted\",                \"message\": \"Schema of type string must specify a format, pattern, enum, or const.\",                \"location\": {                    \"line\": 59,                    \"character\": 25                },                \"severity\": \"error\"            },            {                \"path\": \"/pets\",                \"rule\": \"owasp:api4:2019-string-limit\",                \"message\": \"Schema of type string must specify maxLength, enum, or const.\",                \"location\": {                    \"line\": 64,                    \"character\": 11                },                \"severity\": \"error\"            },            {                \"path\": \"/pets\",                \"rule\": \"owasp:api4:2019-string-restricted\",                \"message\": \"Schema of type string must specify a format, pattern, enum, or const.\",                \"location\": {                    \"line\": 64,                    \"character\": 11                },                \"severity\": \"error\"            },            {                \"path\": \"/pets\",                \"rule\": \"owasp:api3:2019-define-error-responses-401\",                \"message\": \"Operation is missing responses[401].\",                \"location\": {                    \"line\": 70,                    \"character\": 20                },                \"severity\": \"warning\"            },            {                \"path\": \"/pets\",                \"rule\": \"owasp:api3:2019-define-error-responses-401\",                \"message\": \"Operation is missing responses[401].content.\",                \"location\": {                    \"line\": 70,                    \"character\": 20                },                \"severity\": \"warning\"            },            {                \"path\": \"/pets\",                \"rule\": \"owasp:api3:2019-define-error-responses-500\",                \"message\": \"Operation is missing responses[500].\",                \"location\": {                    \"line\": 70,                    \"character\": 20                },                \"severity\": \"warning\"            },            {                \"path\": \"/pets\",                \"rule\": \"owasp:api3:2019-define-error-responses-500\",                \"message\": \"Operation is missing responses[500].content.\",                \"location\": {                    \"line\": 70,                    \"character\": 20                },                \"severity\": \"warning\"            },            {                \"path\": \"/pets\",                \"rule\": \"owasp:api3:2019-define-error-validation\",                \"message\": \"Missing error response of either 400, 422 or 4XX.\",                \"location\": {                    \"line\": 70,                    \"character\": 20                },                \"severity\": \"warning\"            },            {                \"path\": \"/pets\",                \"rule\": \"owasp:api4:2019-rate-limit-responses-429\",                \"message\": \"Operation is missing rate limiting response in responses[429].\",                \"location\": {                    \"line\": 70,                    \"character\": 20                },                \"severity\": \"warning\"            },            {                \"path\": \"/pets\",                \"rule\": \"owasp:api4:2019-rate-limit-responses-429\",                \"message\": \"Operation is missing rate limiting response in responses[429].content.\",                \"location\": {                    \"line\": 70,                    \"character\": 20                },                \"severity\": \"warning\"            },            {                \"path\": \"/pets\",                \"rule\": \"owasp:api4:2019-array-limit\",                \"message\": \"Schema of type array must specify maxItems.\",                \"location\": {                    \"line\": 73,                    \"character\": 21                },                \"severity\": \"error\"            },            {                \"path\": \"/pets\",                \"rule\": \"owasp:api4:2019-integer-format\",                \"message\": \"Schema of type integer must specify format (int32 or int64).\",                \"location\": {                    \"line\": 73,                    \"character\": 21                },                \"severity\": \"error\"            },            {                \"path\": \"/pets\",                \"rule\": \"owasp:api4:2019-integer-limit-legacy\",                \"message\": \"Schema of type integer must specify minimum and maximum.\",                \"location\": {                    \"line\": 73,                    \"character\": 21                },                \"severity\": \"error\"            },            {                \"path\": \"/pets\",                \"rule\": \"owasp:api4:2019-string-limit\",                \"message\": \"Schema of type string must specify maxLength, enum, or const.\",                \"location\": {                    \"line\": 73,                    \"character\": 21                },                \"severity\": \"error\"            },            {                \"path\": \"/pets\",                \"rule\": \"owasp:api4:2019-string-restricted\",                \"message\": \"Schema of type string must specify a format, pattern, enum, or const.\",                \"location\": {                    \"line\": 73,                    \"character\": 21                },                \"severity\": \"error\"            },            {                \"path\": \"/pets\",                \"rule\": \"owasp:api4:2019-string-limit\",                \"message\": \"Schema of type string must specify maxLength, enum, or const.\",                \"location\": {                    \"line\": 77,                    \"character\": 44                },                \"severity\": \"error\"            },            {                \"path\": \"/pets\",                \"rule\": \"owasp:api4:2019-string-restricted\",                \"message\": \"Schema of type string must specify a format, pattern, enum, or const.\",                \"location\": {                    \"line\": 77,                    \"character\": 44                },                \"severity\": \"error\"            },            {                \"path\": \"/pets\",                \"rule\": \"owasp:api3:2019-define-error-responses-401\",                \"message\": \"Operation is missing responses[401].\",                \"location\": {                    \"line\": 99,                    \"character\": 20                },                \"severity\": \"warning\"            },            {                \"path\": \"/pets\",                \"rule\": \"owasp:api3:2019-define-error-responses-401\",                \"message\": \"Operation is missing responses[401].content.\",                \"location\": {                    \"line\": 99,                    \"character\": 20                },                \"severity\": \"warning\"            },            {                \"path\": \"/pets\",                \"rule\": \"owasp:api3:2019-define-error-responses-500\",                \"message\": \"Operation is missing responses[500].\",                \"location\": {                    \"line\": 99,                    \"character\": 20                },                \"severity\": \"warning\"            },            {                \"path\": \"/pets\",                \"rule\": \"owasp:api3:2019-define-error-responses-500\",                \"message\": \"Operation is missing responses[500].content.\",                \"location\": {                    \"line\": 99,                    \"character\": 20                },                \"severity\": \"warning\"            },            {                \"path\": \"/pets\",                \"rule\": \"owasp:api3:2019-define-error-validation\",                \"message\": \"Missing error response of either 400, 422 or 4XX.\",                \"location\": {                    \"line\": 99,                    \"character\": 20                },                \"severity\": \"warning\"            },            {                \"path\": \"/pets\",                \"rule\": \"owasp:api4:2019-rate-limit-responses-429\",                \"message\": \"Operation is missing rate limiting response in responses[429].\",                \"location\": {                    \"line\": 99,                    \"character\": 20                },                \"severity\": \"warning\"            },            {                \"path\": \"/pets\",                \"rule\": \"owasp:api4:2019-rate-limit-responses-429\",                \"message\": \"Operation is missing rate limiting response in responses[429].content.\",                \"location\": {                    \"line\": 99,                    \"character\": 20                },                \"severity\": \"warning\"            },            {                \"path\": \"/pets\",                \"rule\": \"owasp:api4:2019-integer-format\",                \"message\": \"Schema of type integer must specify format (int32 or int64).\",                \"location\": {                    \"line\": 102,                    \"character\": 21                },                \"severity\": \"error\"            },            {                \"path\": \"/pets\",                \"rule\": \"owasp:api4:2019-integer-limit-legacy\",                \"message\": \"Schema of type integer must specify minimum and maximum.\",                \"location\": {                    \"line\": 102,                    \"character\": 21                },                \"severity\": \"error\"            },            {                \"path\": \"/pets\",                \"rule\": \"owasp:api4:2019-string-limit\",                \"message\": \"Schema of type string must specify maxLength, enum, or const.\",                \"location\": {                    \"line\": 102,                    \"character\": 21                },                \"severity\": \"error\"            },            {                \"path\": \"/pets\",                \"rule\": \"owasp:api4:2019-string-limit\",                \"message\": \"Schema of type string must specify maxLength, enum, or const.\",                \"location\": {                    \"line\": 102,                    \"character\": 21                },                \"severity\": \"error\"            },            {                \"path\": \"/pets\",                \"rule\": \"owasp:api4:2019-string-restricted\",                \"message\": \"Schema of type string must specify a format, pattern, enum, or const.\",                \"location\": {                    \"line\": 102,                    \"character\": 21                },                \"severity\": \"error\"            },            {                \"path\": \"/pets\",                \"rule\": \"owasp:api4:2019-string-restricted\",                \"message\": \"Schema of type string must specify a format, pattern, enum, or const.\",                \"location\": {                    \"line\": 102,                    \"character\": 21                },                \"severity\": \"error\"            },            {                \"path\": \"/pets\",                \"rule\": \"owasp:api4:2019-string-limit\",                \"message\": \"Schema of type string must specify maxLength, enum, or const.\",                \"location\": {                    \"line\": 106,                    \"character\": 44                },                \"severity\": \"error\"            },            {                \"path\": \"/pets\",                \"rule\": \"owasp:api4:2019-string-restricted\",                \"message\": \"Schema of type string must specify a format, pattern, enum, or const.\",                \"location\": {                    \"line\": 106,                    \"character\": 44                },                \"severity\": \"error\"            },            {                \"path\": \"/pets\",                \"rule\": \"owasp:api3:2019-define-error-responses-401\",                \"message\": \"Operation is missing responses[401].\",                \"location\": {                    \"line\": 119,                    \"character\": 20                },                \"severity\": \"warning\"            },            {                \"path\": \"/pets\",                \"rule\": \"owasp:api3:2019-define-error-responses-401\",                \"message\": \"Operation is missing responses[401].content.\",                \"location\": {                    \"line\": 119,                    \"character\": 20                },                \"severity\": \"warning\"            },            {                \"path\": \"/pets\",                \"rule\": \"owasp:api3:2019-define-error-responses-500\",                \"message\": \"Operation is missing responses[500].\",                \"location\": {                    \"line\": 119,                    \"character\": 20                },                \"severity\": \"warning\"            },            {                \"path\": \"/pets\",                \"rule\": \"owasp:api3:2019-define-error-responses-500\",                \"message\": \"Operation is missing responses[500].content.\",                \"location\": {                    \"line\": 119,                    \"character\": 20                },                \"severity\": \"warning\"            },            {                \"path\": \"/pets\",                \"rule\": \"owasp:api3:2019-define-error-validation\",                \"message\": \"Missing error response of either 400, 422 or 4XX.\",                \"location\": {                    \"line\": 119,                    \"character\": 20                },                \"severity\": \"warning\"            },            {                \"path\": \"/pets\",                \"rule\": \"owasp:api4:2019-rate-limit-responses-429\",                \"message\": \"Operation is missing rate limiting response in responses[429].\",                \"location\": {                    \"line\": 119,                    \"character\": 20                },                \"severity\": \"warning\"            },            {                \"path\": \"/pets\",                \"rule\": \"owasp:api4:2019-rate-limit-responses-429\",                \"message\": \"Operation is missing rate limiting response in responses[429].content.\",                \"location\": {                    \"line\": 119,                    \"character\": 20                },                \"severity\": \"warning\"            },            {                \"path\": \"/pets\",                \"rule\": \"owasp:api4:2019-string-limit\",                \"message\": \"Schema of type string must specify maxLength, enum, or const.\",                \"location\": {                    \"line\": 126,                    \"character\": 44                },                \"severity\": \"error\"            },            {                \"path\": \"/pets\",                \"rule\": \"owasp:api4:2019-string-restricted\",                \"message\": \"Schema of type string must specify a format, pattern, enum, or const.\",                \"location\": {                    \"line\": 126,                    \"character\": 44                },                \"severity\": \"error\"            },            {                \"path\": \"/pets\",                \"rule\": \"owasp:api4:2019-string-limit\",                \"message\": \"Schema of type string must specify maxLength, enum, or const.\",                \"location\": {                    \"line\": 129,                    \"character\": 45                },                \"severity\": \"error\"            },            {                \"path\": \"/pets\",                \"rule\": \"owasp:api4:2019-string-restricted\",                \"message\": \"Schema of type string must specify a format, pattern, enum, or const.\",                \"location\": {                    \"line\": 129,                    \"character\": 45                },                \"severity\": \"error\"            },            {                \"path\": \"/pets\",                \"rule\": \"owasp:api4:2019-string-limit\",                \"message\": \"Schema of type string must specify maxLength, enum, or const.\",                \"location\": {                    \"line\": 132,                    \"character\": 45                },                \"severity\": \"error\"            },            {                \"path\": \"/pets\",                \"rule\": \"owasp:api4:2019-string-restricted\",                \"message\": \"Schema of type string must specify a format, pattern, enum, or const.\",                \"location\": {                    \"line\": 132,                    \"character\": 45                },                \"severity\": \"error\"            },            {                \"path\": \"/pets/{petId}\",                \"rule\": \"owasp:api4:2019-string-limit\",                \"message\": \"Schema of type string must specify maxLength, enum, or const.\",                \"location\": {                    \"line\": 144,                    \"character\": 25                },                \"severity\": \"error\"            },            {                \"path\": \"/pets/{petId}\",                \"rule\": \"owasp:api4:2019-string-restricted\",                \"message\": \"Schema of type string must specify a format, pattern, enum, or const.\",                \"location\": {                    \"line\": 144,                    \"character\": 25                },                \"severity\": \"error\"            },            {                \"path\": \"/pets/{petId}\",                \"rule\": \"owasp:api3:2019-define-error-responses-401\",                \"message\": \"Operation is missing responses[401].\",                \"location\": {                    \"line\": 150,                    \"character\": 20                },                \"severity\": \"warning\"            },            {                \"path\": \"/pets/{petId}\",                \"rule\": \"owasp:api3:2019-define-error-responses-401\",                \"message\": \"Operation is missing responses[401].content.\",                \"location\": {                    \"line\": 150,                    \"character\": 20                },                \"severity\": \"warning\"            },            {                \"path\": \"/pets/{petId}\",                \"rule\": \"owasp:api3:2019-define-error-responses-500\",                \"message\": \"Operation is missing responses[500].\",                \"location\": {                    \"line\": 150,                    \"character\": 20                },                \"severity\": \"warning\"            },            {                \"path\": \"/pets/{petId}\",                \"rule\": \"owasp:api3:2019-define-error-responses-500\",                \"message\": \"Operation is missing responses[500].content.\",                \"location\": {                    \"line\": 150,                    \"character\": 20                },                \"severity\": \"warning\"            },            {                \"path\": \"/pets/{petId}\",                \"rule\": \"owasp:api3:2019-define-error-validation\",                \"message\": \"Missing error response of either 400, 422 or 4XX.\",                \"location\": {                    \"line\": 150,                    \"character\": 20                },                \"severity\": \"warning\"            },            {                \"path\": \"/pets/{petId}\",                \"rule\": \"owasp:api4:2019-rate-limit-responses-429\",                \"message\": \"Operation is missing rate limiting response in responses[429].\",                \"location\": {                    \"line\": 150,                    \"character\": 20                },                \"severity\": \"warning\"            },            {                \"path\": \"/pets/{petId}\",                \"rule\": \"owasp:api4:2019-rate-limit-responses-429\",                \"message\": \"Operation is missing rate limiting response in responses[429].content.\",                \"location\": {                    \"line\": 150,                    \"character\": 20                },                \"severity\": \"warning\"            },            {                \"path\": \"/pets/{petId}\",                \"rule\": \"owasp:api4:2019-integer-format\",                \"message\": \"Schema of type integer must specify format (int32 or int64).\",                \"location\": {                    \"line\": 153,                    \"character\": 21                },                \"severity\": \"error\"            },            {                \"path\": \"/pets/{petId}\",                \"rule\": \"owasp:api4:2019-integer-limit-legacy\",                \"message\": \"Schema of type integer must specify minimum and maximum.\",                \"location\": {                    \"line\": 153,                    \"character\": 21                },                \"severity\": \"error\"            },            {                \"path\": \"/pets/{petId}\",                \"rule\": \"owasp:api4:2019-string-limit\",                \"message\": \"Schema of type string must specify maxLength, enum, or const.\",                \"location\": {                    \"line\": 153,                    \"character\": 21                },                \"severity\": \"error\"            },            {                \"path\": \"/pets/{petId}\",                \"rule\": \"owasp:api4:2019-string-restricted\",                \"message\": \"Schema of type string must specify a format, pattern, enum, or const.\",                \"location\": {                    \"line\": 153,                    \"character\": 21                },                \"severity\": \"error\"            },            {                \"path\": \"/pets/{petId}\",                \"rule\": \"owasp:api4:2019-string-limit\",                \"message\": \"Schema of type string must specify maxLength, enum, or const.\",                \"location\": {                    \"line\": 157,                    \"character\": 44                },                \"severity\": \"error\"            },            {                \"path\": \"/pets/{petId}\",                \"rule\": \"owasp:api4:2019-string-restricted\",                \"message\": \"Schema of type string must specify a format, pattern, enum, or const.\",                \"location\": {                    \"line\": 157,                    \"character\": 44                },                \"severity\": \"error\"            },            {                \"path\": \"/pets/{petId}\",                \"rule\": \"owasp:api4:2019-string-limit\",                \"message\": \"Schema of type string must specify maxLength, enum, or const.\",                \"location\": {                    \"line\": 170,                    \"character\": 25                },                \"severity\": \"error\"            },            {                \"path\": \"/pets/{petId}\",                \"rule\": \"owasp:api4:2019-string-restricted\",                \"message\": \"Schema of type string must specify a format, pattern, enum, or const.\",                \"location\": {                    \"line\": 170,                    \"character\": 25                },                \"severity\": \"error\"            },            {                \"path\": \"/pets/{petId}\",                \"rule\": \"owasp:api3:2019-define-error-responses-401\",                \"message\": \"Operation is missing responses[401].\",                \"location\": {                    \"line\": 176,                    \"character\": 20                },                \"severity\": \"warning\"            },            {                \"path\": \"/pets/{petId}\",                \"rule\": \"owasp:api3:2019-define-error-responses-401\",                \"message\": \"Operation is missing responses[401].content.\",                \"location\": {                    \"line\": 176,                    \"character\": 20                },                \"severity\": \"warning\"            },            {                \"path\": \"/pets/{petId}\",                \"rule\": \"owasp:api3:2019-define-error-responses-500\",                \"message\": \"Operation is missing responses[500].\",                \"location\": {                    \"line\": 176,                    \"character\": 20                },                \"severity\": \"warning\"            },            {                \"path\": \"/pets/{petId}\",                \"rule\": \"owasp:api3:2019-define-error-responses-500\",                \"message\": \"Operation is missing responses[500].content.\",                \"location\": {                    \"line\": 176,                    \"character\": 20                },                \"severity\": \"warning\"            },            {                \"path\": \"/pets/{petId}\",                \"rule\": \"owasp:api3:2019-define-error-validation\",                \"message\": \"Missing error response of either 400, 422 or 4XX.\",                \"location\": {                    \"line\": 176,                    \"character\": 20                },                \"severity\": \"warning\"            },            {                \"path\": \"/pets/{petId}\",                \"rule\": \"owasp:api4:2019-rate-limit-responses-429\",                \"message\": \"Operation is missing rate limiting response in responses[429].\",                \"location\": {                    \"line\": 176,                    \"character\": 20                },                \"severity\": \"warning\"            },            {                \"path\": \"/pets/{petId}\",                \"rule\": \"owasp:api4:2019-rate-limit-responses-429\",                \"message\": \"Operation is missing rate limiting response in responses[429].content.\",                \"location\": {                    \"line\": 176,                    \"character\": 20                },                \"severity\": \"warning\"            },            {                \"path\": \"/pets/{petId}\",                \"rule\": \"owasp:api4:2019-string-limit\",                \"message\": \"Schema of type string must specify maxLength, enum, or const.\",                \"location\": {                    \"line\": 183,                    \"character\": 44                },                \"severity\": \"error\"            },            {                \"path\": \"/pets/{petId}\",                \"rule\": \"owasp:api4:2019-string-restricted\",                \"message\": \"Schema of type string must specify a format, pattern, enum, or const.\",                \"location\": {                    \"line\": 183,                    \"character\": 44                },                \"severity\": \"error\"            },            {                \"path\": \"/pets/{petId}\",                \"rule\": \"owasp:api4:2019-string-limit\",                \"message\": \"Schema of type string must specify maxLength, enum, or const.\",                \"location\": {                    \"line\": 186,                    \"character\": 45                },                \"severity\": \"error\"            },            {                \"path\": \"/pets/{petId}\",                \"rule\": \"owasp:api4:2019-string-restricted\",                \"message\": \"Schema of type string must specify a format, pattern, enum, or const.\",                \"location\": {                    \"line\": 186,                    \"character\": 45                },                \"severity\": \"error\"            },            {                \"path\": \"/pets/{petId}\",                \"rule\": \"owasp:api4:2019-string-limit\",                \"message\": \"Schema of type string must specify maxLength, enum, or const.\",                \"location\": {                    \"line\": 189,                    \"character\": 45                },                \"severity\": \"error\"            },            {                \"path\": \"/pets/{petId}\",                \"rule\": \"owasp:api4:2019-string-restricted\",                \"message\": \"Schema of type string must specify a format, pattern, enum, or const.\",                \"location\": {                    \"line\": 189,                    \"character\": 45                },                \"severity\": \"error\"            },            {                \"path\": \"\",                \"rule\": \"owasp:api4:2019-array-limit\",                \"message\": \"Schema of type array must specify maxItems.\",                \"location\": {                    \"line\": 206,                    \"character\": 11                },                \"severity\": \"error\"            },            {                \"path\": \"\",                \"rule\": \"owasp:api4:2019-integer-format\",                \"message\": \"Schema of type integer must specify format (int32 or int64).\",                \"location\": {                    \"line\": 208,                    \"character\": 14                },                \"severity\": \"error\"            },            {                \"path\": \"\",                \"rule\": \"owasp:api4:2019-integer-limit-legacy\",                \"message\": \"Schema of type integer must specify minimum and maximum.\",                \"location\": {                    \"line\": 208,                    \"character\": 14                },                \"severity\": \"error\"            },            {                \"path\": \"\",                \"rule\": \"owasp:api4:2019-string-limit\",                \"message\": \"Schema of type string must specify maxLength, enum, or const.\",                \"location\": {                    \"line\": 208,                    \"character\": 14                },                \"severity\": \"error\"            },            {                \"path\": \"\",                \"rule\": \"owasp:api4:2019-string-restricted\",                \"message\": \"Schema of type string must specify a format, pattern, enum, or const.\",                \"location\": {                    \"line\": 208,                    \"character\": 14                },                \"severity\": \"error\"            },            {                \"path\": \"\",                \"rule\": \"owasp:api4:2019-integer-format\",                \"message\": \"Schema of type integer must specify format (int32 or int64).\",                \"location\": {                    \"line\": 218,                    \"character\": 14                },                \"severity\": \"error\"            },            {                \"path\": \"\",                \"rule\": \"owasp:api4:2019-integer-limit-legacy\",                \"message\": \"Schema of type integer must specify minimum and maximum.\",                \"location\": {                    \"line\": 218,                    \"character\": 14                },                \"severity\": \"error\"            },            {                \"path\": \"\",                \"rule\": \"owasp:api4:2019-string-limit\",                \"message\": \"Schema of type string must specify maxLength, enum, or const.\",                \"location\": {                    \"line\": 218,                    \"character\": 14                },                \"severity\": \"error\"            },            {                \"path\": \"\",                \"rule\": \"owasp:api4:2019-string-restricted\",                \"message\": \"Schema of type string must specify a format, pattern, enum, or const.\",                \"location\": {                    \"line\": 218,                    \"character\": 14                },                \"severity\": \"error\"            },            {                \"path\": \"\",                \"rule\": \"owasp:api4:2019-string-limit\",                \"message\": \"Schema of type string must specify maxLength, enum, or const.\",                \"location\": {                    \"line\": 221,                    \"character\": 18                },                \"severity\": \"error\"            },            {                \"path\": \"\",                \"rule\": \"owasp:api4:2019-string-restricted\",                \"message\": \"Schema of type string must specify a format, pattern, enum, or const.\",                \"location\": {                    \"line\": 221,                    \"character\": 18                },                \"severity\": \"error\"            },            {                \"path\": \"\",                \"rule\": \"owasp:api4:2019-integer-format\",                \"message\": \"Schema of type integer must specify format (int32 or int64).\",                \"location\": {                    \"line\": 229,                    \"character\": 13                },                \"severity\": \"error\"            },            {                \"path\": \"\",                \"rule\": \"owasp:api4:2019-integer-limit-legacy\",                \"message\": \"Schema of type integer must specify minimum and maximum.\",                \"location\": {                    \"line\": 229,                    \"character\": 13                },                \"severity\": \"error\"            },            {                \"path\": \"\",                \"rule\": \"owasp:api4:2019-string-limit\",                \"message\": \"Schema of type string must specify maxLength, enum, or const.\",                \"location\": {                    \"line\": 232,                    \"character\": 15                },                \"severity\": \"error\"            },            {                \"path\": \"\",                \"rule\": \"owasp:api4:2019-string-restricted\",                \"message\": \"Schema of type string must specify a format, pattern, enum, or const.\",                \"location\": {                    \"line\": 232,                    \"character\": 15                },                \"severity\": \"error\"            }        ],        \"summary\": {            \"grade\": \"F\",            \"hintCount\": 0,            \"infoCount\": 0,            \"errorCount\": 66,            \"warningCount\": 49        },        \"detailsThresholdExceeded\": false    },    \"archived\": false,    \"state\": {        \"name\": \"Succeeded\",        \"timestamp\": \"2024-00-25T18:13:40.731+0000\"    }}",
  "type" : "custom",
  "doc_type" : null,
  "source_type" : "jsonsample",
  "ignore_missing_schemas" : false,
  "has_ref_schemas" : null,
  "flat_file_config" : null,
  "active" : true,
  "is_changed" : false,
  "tag" : "EMPTY",
  "comment" : "Added Amplify Traceability Connector",
  "base_tag" : "V24"
}