{
  "document_type_id" : "5b6bfc36-ec17-48f6-9f62-136ead7c636d",
  "name" : "Consumer Organizations",
  "description" : "Amplify Marketplace Consumer Organizations",
  "version" : null,
  "business_document_type_id" : null,
  "document_format_id" : "edc154a0-55fc-11e9-8647-d663bd873d93",
  "root_tag" : null,
  "structure" : {
    "type" : "jsonb",
    "value" : "[{\"key\": \"/JsonArray[]\", \"type\": \"array\", \"order\": 1.0, \"title\": \"JsonArray\", \"value\": {\"type\": \"array\", \"requiredFlag\": false}, \"isLeaf\": false, \"children\": [{\"key\": \"/JsonArray[]/name\", \"type\": \"string\", \"order\": 2.0, \"title\": \"name\", \"value\": {\"type\": \"string\", \"requiredFlag\": false}, \"isLeaf\": true, \"childrenSet\": false, \"hasChildren\": false, \"dataElementType\": \"string\"}, {\"key\": \"/JsonArray[]/active\", \"type\": \"boolean\", \"order\": 3.0, \"title\": \"active\", \"value\": {\"type\": \"boolean\", \"requiredFlag\": false}, \"isLeaf\": true, \"childrenSet\": false, \"hasChildren\": false, \"dataElementType\": \"boolean\"}, {\"key\": \"/JsonArray[]/guid\", \"type\": \"string\", \"order\": 4.0, \"title\": \"guid\", \"value\": {\"type\": \"string\", \"requiredFlag\": false}, \"isLeaf\": true, \"childrenSet\": false, \"hasChildren\": false, \"dataElementType\": \"string\"}, {\"key\": \"/JsonArray[]/org_id\", \"type\": \"integer\", \"order\": 5.0, \"title\": \"org_id\", \"value\": {\"type\": \"integer\", \"requiredFlag\": false}, \"isLeaf\": true, \"childrenSet\": false, \"hasChildren\": false, \"dataElementType\": \"integer\"}, {\"key\": \"/JsonArray[]/users\", \"type\": \"integer\", \"order\": 6.0, \"title\": \"users\", \"value\": {\"type\": \"integer\", \"requiredFlag\": false}, \"isLeaf\": true, \"childrenSet\": false, \"hasChildren\": false, \"dataElementType\": \"integer\"}, {\"key\": \"/JsonArray[]/teams[]\", \"type\": \"array\", \"order\": 7.0, \"title\": \"teams\", \"value\": {\"type\": \"array\", \"requiredFlag\": false}, \"isLeaf\": false, \"children\": [{\"key\": \"/JsonArray[]/teams[]/guid\", \"type\": \"string\", \"order\": 8.0, \"title\": \"guid\", \"value\": {\"type\": \"string\", \"requiredFlag\": false}, \"isLeaf\": true, \"childrenSet\": false, \"hasChildren\": false, \"dataElementType\": \"string\"}, {\"key\": \"/JsonArray[]/teams[]/name\", \"type\": \"string\", \"order\": 9.0, \"title\": \"name\", \"value\": {\"type\": \"string\", \"requiredFlag\": false}, \"isLeaf\": true, \"childrenSet\": false, \"hasChildren\": false, \"dataElementType\": \"string\"}, {\"key\": \"/JsonArray[]/teams[]/users\", \"type\": \"integer\", \"order\": 10.0, \"title\": \"users\", \"value\": {\"type\": \"integer\", \"requiredFlag\": false}, \"isLeaf\": true, \"childrenSet\": false, \"hasChildren\": false, \"dataElementType\": \"integer\"}], \"childrenSet\": false, \"hasChildren\": false, \"dataElementType\": \"documentArray\"}], \"childrenSet\": false, \"hasChildren\": false, \"dataElementType\": \"documentArray\"}]",
    "null" : false
  },
  "key_fields" : null,
  "schema" : {
    "type" : "json",
    "value" : "{\"$id\":\"Consumer Organizations\",\"$schema\":\"http://json-schema.org/draft-07/schema#\",\"type\":\"object\",\"properties\":{\"JsonArray\":{\"type\":\"array\",\"title\":\"JsonArray\",\"properties\":{},\"items\":{\"type\":\"object\",\"properties\":{\"name\":{\"type\":\"string\",\"title\":\"name\",\"default\":\"\",\"examples\":[\"Self-1666288819985\"],\"properties\":{},\"pattern\":\"^(.*)$\"},\"active\":{\"type\":\"boolean\",\"title\":\"active\",\"default\":false,\"examples\":[false,true],\"properties\":{}},\"guid\":{\"type\":\"string\",\"title\":\"guid\",\"default\":\"\",\"examples\":[\"3d13cbc3-1bd1-4347-8658-7ea2253f10cb\"],\"properties\":{},\"pattern\":\"^(.*)$\"},\"org_id\":{\"type\":\"integer\",\"title\":\"org_id\",\"default\":0,\"examples\":[932464574],\"properties\":{}},\"users\":{\"type\":\"integer\",\"title\":\"users\",\"default\":0,\"examples\":[1],\"properties\":{}},\"teams\":{\"type\":\"array\",\"title\":\"teams\",\"properties\":{},\"items\":{\"type\":\"object\",\"properties\":{\"guid\":{\"type\":\"string\",\"title\":\"guid\",\"default\":\"\",\"examples\":[\"e33e2081-9025-4939-9741-c1dddae11017\"],\"properties\":{},\"pattern\":\"^(.*)$\"},\"name\":{\"type\":\"string\",\"title\":\"name\",\"default\":\"\",\"examples\":[\"Default Team\"],\"properties\":{},\"pattern\":\"^(.*)$\"},\"users\":{\"type\":\"integer\",\"title\":\"users\",\"default\":0,\"examples\":[1],\"properties\":{}}}}}}}}}}",
    "null" : false
  },
  "source_schema" : "{\"JsonArray\" :[    {        \"name\": \"Self-1666288819985\",        \"active\": true,        \"guid\": \"3d13cbc3-1bd1-4347-8658-7ea2253f10cb\",        \"org_id\": 650130132060094,        \"users\": 1,        \"teams\": [            {                \"guid\": \"e33e2081-9025-4939-9741-c1dddae11017\",                \"name\": \"Default Team\",                \"users\": 1            }        ]    }]}",
  "type" : "custom",
  "doc_type" : null,
  "source_type" : "jsonsample",
  "ignore_missing_schemas" : false,
  "has_ref_schemas" : null,
  "flat_file_config" : null,
  "active" : true,
  "is_changed" : false,
  "tag" : "EMPTY",
  "comment" : "Added Amplify Traceability Connector",
  "base_tag" : "V24"
}