{
  "document_type_id" : "c77da58b-e8b3-449a-aa96-bf551f6457cd",
  "name" : "Marketplace",
  "description" : "Amplify Central Marketplace",
  "version" : null,
  "business_document_type_id" : null,
  "document_format_id" : "edc154a0-55fc-11e9-8647-d663bd873d93",
  "root_tag" : null,
  "structure" : {
    "type" : "jsonb",
    "value" : "[{\"key\": \"/group\", \"type\": \"string\", \"order\": 1.0, \"title\": \"group\", \"value\": {\"type\": \"string\", \"requiredFlag\": false}, \"isLeaf\": true, \"childrenSet\": false, \"hasChildren\": false, \"dataElementType\": \"string\"}, {\"key\": \"/apiVersion\", \"type\": \"string\", \"order\": 2.0, \"title\": \"apiVersion\", \"value\": {\"type\": \"string\", \"requiredFlag\": false}, \"isLeaf\": true, \"childrenSet\": false, \"hasChildren\": false, \"dataElementType\": \"string\"}, {\"key\": \"/kind\", \"type\": \"string\", \"order\": 3.0, \"title\": \"kind\", \"value\": {\"type\": \"string\", \"requiredFlag\": false}, \"isLeaf\": true, \"childrenSet\": false, \"hasChildren\": false, \"dataElementType\": \"string\"}, {\"key\": \"/name\", \"type\": \"string\", \"order\": 4.0, \"title\": \"name\", \"value\": {\"type\": \"string\", \"requiredFlag\": false}, \"isLeaf\": true, \"childrenSet\": false, \"hasChildren\": false, \"dataElementType\": \"string\"}, {\"key\": \"/title\", \"type\": \"string\", \"order\": 5.0, \"title\": \"title\", \"value\": {\"type\": \"string\", \"requiredFlag\": false}, \"isLeaf\": true, \"childrenSet\": false, \"hasChildren\": false, \"dataElementType\": \"string\"}, {\"key\": \"/metadata\", \"type\": \"object\", \"order\": 6.0, \"title\": \"metadata\", \"value\": {\"type\": \"object\", \"requiredFlag\": false}, \"isLeaf\": false, \"children\": [{\"key\": \"/metadata/id\", \"type\": \"string\", \"order\": 7.0, \"title\": \"id\", \"value\": {\"type\": \"string\", \"requiredFlag\": false}, \"isLeaf\": true, \"childrenSet\": false, \"hasChildren\": false, \"dataElementType\": \"string\"}, {\"key\": \"/metadata/audit\", \"type\": \"object\", \"order\": 8.0, \"title\": \"audit\", \"value\": {\"type\": \"object\", \"requiredFlag\": false}, \"isLeaf\": false, \"children\": [{\"key\": \"/metadata/audit/createTimestamp\", \"type\": \"string\", \"order\": 9.0, \"title\": \"createTimestamp\", \"value\": {\"type\": \"string\", \"requiredFlag\": false}, \"isLeaf\": true, \"childrenSet\": false, \"hasChildren\": false, \"dataElementType\": \"string\"}, {\"key\": \"/metadata/audit/modifyTimestamp\", \"type\": \"string\", \"order\": 10.0, \"title\": \"modifyTimestamp\", \"value\": {\"type\": \"string\", \"requiredFlag\": false}, \"isLeaf\": true, \"childrenSet\": false, \"hasChildren\": false, \"dataElementType\": \"string\"}, {\"key\": \"/metadata/audit/modifyUserId\", \"type\": \"string\", \"order\": 11.0, \"title\": \"modifyUserId\", \"value\": {\"type\": \"string\", \"requiredFlag\": false}, \"isLeaf\": true, \"childrenSet\": false, \"hasChildren\": false, \"dataElementType\": \"string\"}], \"childrenSet\": false, \"hasChildren\": false, \"dataElementType\": \"document\"}, {\"key\": \"/metadata/acl[]\", \"type\": \"array\", \"order\": 12.0, \"title\": \"acl\", \"value\": {\"type\": \"array\", \"requiredFlag\": false}, \"isLeaf\": false, \"children\": [{\"key\": \"/metadata/acl[]/subjectType\", \"type\": \"string\", \"order\": 13.0, \"title\": \"subjectType\", \"value\": {\"type\": \"string\", \"requiredFlag\": false}, \"isLeaf\": true, \"childrenSet\": false, \"hasChildren\": false, \"dataElementType\": \"string\"}, {\"key\": \"/metadata/acl[]/subjectId\", \"type\": \"string\", \"order\": 14.0, \"title\": \"subjectId\", \"value\": {\"type\": \"string\", \"requiredFlag\": false}, \"isLeaf\": true, \"childrenSet\": false, \"hasChildren\": false, \"dataElementType\": \"string\"}, {\"key\": \"/metadata/acl[]/aclId\", \"type\": \"string\", \"order\": 15.0, \"title\": \"aclId\", \"value\": {\"type\": \"string\", \"requiredFlag\": false}, \"isLeaf\": true, \"childrenSet\": false, \"hasChildren\": false, \"dataElementType\": \"string\"}], \"childrenSet\": false, \"hasChildren\": false, \"dataElementType\": \"documentArray\"}, {\"key\": \"/metadata/accessRights\", \"type\": \"object\", \"order\": 16.0, \"title\": \"accessRights\", \"value\": {\"type\": \"object\", \"requiredFlag\": false}, \"isLeaf\": false, \"children\": [{\"key\": \"/metadata/accessRights/canChangeOwner\", \"type\": \"boolean\", \"order\": 17.0, \"title\": \"canChangeOwner\", \"value\": {\"type\": \"boolean\", \"requiredFlag\": false}, \"isLeaf\": true, \"childrenSet\": false, \"hasChildren\": false, \"dataElementType\": \"boolean\"}, {\"key\": \"/metadata/accessRights/canDelete\", \"type\": \"boolean\", \"order\": 18.0, \"title\": \"canDelete\", \"value\": {\"type\": \"boolean\", \"requiredFlag\": false}, \"isLeaf\": true, \"childrenSet\": false, \"hasChildren\": false, \"dataElementType\": \"boolean\"}, {\"key\": \"/metadata/accessRights/canWrite\", \"type\": \"boolean\", \"order\": 19.0, \"title\": \"canWrite\", \"value\": {\"type\": \"boolean\", \"requiredFlag\": false}, \"isLeaf\": true, \"childrenSet\": false, \"hasChildren\": false, \"dataElementType\": \"boolean\"}, {\"key\": \"/metadata/accessRights/canRead\", \"type\": \"boolean\", \"order\": 20.0, \"title\": \"canRead\", \"value\": {\"type\": \"boolean\", \"requiredFlag\": false}, \"isLeaf\": true, \"childrenSet\": false, \"hasChildren\": false, \"dataElementType\": \"boolean\"}], \"childrenSet\": false, \"hasChildren\": false, \"dataElementType\": \"document\"}, {\"key\": \"/metadata/resourceVersion\", \"type\": \"string\", \"order\": 21.0, \"title\": \"resourceVersion\", \"value\": {\"type\": \"string\", \"requiredFlag\": false}, \"isLeaf\": true, \"childrenSet\": false, \"hasChildren\": false, \"dataElementType\": \"string\"}, {\"key\": \"/metadata/references[]\", \"type\": \"array\", \"order\": 22.0, \"title\": \"references\", \"value\": {\"type\": \"array\", \"requiredFlag\": false}, \"isLeaf\": false, \"childrenSet\": false, \"hasChildren\": false, \"dataElementType\": \"objectArray\"}, {\"key\": \"/metadata/selfLink\", \"type\": \"string\", \"order\": 23.0, \"title\": \"selfLink\", \"value\": {\"type\": \"string\", \"requiredFlag\": false}, \"isLeaf\": true, \"childrenSet\": false, \"hasChildren\": false, \"dataElementType\": \"string\"}], \"childrenSet\": false, \"hasChildren\": false, \"dataElementType\": \"document\"}, {\"key\": \"/attributes\", \"type\": \"object\", \"order\": 24.0, \"title\": \"attributes\", \"value\": {\"type\": \"object\", \"requiredFlag\": false}, \"isLeaf\": false, \"childrenSet\": false, \"hasChildren\": false, \"dataElementType\": \"object\"}, {\"key\": \"/finalizers[]\", \"type\": \"array\", \"order\": 25.0, \"title\": \"finalizers\", \"value\": {\"type\": \"array\", \"requiredFlag\": false}, \"isLeaf\": false, \"childrenSet\": false, \"hasChildren\": false, \"dataElementType\": \"objectArray\"}, {\"key\": \"/tags[]\", \"type\": \"array\", \"order\": 26.0, \"title\": \"tags\", \"value\": {\"type\": \"array\", \"requiredFlag\": false}, \"isLeaf\": false, \"childrenSet\": false, \"hasChildren\": false, \"dataElementType\": \"objectArray\"}, {\"key\": \"/spec\", \"type\": \"object\", \"order\": 27.0, \"title\": \"spec\", \"value\": {\"type\": \"object\", \"requiredFlag\": false}, \"isLeaf\": false, \"childrenSet\": false, \"hasChildren\": false, \"dataElementType\": \"object\"}]",
    "null" : false
  },
  "key_fields" : null,
  "schema" : {
    "type" : "json",
    "value" : "{\"$id\":\"Marketplace\",\"$schema\":\"http://json-schema.org/draft-07/schema#\",\"type\":\"object\",\"properties\":{\"group\":{\"type\":\"string\",\"title\":\"group\",\"default\":\"\",\"examples\":[\"catalog\"],\"properties\":{},\"pattern\":\"^(.*)$\"},\"apiVersion\":{\"type\":\"string\",\"title\":\"apiVersion\",\"default\":\"\",\"examples\":[\"v1\"],\"properties\":{},\"pattern\":\"^(.*)$\"},\"kind\":{\"type\":\"string\",\"title\":\"kind\",\"default\":\"\",\"examples\":[\"Marketplace\"],\"properties\":{},\"pattern\":\"^(.*)$\"},\"name\":{\"type\":\"string\",\"title\":\"name\",\"default\":\"\",\"examples\":[\"082a27eb-1c67-4b54-90e0-b1529c008af7\"],\"properties\":{},\"pattern\":\"^(.*)$\"},\"title\":{\"type\":\"string\",\"title\":\"title\",\"default\":\"\",\"examples\":[\"Marketplace\"],\"properties\":{},\"pattern\":\"^(.*)$\"},\"metadata\":{\"type\":\"object\",\"title\":\"metadata\",\"properties\":{\"id\":{\"type\":\"string\",\"title\":\"id\",\"default\":\"\",\"examples\":[\"8a2e8036807692430180855c80a547b2\"],\"properties\":{},\"pattern\":\"^(.*)$\"},\"audit\":{\"type\":\"object\",\"title\":\"audit\",\"properties\":{\"createTimestamp\":{\"type\":\"string\",\"title\":\"createTimestamp\",\"default\":\"\",\"examples\":[\"2022-05-02T15:21:13.637+0000\"],\"properties\":{},\"pattern\":\"^(.*)$\"},\"modifyTimestamp\":{\"type\":\"string\",\"title\":\"modifyTimestamp\",\"default\":\"\",\"examples\":[\"2023-04-27T17:18:44.656+0000\"],\"properties\":{},\"pattern\":\"^(.*)$\"},\"modifyUserId\":{\"type\":\"string\",\"title\":\"modifyUserId\",\"default\":\"\",\"examples\":[\"\"],\"properties\":{},\"pattern\":\"^(.*)$\"}}},\"acl\":{\"type\":\"array\",\"title\":\"acl\",\"properties\":{},\"items\":{\"type\":\"object\",\"properties\":{\"subjectType\":{\"type\":\"string\",\"title\":\"subjectType\",\"default\":\"\",\"examples\":[\"team\"],\"properties\":{},\"pattern\":\"^(.*)$\"},\"subjectId\":{\"type\":\"string\",\"title\":\"subjectId\",\"default\":\"\",\"examples\":[\"*\"],\"properties\":{},\"pattern\":\"^(.*)$\"},\"aclId\":{\"type\":\"string\",\"title\":\"aclId\",\"default\":\"\",\"examples\":[\"8a2e920a872f4bd801872fc90a690232\"],\"properties\":{},\"pattern\":\"^(.*)$\"}}}},\"accessRights\":{\"type\":\"object\",\"title\":\"accessRights\",\"properties\":{\"canChangeOwner\":{\"type\":\"boolean\",\"title\":\"canChangeOwner\",\"default\":false,\"examples\":[false,true],\"properties\":{}},\"canDelete\":{\"type\":\"boolean\",\"title\":\"canDelete\",\"default\":false,\"examples\":[false,true],\"properties\":{}},\"canWrite\":{\"type\":\"boolean\",\"title\":\"canWrite\",\"default\":false,\"examples\":[false,true],\"properties\":{}},\"canRead\":{\"type\":\"boolean\",\"title\":\"canRead\",\"default\":false,\"examples\":[false,true],\"properties\":{}}}},\"resourceVersion\":{\"type\":\"string\",\"title\":\"resourceVersion\",\"default\":\"\",\"examples\":[\"3\"],\"properties\":{},\"pattern\":\"^(.*)$\"},\"references\":{\"type\":\"array\",\"properties\":{},\"items\":{\"type\":\"object\",\"properties\":{}}},\"selfLink\":{\"type\":\"string\",\"title\":\"selfLink\",\"default\":\"\",\"examples\":[\"/catalog/v1/marketplaces/082a27eb-1c67-4b54-90e0-b1529c008af7\"],\"properties\":{},\"pattern\":\"^(.*)$\"}}},\"attributes\":{\"type\":\"object\",\"properties\":{}},\"finalizers\":{\"type\":\"array\",\"properties\":{},\"items\":{\"type\":\"object\",\"properties\":{}}},\"tags\":{\"type\":\"array\",\"properties\":{},\"items\":{\"type\":\"object\",\"properties\":{}}},\"spec\":{\"type\":\"object\",\"properties\":{}}}}",
    "null" : false
  },
  "source_schema" : "{    \"group\": \"catalog\",    \"apiVersion\": \"v1\",    \"kind\": \"Marketplace\",    \"name\": \"082a27eb-1c67-4b54-90e0-b1529c008af7\",    \"title\": \"Marketplace\",    \"metadata\": {        \"id\": \"8a2e8036807692430180855c80a547b2\",        \"audit\": {            \"createTimestamp\": \"2022-05-02T15:21:13.637+0000\",            \"modifyTimestamp\": \"2023-04-27T17:18:44.656+0000\",            \"modifyUserId\": \"\"        },        \"acl\": [            {                \"subjectType\": \"team\",                \"subjectId\": \"*\",                \"aclId\": \"8a2e920a872f4bd801872fc90a690232\"            }        ],        \"accessRights\": {            \"canChangeOwner\": false,            \"canDelete\": false,            \"canWrite\": false,            \"canRead\": true        },        \"resourceVersion\": \"3\",        \"references\": [],        \"selfLink\": \"/catalog/v1/marketplaces/082a27eb-1c67-4b54-90e0-b1529c008af7\"    },    \"attributes\": {},    \"finalizers\": [],    \"tags\": [],    \"spec\": {}}",
  "type" : "custom",
  "doc_type" : null,
  "source_type" : "jsonsample",
  "ignore_missing_schemas" : false,
  "has_ref_schemas" : null,
  "flat_file_config" : null,
  "active" : true,
  "is_changed" : false,
  "tag" : "EMPTY",
  "comment" : "Added Amplify Traceability Connector",
  "base_tag" : "V24"
}