{
  "document_type_id" : "419ca94c-cf71-4292-b6c0-d4b35d8ff1c2",
  "name" : "Organization",
  "description" : "Amplify Platform Organization",
  "version" : null,
  "business_document_type_id" : null,
  "document_format_id" : "edc154a0-55fc-11e9-8647-d663bd873d93",
  "root_tag" : null,
  "structure" : {
    "type" : "jsonb",
    "value" : "[{\"key\": \"/_id\", \"type\": \"string\", \"order\": 1.0, \"title\": \"_id\", \"value\": {\"type\": \"string\", \"requiredFlag\": false}, \"isLeaf\": true, \"childrenSet\": false, \"hasChildren\": false, \"dataElementType\": \"string\"}, {\"key\": \"/active\", \"type\": \"boolean\", \"order\": 2.0, \"title\": \"active\", \"value\": {\"type\": \"boolean\", \"requiredFlag\": false}, \"isLeaf\": true, \"childrenSet\": false, \"hasChildren\": false, \"dataElementType\": \"boolean\"}, {\"key\": \"/children[]\", \"type\": \"array\", \"order\": 3.0, \"title\": \"children\", \"value\": {\"type\": \"array\", \"requiredFlag\": false}, \"isLeaf\": false, \"childrenSet\": false, \"hasChildren\": false, \"dataElementType\": \"stringArray\"}, {\"key\": \"/created\", \"type\": \"string\", \"order\": 4.0, \"title\": \"created\", \"value\": {\"type\": \"string\", \"requiredFlag\": false}, \"isLeaf\": true, \"childrenSet\": false, \"hasChildren\": false, \"dataElementType\": \"string\"}, {\"key\": \"/guid\", \"type\": \"string\", \"order\": 5.0, \"title\": \"guid\", \"value\": {\"type\": \"string\", \"requiredFlag\": false}, \"isLeaf\": true, \"childrenSet\": false, \"hasChildren\": false, \"dataElementType\": \"string\"}, {\"key\": \"/has_apps\", \"type\": \"boolean\", \"order\": 6.0, \"title\": \"has_apps\", \"value\": {\"type\": \"boolean\", \"requiredFlag\": false}, \"isLeaf\": true, \"childrenSet\": false, \"hasChildren\": false, \"dataElementType\": \"boolean\"}, {\"key\": \"/logged_in_count\", \"type\": \"integer\", \"order\": 7.0, \"title\": \"logged_in_count\", \"value\": {\"type\": \"integer\", \"requiredFlag\": false}, \"isLeaf\": true, \"childrenSet\": false, \"hasChildren\": false, \"dataElementType\": \"integer\"}, {\"key\": \"/name\", \"type\": \"string\", \"order\": 8.0, \"title\": \"name\", \"value\": {\"type\": \"string\", \"requiredFlag\": false}, \"isLeaf\": true, \"childrenSet\": false, \"hasChildren\": false, \"dataElementType\": \"string\"}, {\"key\": \"/org_id\", \"type\": \"integer\", \"order\": 9.0, \"title\": \"org_id\", \"value\": {\"type\": \"integer\", \"requiredFlag\": false}, \"isLeaf\": true, \"childrenSet\": false, \"hasChildren\": false, \"dataElementType\": \"integer\"}, {\"key\": \"/users[]\", \"type\": \"array\", \"order\": 10.0, \"title\": \"users\", \"value\": {\"type\": \"array\", \"requiredFlag\": false}, \"isLeaf\": false, \"children\": [{\"key\": \"/users[]/guid\", \"type\": \"string\", \"order\": 11.0, \"title\": \"guid\", \"value\": {\"type\": \"string\", \"requiredFlag\": false}, \"isLeaf\": true, \"childrenSet\": false, \"hasChildren\": false, \"dataElementType\": \"string\"}, {\"key\": \"/users[]/roles[]\", \"type\": \"array\", \"order\": 12.0, \"title\": \"roles\", \"value\": {\"type\": \"array\", \"requiredFlag\": false}, \"isLeaf\": false, \"childrenSet\": false, \"hasChildren\": false, \"dataElementType\": \"stringArray\"}, {\"key\": \"/users[]/primary\", \"type\": \"boolean\", \"order\": 13.0, \"title\": \"primary\", \"value\": {\"type\": \"boolean\", \"requiredFlag\": false}, \"isLeaf\": true, \"childrenSet\": false, \"hasChildren\": false, \"dataElementType\": \"boolean\"}], \"childrenSet\": false, \"hasChildren\": false, \"dataElementType\": \"documentArray\"}, {\"key\": \"/updated\", \"type\": \"string\", \"order\": 14.0, \"title\": \"updated\", \"value\": {\"type\": \"string\", \"requiredFlag\": false}, \"isLeaf\": true, \"childrenSet\": false, \"hasChildren\": false, \"dataElementType\": \"string\"}, {\"key\": \"/subscriptions[]\", \"type\": \"array\", \"order\": 15.0, \"title\": \"subscriptions\", \"value\": {\"type\": \"array\", \"requiredFlag\": false}, \"isLeaf\": false, \"children\": [{\"key\": \"/subscriptions[]/id\", \"type\": \"string\", \"order\": 16.0, \"title\": \"id\", \"value\": {\"type\": \"string\", \"requiredFlag\": false}, \"isLeaf\": true, \"childrenSet\": false, \"hasChildren\": false, \"dataElementType\": \"string\"}, {\"key\": \"/subscriptions[]/source\", \"type\": \"string\", \"order\": 17.0, \"title\": \"source\", \"value\": {\"type\": \"string\", \"requiredFlag\": false}, \"isLeaf\": true, \"childrenSet\": false, \"hasChildren\": false, \"dataElementType\": \"string\"}, {\"key\": \"/subscriptions[]/product\", \"type\": \"string\", \"order\": 18.0, \"title\": \"product\", \"value\": {\"type\": \"string\", \"requiredFlag\": false}, \"isLeaf\": true, \"childrenSet\": false, \"hasChildren\": false, \"dataElementType\": \"string\"}, {\"key\": \"/subscriptions[]/plan\", \"type\": \"string\", \"order\": 19.0, \"title\": \"plan\", \"value\": {\"type\": \"string\", \"requiredFlag\": false}, \"isLeaf\": true, \"childrenSet\": false, \"hasChildren\": false, \"dataElementType\": \"string\"}, {\"key\": \"/subscriptions[]/tier\", \"type\": \"string\", \"order\": 20.0, \"title\": \"tier\", \"value\": {\"type\": \"string\", \"requiredFlag\": false}, \"isLeaf\": true, \"childrenSet\": false, \"hasChildren\": false, \"dataElementType\": \"string\"}, {\"key\": \"/subscriptions[]/governance\", \"type\": \"string\", \"order\": 21.0, \"title\": \"governance\", \"value\": {\"type\": \"string\", \"requiredFlag\": false}, \"isLeaf\": true, \"childrenSet\": false, \"hasChildren\": false, \"dataElementType\": \"string\"}, {\"key\": \"/subscriptions[]/start_date\", \"type\": \"string\", \"order\": 22.0, \"title\": \"start_date\", \"value\": {\"type\": \"string\", \"requiredFlag\": false}, \"isLeaf\": true, \"childrenSet\": false, \"hasChildren\": false, \"dataElementType\": \"string\"}, {\"key\": \"/subscriptions[]/end_date\", \"type\": \"string\", \"order\": 23.0, \"title\": \"end_date\", \"value\": {\"type\": \"string\", \"requiredFlag\": false}, \"isLeaf\": true, \"childrenSet\": false, \"hasChildren\": false, \"dataElementType\": \"string\"}, {\"key\": \"/subscriptions[]/entitlements[]\", \"type\": \"array\", \"order\": 24.0, \"title\": \"entitlements\", \"value\": {\"type\": \"array\", \"requiredFlag\": false}, \"isLeaf\": false, \"children\": [{\"key\": \"/subscriptions[]/entitlements[]/key\", \"type\": \"string\", \"order\": 25.0, \"title\": \"key\", \"value\": {\"type\": \"string\", \"requiredFlag\": false}, \"isLeaf\": true, \"childrenSet\": false, \"hasChildren\": false, \"dataElementType\": \"string\"}, {\"key\": \"/subscriptions[]/entitlements[]/value[]\", \"type\": \"array\", \"order\": 26.0, \"title\": \"value\", \"value\": {\"type\": \"array\", \"requiredFlag\": false}, \"isLeaf\": false, \"childrenSet\": false, \"hasChildren\": false, \"dataElementType\": \"stringArray\"}], \"childrenSet\": false, \"hasChildren\": false, \"dataElementType\": \"documentArray\"}, {\"key\": \"/subscriptions[]/expired\", \"type\": \"boolean\", \"order\": 27.0, \"title\": \"expired\", \"value\": {\"type\": \"boolean\", \"requiredFlag\": false}, \"isLeaf\": true, \"childrenSet\": false, \"hasChildren\": false, \"dataElementType\": \"boolean\"}], \"childrenSet\": false, \"hasChildren\": false, \"dataElementType\": \"documentArray\"}, {\"key\": \"/last_login\", \"type\": \"string\", \"order\": 28.0, \"title\": \"last_login\", \"value\": {\"type\": \"string\", \"requiredFlag\": false}, \"isLeaf\": true, \"childrenSet\": false, \"hasChildren\": false, \"dataElementType\": \"string\"}, {\"key\": \"/api_central\", \"type\": \"object\", \"order\": 29.0, \"title\": \"api_central\", \"value\": {\"type\": \"object\", \"requiredFlag\": false}, \"isLeaf\": false, \"children\": [{\"key\": \"/api_central/requested_date\", \"type\": \"string\", \"order\": 30.0, \"title\": \"requested_date\", \"value\": {\"type\": \"string\", \"requiredFlag\": false}, \"isLeaf\": true, \"childrenSet\": false, \"hasChildren\": false, \"dataElementType\": \"string\"}, {\"key\": \"/api_central/state\", \"type\": \"string\", \"order\": 31.0, \"title\": \"state\", \"value\": {\"type\": \"string\", \"requiredFlag\": false}, \"isLeaf\": true, \"childrenSet\": false, \"hasChildren\": false, \"dataElementType\": \"string\"}, {\"key\": \"/api_central/provisioned\", \"type\": \"boolean\", \"order\": 32.0, \"title\": \"provisioned\", \"value\": {\"type\": \"boolean\", \"requiredFlag\": false}, \"isLeaf\": true, \"childrenSet\": false, \"hasChildren\": false, \"dataElementType\": \"boolean\"}, {\"key\": \"/api_central/provisioned_date\", \"type\": \"string\", \"order\": 33.0, \"title\": \"provisioned_date\", \"value\": {\"type\": \"string\", \"requiredFlag\": false}, \"isLeaf\": true, \"childrenSet\": false, \"hasChildren\": false, \"dataElementType\": \"string\"}], \"childrenSet\": false, \"hasChildren\": false, \"dataElementType\": \"document\"}, {\"key\": \"/cloud_elements\", \"type\": \"object\", \"order\": 34.0, \"title\": \"cloud_elements\", \"value\": {\"type\": \"object\", \"requiredFlag\": false}, \"isLeaf\": false, \"children\": [{\"key\": \"/cloud_elements/requested_date\", \"type\": \"string\", \"order\": 35.0, \"title\": \"requested_date\", \"value\": {\"type\": \"string\", \"requiredFlag\": false}, \"isLeaf\": true, \"childrenSet\": false, \"hasChildren\": false, \"dataElementType\": \"string\"}, {\"key\": \"/cloud_elements/state\", \"type\": \"string\", \"order\": 36.0, \"title\": \"state\", \"value\": {\"type\": \"string\", \"requiredFlag\": false}, \"isLeaf\": true, \"childrenSet\": false, \"hasChildren\": false, \"dataElementType\": \"string\"}, {\"key\": \"/cloud_elements/provisioned\", \"type\": \"boolean\", \"order\": 37.0, \"title\": \"provisioned\", \"value\": {\"type\": \"boolean\", \"requiredFlag\": false}, \"isLeaf\": true, \"childrenSet\": false, \"hasChildren\": false, \"dataElementType\": \"boolean\"}, {\"key\": \"/cloud_elements/requested_envs[]\", \"type\": \"array\", \"order\": 38.0, \"title\": \"requested_envs\", \"value\": {\"type\": \"array\", \"requiredFlag\": false}, \"isLeaf\": false, \"childrenSet\": false, \"hasChildren\": false, \"dataElementType\": \"stringArray\"}, {\"key\": \"/cloud_elements/provisioned_date\", \"type\": \"string\", \"order\": 39.0, \"title\": \"provisioned_date\", \"value\": {\"type\": \"string\", \"requiredFlag\": false}, \"isLeaf\": true, \"childrenSet\": false, \"hasChildren\": false, \"dataElementType\": \"string\"}, {\"key\": \"/cloud_elements/provisioned_envs[]\", \"type\": \"array\", \"order\": 40.0, \"title\": \"provisioned_envs\", \"value\": {\"type\": \"array\", \"requiredFlag\": false}, \"isLeaf\": false, \"childrenSet\": false, \"hasChildren\": false, \"dataElementType\": \"stringArray\"}], \"childrenSet\": false, \"hasChildren\": false, \"dataElementType\": \"document\"}, {\"key\": \"/last_push\", \"type\": \"string\", \"order\": 41.0, \"title\": \"last_push\", \"value\": {\"type\": \"string\", \"requiredFlag\": false}, \"isLeaf\": true, \"childrenSet\": false, \"hasChildren\": false, \"dataElementType\": \"string\"}, {\"key\": \"/internal\", \"type\": \"boolean\", \"order\": 42.0, \"title\": \"internal\", \"value\": {\"type\": \"boolean\", \"requiredFlag\": false}, \"isLeaf\": true, \"childrenSet\": false, \"hasChildren\": false, \"dataElementType\": \"boolean\"}, {\"key\": \"/branding\", \"type\": \"object\", \"order\": 43.0, \"title\": \"branding\", \"value\": {\"type\": \"object\", \"requiredFlag\": false}, \"isLeaf\": false, \"children\": [{\"key\": \"/branding/catalog_header_left\", \"type\": \"string\", \"order\": 44.0, \"title\": \"catalog_header_left\", \"value\": {\"type\": \"string\", \"requiredFlag\": false}, \"isLeaf\": true, \"childrenSet\": false, \"hasChildren\": false, \"dataElementType\": \"string\"}, {\"key\": \"/branding/catalog_header_right\", \"type\": \"string\", \"order\": 45.0, \"title\": \"catalog_header_right\", \"value\": {\"type\": \"string\", \"requiredFlag\": false}, \"isLeaf\": true, \"childrenSet\": false, \"hasChildren\": false, \"dataElementType\": \"string\"}, {\"key\": \"/branding/catalog_tile_border\", \"type\": \"string\", \"order\": 46.0, \"title\": \"catalog_tile_border\", \"value\": {\"type\": \"string\", \"requiredFlag\": false}, \"isLeaf\": true, \"childrenSet\": false, \"hasChildren\": false, \"dataElementType\": \"string\"}, {\"key\": \"/branding/catalog_tile_border_hover\", \"type\": \"string\", \"order\": 47.0, \"title\": \"catalog_tile_border_hover\", \"value\": {\"type\": \"string\", \"requiredFlag\": false}, \"isLeaf\": true, \"childrenSet\": false, \"hasChildren\": false, \"dataElementType\": \"string\"}], \"childrenSet\": false, \"hasChildren\": false, \"dataElementType\": \"document\"}, {\"key\": \"/analytics\", \"type\": \"object\", \"order\": 48.0, \"title\": \"analytics\", \"value\": {\"type\": \"object\", \"requiredFlag\": false}, \"isLeaf\": false, \"children\": [{\"key\": \"/analytics/token\", \"type\": \"string\", \"order\": 49.0, \"title\": \"token\", \"value\": {\"type\": \"string\", \"requiredFlag\": false}, \"isLeaf\": true, \"childrenSet\": false, \"hasChildren\": false, \"dataElementType\": \"string\"}], \"childrenSet\": false, \"hasChildren\": false, \"dataElementType\": \"document\"}, {\"key\": \"/region\", \"type\": \"string\", \"order\": 50.0, \"title\": \"region\", \"value\": {\"type\": \"string\", \"requiredFlag\": false}, \"isLeaf\": true, \"childrenSet\": false, \"hasChildren\": false, \"dataElementType\": \"string\"}, {\"key\": \"/last_push_success\", \"type\": \"boolean\", \"order\": 51.0, \"title\": \"last_push_success\", \"value\": {\"type\": \"boolean\", \"requiredFlag\": false}, \"isLeaf\": true, \"childrenSet\": false, \"hasChildren\": false, \"dataElementType\": \"boolean\"}, {\"key\": \"/created_by\", \"type\": \"object\", \"order\": 52.0, \"title\": \"created_by\", \"value\": {\"type\": \"object\", \"requiredFlag\": false}, \"isLeaf\": false, \"children\": [{\"key\": \"/created_by/guid\", \"type\": \"string\", \"order\": 53.0, \"title\": \"guid\", \"value\": {\"type\": \"string\", \"requiredFlag\": false}, \"isLeaf\": true, \"childrenSet\": false, \"hasChildren\": false, \"dataElementType\": \"string\"}, {\"key\": \"/created_by/type\", \"type\": \"string\", \"order\": 54.0, \"title\": \"type\", \"value\": {\"type\": \"string\", \"requiredFlag\": false}, \"isLeaf\": true, \"childrenSet\": false, \"hasChildren\": false, \"dataElementType\": \"string\"}], \"childrenSet\": false, \"hasChildren\": false, \"dataElementType\": \"document\"}, {\"key\": \"/security\", \"type\": \"object\", \"order\": 55.0, \"title\": \"security\", \"value\": {\"type\": \"object\", \"requiredFlag\": false}, \"isLeaf\": false, \"children\": [{\"key\": \"/security/disable_analytics\", \"type\": \"boolean\", \"order\": 56.0, \"title\": \"disable_analytics\", \"value\": {\"type\": \"boolean\", \"requiredFlag\": false}, \"isLeaf\": true, \"childrenSet\": false, \"hasChildren\": false, \"dataElementType\": \"boolean\"}], \"childrenSet\": false, \"hasChildren\": false, \"dataElementType\": \"document\"}, {\"key\": \"/entitlements\", \"type\": \"object\", \"order\": 57.0, \"title\": \"entitlements\", \"value\": {\"type\": \"object\", \"requiredFlag\": false}, \"isLeaf\": false, \"children\": [{\"key\": \"/entitlements/Tokens\", \"type\": \"integer\", \"order\": 58.0, \"title\": \"Tokens\", \"value\": {\"type\": \"integer\", \"requiredFlag\": false}, \"isLeaf\": true, \"childrenSet\": false, \"hasChildren\": false, \"dataElementType\": \"integer\"}, {\"key\": \"/entitlements/APIM.Transactions\", \"type\": \"integer\", \"order\": 59.0, \"title\": \"APIM.Transactions\", \"value\": {\"type\": \"integer\", \"requiredFlag\": false}, \"isLeaf\": true, \"childrenSet\": false, \"hasChildren\": false, \"dataElementType\": \"integer\"}, {\"key\": \"/entitlements/AgentSDK.Transactions\", \"type\": \"integer\", \"order\": 60.0, \"title\": \"AgentSDK.Transactions\", \"value\": {\"type\": \"integer\", \"requiredFlag\": false}, \"isLeaf\": true, \"childrenSet\": false, \"hasChildren\": false, \"dataElementType\": \"integer\"}, {\"key\": \"/entitlements/APIMAgent.Transactions\", \"type\": \"integer\", \"order\": 61.0, \"title\": \"APIMAgent.Transactions\", \"value\": {\"type\": \"integer\", \"requiredFlag\": false}, \"isLeaf\": true, \"childrenSet\": false, \"hasChildren\": false, \"dataElementType\": \"integer\"}, {\"key\": \"/entitlements/APIMG.Transactions\", \"type\": \"integer\", \"order\": 62.0, \"title\": \"APIMG.Transactions\", \"value\": {\"type\": \"integer\", \"requiredFlag\": false}, \"isLeaf\": true, \"childrenSet\": false, \"hasChildren\": false, \"dataElementType\": \"integer\"}, {\"key\": \"/entitlements/AWS.Transactions\", \"type\": \"integer\", \"order\": 63.0, \"title\": \"AWS.Transactions\", \"value\": {\"type\": \"integer\", \"requiredFlag\": false}, \"isLeaf\": true, \"childrenSet\": false, \"hasChildren\": false, \"dataElementType\": \"integer\"}, {\"key\": \"/entitlements/Azure.Transactions\", \"type\": \"integer\", \"order\": 64.0, \"title\": \"Azure.Transactions\", \"value\": {\"type\": \"integer\", \"requiredFlag\": false}, \"isLeaf\": true, \"childrenSet\": false, \"hasChildren\": false, \"dataElementType\": \"integer\"}, {\"key\": \"/entitlements/APIB.Transactions\", \"type\": \"integer\", \"order\": 65.0, \"title\": \"APIB.Transactions\", \"value\": {\"type\": \"integer\", \"requiredFlag\": false}, \"isLeaf\": true, \"childrenSet\": false, \"hasChildren\": false, \"dataElementType\": \"integer\"}, {\"key\": \"/entitlements/Volume\", \"type\": \"integer\", \"order\": 66.0, \"title\": \"Volume\", \"value\": {\"type\": \"integer\", \"requiredFlag\": false}, \"isLeaf\": true, \"childrenSet\": false, \"hasChildren\": false, \"dataElementType\": \"integer\"}, {\"key\": \"/entitlements/APIM.Volume\", \"type\": \"integer\", \"order\": 67.0, \"title\": \"APIM.Volume\", \"value\": {\"type\": \"integer\", \"requiredFlag\": false}, \"isLeaf\": true, \"childrenSet\": false, \"hasChildren\": false, \"dataElementType\": \"integer\"}, {\"key\": \"/entitlements/Streams.Volume\", \"type\": \"integer\", \"order\": 68.0, \"title\": \"Streams.Volume\", \"value\": {\"type\": \"integer\", \"requiredFlag\": false}, \"isLeaf\": true, \"childrenSet\": false, \"hasChildren\": false, \"dataElementType\": \"integer\"}, {\"key\": \"/entitlements/partners[]\", \"type\": \"array\", \"order\": 69.0, \"title\": \"partners\", \"value\": {\"type\": \"array\", \"requiredFlag\": false}, \"isLeaf\": false, \"childrenSet\": false, \"hasChildren\": false, \"dataElementType\": \"stringArray\"}, {\"key\": \"/entitlements/Streams.Events\", \"type\": \"integer\", \"order\": 70.0, \"title\": \"Streams.Events\", \"value\": {\"type\": \"integer\", \"requiredFlag\": false}, \"isLeaf\": true, \"childrenSet\": false, \"hasChildren\": false, \"dataElementType\": \"integer\"}, {\"key\": \"/entitlements/idp\", \"type\": \"boolean\", \"order\": 71.0, \"title\": \"idp\", \"value\": {\"type\": \"boolean\", \"requiredFlag\": false}, \"isLeaf\": true, \"childrenSet\": false, \"hasChildren\": false, \"dataElementType\": \"boolean\"}, {\"key\": \"/entitlements/catalog\", \"type\": \"boolean\", \"order\": 72.0, \"title\": \"catalog\", \"value\": {\"type\": \"boolean\", \"requiredFlag\": false}, \"isLeaf\": true, \"childrenSet\": false, \"hasChildren\": false, \"dataElementType\": \"boolean\"}, {\"key\": \"/entitlements/Hub.Assets\", \"type\": \"integer\", \"order\": 73.0, \"title\": \"Hub.Assets\", \"value\": {\"type\": \"integer\", \"requiredFlag\": false}, \"isLeaf\": true, \"childrenSet\": false, \"hasChildren\": false, \"dataElementType\": \"integer\"}, {\"key\": \"/entitlements/Hub.Subscriptions\", \"type\": \"integer\", \"order\": 74.0, \"title\": \"Hub.Subscriptions\", \"value\": {\"type\": \"integer\", \"requiredFlag\": false}, \"isLeaf\": true, \"childrenSet\": false, \"hasChildren\": false, \"dataElementType\": \"integer\"}, {\"key\": \"/entitlements/Hub.Transactions\", \"type\": \"integer\", \"order\": 75.0, \"title\": \"Hub.Transactions\", \"value\": {\"type\": \"integer\", \"requiredFlag\": false}, \"isLeaf\": true, \"childrenSet\": false, \"hasChildren\": false, \"dataElementType\": \"integer\"}, {\"key\": \"/entitlements/public_provider\", \"type\": \"boolean\", \"order\": 76.0, \"title\": \"public_provider\", \"value\": {\"type\": \"boolean\", \"requiredFlag\": false}, \"isLeaf\": true, \"childrenSet\": false, \"hasChildren\": false, \"dataElementType\": \"boolean\"}, {\"key\": \"/entitlements/Hub.Marketplaces\", \"type\": \"integer\", \"order\": 77.0, \"title\": \"Hub.Marketplaces\", \"value\": {\"type\": \"integer\", \"requiredFlag\": false}, \"isLeaf\": true, \"childrenSet\": false, \"hasChildren\": false, \"dataElementType\": \"integer\"}, {\"key\": \"/entitlements/provider\", \"type\": \"boolean\", \"order\": 78.0, \"title\": \"provider\", \"value\": {\"type\": \"boolean\", \"requiredFlag\": false}, \"isLeaf\": true, \"childrenSet\": false, \"hasChildren\": false, \"dataElementType\": \"boolean\"}], \"childrenSet\": false, \"hasChildren\": false, \"dataElementType\": \"document\"}]",
    "null" : false
  },
  "key_fields" : null,
  "schema" : {
    "type" : "json",
    "value" : "{\"$id\":\"Organization\",\"$schema\":\"http://json-schema.org/draft-07/schema#\",\"type\":\"object\",\"properties\":{\"_id\":{\"type\":\"string\",\"title\":\"_id\",\"default\":\"\",\"examples\":[\"51ba8b01b4497c352e000001\"],\"properties\":{},\"pattern\":\"^(.*)$\"},\"active\":{\"type\":\"boolean\",\"title\":\"active\",\"default\":false,\"examples\":[false,true],\"properties\":{}},\"children\":{\"type\":\"array\",\"title\":\"children\",\"properties\":{},\"items\":{\"type\":\"string\",\"default\":\"\",\"examples\":[\"92864a3e-ef1c-48ab-9fc2-15966f07a995\",\"a1c71f27-1ae8-4553-b04b-11eacdee8762\",\"725de778-8bf7-4de3-bc32-f49b3c1e2972\"],\"properties\":{},\"pattern\":\"^(.*)$\"}},\"created\":{\"type\":\"string\",\"title\":\"created\",\"default\":\"\",\"examples\":[\"2013-06-14T03:16:17.166Z\"],\"properties\":{},\"pattern\":\"^(.*)$\"},\"guid\":{\"type\":\"string\",\"title\":\"guid\",\"default\":\"\",\"examples\":[\"8cde1a18-2aeb-4bcd-85d5-cfb53ec9efb4\"],\"properties\":{},\"pattern\":\"^(.*)$\"},\"has_apps\":{\"type\":\"boolean\",\"title\":\"has_apps\",\"default\":false,\"examples\":[false,true],\"properties\":{}},\"logged_in_count\":{\"type\":\"integer\",\"title\":\"logged_in_count\",\"default\":0,\"examples\":[168053],\"properties\":{}},\"name\":{\"type\":\"string\",\"title\":\"name\",\"default\":\"\",\"examples\":[\"Axway Appcelerator SE\"],\"properties\":{},\"pattern\":\"^(.*)$\"},\"org_id\":{\"type\":\"integer\",\"title\":\"org_id\",\"default\":0,\"examples\":[100000142],\"properties\":{}},\"users\":{\"type\":\"array\",\"title\":\"users\",\"properties\":{},\"items\":{\"type\":\"object\",\"properties\":{\"guid\":{\"type\":\"string\",\"title\":\"guid\",\"default\":\"\",\"examples\":[\"af4e3885-3a3e-4d4f-97d9-c95691a213d9\"],\"properties\":{},\"pattern\":\"^(.*)$\"},\"roles\":{\"type\":\"array\",\"title\":\"roles\",\"properties\":{},\"items\":{\"type\":\"string\",\"default\":\"\",\"examples\":[\"administrator\",\"api_central_admin\"],\"properties\":{},\"pattern\":\"^(.*)$\"}},\"primary\":{\"type\":\"boolean\",\"title\":\"primary\",\"default\":false,\"examples\":[false,true],\"properties\":{}}}}},\"updated\":{\"type\":\"string\",\"title\":\"updated\",\"default\":\"\",\"examples\":[\"2023-12-04T19:41:36.462Z\"],\"properties\":{},\"pattern\":\"^(.*)$\"},\"subscriptions\":{\"type\":\"array\",\"title\":\"subscriptions\",\"properties\":{},\"items\":{\"type\":\"object\",\"properties\":{\"id\":{\"type\":\"string\",\"title\":\"id\",\"default\":\"\",\"examples\":[\"4fa4d15c-ed97-4254-98d8-7c27bd3b04fd\"],\"properties\":{},\"pattern\":\"^(.*)$\"},\"source\":{\"type\":\"string\",\"title\":\"source\",\"default\":\"\",\"examples\":[\"Platform\"],\"properties\":{},\"pattern\":\"^(.*)$\"},\"product\":{\"type\":\"string\",\"title\":\"product\",\"default\":\"\",\"examples\":[\"Hub\"],\"properties\":{},\"pattern\":\"^(.*)$\"},\"plan\":{\"type\":\"string\",\"title\":\"plan\",\"default\":\"\",\"examples\":[\"enterprise\"],\"properties\":{},\"pattern\":\"^(.*)$\"},\"tier\":{\"type\":\"string\",\"title\":\"tier\",\"default\":\"\",\"examples\":[\"paid\"],\"properties\":{},\"pattern\":\"^(.*)$\"},\"governance\":{\"type\":\"string\",\"title\":\"governance\",\"default\":\"\",\"examples\":[\"SaaS\"],\"properties\":{},\"pattern\":\"^(.*)$\"},\"start_date\":{\"type\":\"string\",\"title\":\"start_date\",\"default\":\"\",\"examples\":[\"2022-04-07T00:00:00.000Z\"],\"properties\":{},\"pattern\":\"^(.*)$\"},\"end_date\":{\"type\":\"string\",\"title\":\"end_date\",\"default\":\"\",\"examples\":[\"2023-12-31T23:59:59.999Z\"],\"properties\":{},\"pattern\":\"^(.*)$\"},\"entitlements\":{\"type\":\"array\",\"title\":\"entitlements\",\"properties\":{},\"items\":{\"type\":\"object\",\"properties\":{\"key\":{\"type\":\"string\",\"title\":\"key\",\"default\":\"\",\"examples\":[\"limit_users\"],\"properties\":{},\"pattern\":\"^(.*)$\"},\"value\":{\"type\":\"array\",\"title\":\"value\",\"properties\":{},\"items\":{\"type\":\"string\",\"default\":\"\",\"examples\":[\"aca\",\"acs\",\"analytics\"],\"properties\":{},\"pattern\":\"^(.*)$\"}}}}},\"expired\":{\"type\":\"boolean\",\"title\":\"expired\",\"default\":false,\"examples\":[false,true],\"properties\":{}}}}},\"last_login\":{\"type\":\"string\",\"title\":\"last_login\",\"default\":\"\",\"examples\":[\"2023-12-04T19:41:36.462Z\"],\"properties\":{},\"pattern\":\"^(.*)$\"},\"api_central\":{\"type\":\"object\",\"title\":\"api_central\",\"properties\":{\"requested_date\":{\"type\":\"string\",\"title\":\"requested_date\",\"default\":\"\",\"examples\":[\"2019-04-15T20:55:05.267Z\"],\"properties\":{},\"pattern\":\"^(.*)$\"},\"state\":{\"type\":\"string\",\"title\":\"state\",\"default\":\"\",\"examples\":[\"provisioned\"],\"properties\":{},\"pattern\":\"^(.*)$\"},\"provisioned\":{\"type\":\"boolean\",\"title\":\"provisioned\",\"default\":false,\"examples\":[false,true],\"properties\":{}},\"provisioned_date\":{\"type\":\"string\",\"title\":\"provisioned_date\",\"default\":\"\",\"examples\":[\"2019-04-15T20:55:07.186Z\"],\"properties\":{},\"pattern\":\"^(.*)$\"}}},\"cloud_elements\":{\"type\":\"object\",\"title\":\"cloud_elements\",\"properties\":{\"requested_date\":{\"type\":\"string\",\"title\":\"requested_date\",\"default\":\"\",\"examples\":[\"2019-04-15T20:55:05.274Z\"],\"properties\":{},\"pattern\":\"^(.*)$\"},\"state\":{\"type\":\"string\",\"title\":\"state\",\"default\":\"\",\"examples\":[\"provisioned\"],\"properties\":{},\"pattern\":\"^(.*)$\"},\"provisioned\":{\"type\":\"boolean\",\"title\":\"provisioned\",\"default\":false,\"examples\":[false,true],\"properties\":{}},\"requested_envs\":{\"type\":\"array\",\"title\":\"requested_envs\",\"properties\":{},\"items\":{\"type\":\"string\",\"default\":\"\",\"examples\":[\"sandbox\"],\"properties\":{},\"pattern\":\"^(.*)$\"}},\"provisioned_date\":{\"type\":\"string\",\"title\":\"provisioned_date\",\"default\":\"\",\"examples\":[\"2019-04-15T20:55:19.105Z\"],\"properties\":{},\"pattern\":\"^(.*)$\"},\"provisioned_envs\":{\"type\":\"array\",\"title\":\"provisioned_envs\",\"properties\":{},\"items\":{\"type\":\"string\",\"default\":\"\",\"examples\":[\"sandbox\"],\"properties\":{},\"pattern\":\"^(.*)$\"}}}},\"last_push\":{\"type\":\"string\",\"title\":\"last_push\",\"default\":\"\",\"examples\":[\"2022-04-07T17:27:34.531Z\"],\"properties\":{},\"pattern\":\"^(.*)$\"},\"internal\":{\"type\":\"boolean\",\"title\":\"internal\",\"default\":false,\"examples\":[false,true],\"properties\":{}},\"branding\":{\"type\":\"object\",\"title\":\"branding\",\"properties\":{\"catalog_header_left\":{\"type\":\"string\",\"title\":\"catalog_header_left\",\"default\":\"\",\"examples\":[\"#3D4051\"],\"properties\":{},\"pattern\":\"^(.*)$\"},\"catalog_header_right\":{\"type\":\"string\",\"title\":\"catalog_header_right\",\"default\":\"\",\"examples\":[\"#D22630\"],\"properties\":{},\"pattern\":\"^(.*)$\"},\"catalog_tile_border\":{\"type\":\"string\",\"title\":\"catalog_tile_border\",\"default\":\"\",\"examples\":[\"#E9EAEA\"],\"properties\":{},\"pattern\":\"^(.*)$\"},\"catalog_tile_border_hover\":{\"type\":\"string\",\"title\":\"catalog_tile_border_hover\",\"default\":\"\",\"examples\":[\"#C8C9C7\"],\"properties\":{},\"pattern\":\"^(.*)$\"}}},\"analytics\":{\"type\":\"object\",\"title\":\"analytics\",\"properties\":{\"token\":{\"type\":\"string\",\"title\":\"token\",\"default\":\"\",\"examples\":[\"d61acca65a820345\"],\"properties\":{},\"pattern\":\"^(.*)$\"}}},\"region\":{\"type\":\"string\",\"title\":\"region\",\"default\":\"\",\"examples\":[\"US\"],\"properties\":{},\"pattern\":\"^(.*)$\"},\"last_push_success\":{\"type\":\"boolean\",\"title\":\"last_push_success\",\"default\":false,\"examples\":[false,true],\"properties\":{}},\"created_by\":{\"type\":\"object\",\"title\":\"created_by\",\"properties\":{\"guid\":{\"type\":\"string\",\"title\":\"guid\",\"default\":\"\",\"examples\":[\"86b2b686d7232a2684dbaa7ccd5b5128\"],\"properties\":{},\"pattern\":\"^(.*)$\"},\"type\":{\"type\":\"string\",\"title\":\"type\",\"default\":\"\",\"examples\":[\"user\"],\"properties\":{},\"pattern\":\"^(.*)$\"}}},\"security\":{\"type\":\"object\",\"title\":\"security\",\"properties\":{\"disable_analytics\":{\"type\":\"boolean\",\"title\":\"disable_analytics\",\"default\":false,\"examples\":[false,true],\"properties\":{}}}},\"entitlements\":{\"type\":\"object\",\"title\":\"entitlements\",\"properties\":{\"Tokens\":{\"type\":\"integer\",\"title\":\"Tokens\",\"default\":0,\"examples\":[1000000],\"properties\":{}},\"APIM.Transactions\":{\"type\":\"integer\",\"title\":\"APIM.Transactions\",\"default\":0,\"examples\":[1],\"properties\":{}},\"AgentSDK.Transactions\":{\"type\":\"integer\",\"title\":\"AgentSDK.Transactions\",\"default\":0,\"examples\":[10],\"properties\":{}},\"APIMAgent.Transactions\":{\"type\":\"integer\",\"title\":\"APIMAgent.Transactions\",\"default\":0,\"examples\":[10],\"properties\":{}},\"APIMG.Transactions\":{\"type\":\"integer\",\"title\":\"APIMG.Transactions\",\"default\":0,\"examples\":[10],\"properties\":{}},\"AWS.Transactions\":{\"type\":\"integer\",\"title\":\"AWS.Transactions\",\"default\":0,\"examples\":[10],\"properties\":{}},\"Azure.Transactions\":{\"type\":\"integer\",\"title\":\"Azure.Transactions\",\"default\":0,\"examples\":[10],\"properties\":{}},\"APIB.Transactions\":{\"type\":\"integer\",\"title\":\"APIB.Transactions\",\"default\":0,\"examples\":[3],\"properties\":{}},\"Volume\":{\"type\":\"integer\",\"title\":\"Volume\",\"default\":0,\"examples\":[0],\"properties\":{}},\"APIM.Volume\":{\"type\":\"integer\",\"title\":\"APIM.Volume\",\"default\":0,\"examples\":[1],\"properties\":{}},\"Streams.Volume\":{\"type\":\"integer\",\"title\":\"Streams.Volume\",\"default\":0,\"examples\":[1],\"properties\":{}},\"partners\":{\"type\":\"array\",\"title\":\"partners\",\"properties\":{},\"items\":{\"type\":\"string\",\"default\":\"\",\"examples\":[\"api_central\"],\"properties\":{},\"pattern\":\"^(.*)$\"}},\"Streams.Events\":{\"type\":\"integer\",\"title\":\"Streams.Events\",\"default\":0,\"examples\":[10],\"properties\":{}},\"idp\":{\"type\":\"boolean\",\"title\":\"idp\",\"default\":false,\"examples\":[false,true],\"properties\":{}},\"catalog\":{\"type\":\"boolean\",\"title\":\"catalog\",\"default\":false,\"examples\":[false,true],\"properties\":{}},\"Hub.Assets\":{\"type\":\"integer\",\"title\":\"Hub.Assets\",\"default\":0,\"examples\":[100],\"properties\":{}},\"Hub.Subscriptions\":{\"type\":\"integer\",\"title\":\"Hub.Subscriptions\",\"default\":0,\"examples\":[1000],\"properties\":{}},\"Hub.Transactions\":{\"type\":\"integer\",\"title\":\"Hub.Transactions\",\"default\":0,\"examples\":[1000000],\"properties\":{}},\"public_provider\":{\"type\":\"boolean\",\"title\":\"public_provider\",\"default\":false,\"examples\":[false,true],\"properties\":{}},\"Hub.Marketplaces\":{\"type\":\"integer\",\"title\":\"Hub.Marketplaces\",\"default\":0,\"examples\":[1],\"properties\":{}},\"provider\":{\"type\":\"boolean\",\"title\":\"provider\",\"default\":false,\"examples\":[false,true],\"properties\":{}}}}}}",
    "null" : false
  },
  "source_schema" : "{        \"_id\": \"51ba8b01b4497c352e000001\",        \"active\": true,        \"children\": [            \"92864a3e-ef1c-48ab-9fc2-15966f07a995\",            \"a1c71f27-1ae8-4553-b04b-11eacdee8762\",            \"725de778-8bf7-4de3-bc32-f49b3c1e2972\"        ],        \"created\": \"2013-06-14T03:16:17.166Z\",        \"guid\": \"8cde1a18-2aeb-4bcd-85d5-cfb53ec9efb4\",        \"has_apps\": true,        \"logged_in_count\": 168053,        \"name\": \"Axway Appcelerator SE\",        \"org_id\": 100000142,        \"users\": [            {                \"guid\": \"789f8247a10c466f36894f0f3cfdce19\",                \"roles\": [                    \"administrator\",                    \"api_central_admin\"                ],                \"primary\": true            },            {                \"guid\": \"c9b2a6b1-e167-4827-bcbe-3db69813bf81\",                \"roles\": [                    \"administrator\"                ]            },            {                \"guid\": \"4dde631b-f617-4e77-860d-aa17584129f9\",                \"roles\": [                    \"administrator\",                    \"api_central_admin\"                ]            },            {                \"guid\": \"23897ff9-d1cf-436d-ae9e-ff205bca41f4\",                \"roles\": [                    \"administrator\"                ]            },            {                \"guid\": \"4b114137-1f59-4765-9518-76388a4cd016\",                \"roles\": [                    \"administrator\",                    \"api_central_admin\"                ]            },            {                \"guid\": \"708f854d-6cc7-4a1e-b4dd-83c80654aa49\",                \"roles\": [                    \"administrator\"                ]            },            {                \"guid\": \"b47c1716-0a1d-4ace-95f0-98cb11d8ef24\",                \"roles\": [                    \"administrator\"                ]            },            {                \"guid\": \"a8d41340-a70d-415f-9ca6-82297500a498\",                \"roles\": [                    \"administrator\"                ]            },            {                \"guid\": \"b29aaa81a709000deb368e7471192c0d\",                \"roles\": [                    \"administrator\"                ]            },            {                \"guid\": \"f61f1af7-4f71-4503-9d76-b8294940c520\",                \"roles\": [                    \"administrator\"                ]            },            {                \"guid\": \"0709c93e-6ecd-4973-b4b8-1c84b6f38f3b\",                \"roles\": [                    \"administrator\"                ]            },            {                \"guid\": \"9de6cf92-737d-4dc9-84ae-4c1b8e0a8704\",                \"roles\": [                    \"administrator\",                    \"api_central_admin\"                ]            },            {                \"guid\": \"381cb7c2-f371-4d94-a1d5-b1d300aee403\",                \"roles\": [                    \"developer\"                ]            },            {                \"guid\": \"72305d3e-c14a-40f7-a672-c10e0bc1151f\",                \"roles\": [                    \"developer\"                ]            },            {                \"guid\": \"b9c835bc-0b01-4b97-ae78-bb05b3ff6d28\",                \"roles\": [                    \"developer\"                ]            },            {                \"guid\": \"54881880-03a2-4eaa-8bef-04746b316127\",                \"roles\": [                    \"administrator\"                ]            },            {                \"guid\": \"ce2b60e9-a01e-48fc-9a10-b1e24b7d3d65\",                \"roles\": [                    \"administrator\"                ]            },            {                \"guid\": \"29b6dbfcd9fba4c55783c4d9b1af0ef3\",                \"roles\": [                    \"consumer\"                ]            },            {                \"guid\": \"0c12307a-1289-4454-a971-c0f635d4c39d\",                \"roles\": [                    \"administrator\",                    \"api_central_admin\"                ]            },            {                \"guid\": \"8c27302c-c69a-41ab-855a-b90faad590ad\",                \"roles\": [                    \"administrator\",                    \"api_central_admin\"                ]            },            {                \"guid\": \"418e1177-cc0f-4c83-a4ed-833818b49090\",                \"roles\": [                    \"developer\"                ]            },            {                \"guid\": \"22c08745-c5da-4988-8744-61dff9ac15de\",                \"roles\": [                    \"administrator\"                ]            },            {                \"guid\": \"36180281-3b2d-491b-bd24-ae8e15c6f81b\",                \"roles\": [                    \"administrator\",                    \"api_central_admin\"                ]            },            {                \"guid\": \"f2c669af-d7a3-46fb-b327-8c60249bc4c9\",                \"roles\": [                    \"consumer\"                ]            },            {                \"guid\": \"02601fdc-20f3-4632-9d58-474524e0a58e\",                \"roles\": [                    \"administrator\",                    \"api_central_admin\"                ]            },            {                \"guid\": \"006232ff-bc5b-42f6-90f2-b972fe1769cf\",                \"roles\": [                    \"administrator\",                    \"api_central_admin\"                ]            },            {                \"guid\": \"9da11938-384d-4e78-a72e-32490e9cf1d9\",                \"roles\": [                    \"developer\"                ]            },            {                \"guid\": \"5921967c-f178-4858-93e8-2e363e78a2dd\",                \"roles\": [                    \"administrator\"                ]            },            {                \"guid\": \"ec7a6219-af55-4477-b83b-70f4fa5c29d8\",                \"roles\": [                    \"administrator\",                    \"api_central_admin\"                ]            },            {                \"guid\": \"f10b10ea-f976-4387-8271-7beac25ed27a\",                \"roles\": [                    \"administrator\"                ]            },            {                \"guid\": \"39fff89f-ea58-428a-bb05-8d3507967a34\",                \"roles\": [                    \"administrator\"                ]            },            {                \"guid\": \"af4e3885-3a3e-4d4f-97d9-c95691a213d9\",                \"roles\": [                    \"administrator\"                ]            }        ],        \"updated\": \"2023-12-04T19:41:36.462Z\",        \"subscriptions\": [            {                \"id\": \"00f67c3a-4023-4efe-be31-cd23320e9382\",                \"source\": \"Platform\",                \"product\": \"appdev\",                \"plan\": \"enterprise\",                \"tier\": \"paid\",                \"governance\": \"SaaS\",                \"start_date\": \"2013-06-03T00:00:00.000Z\",                \"end_date\": \"2022-03-01T23:59:59.999Z\",                \"entitlements\": [                    {                        \"key\": \"apiRateMonth\",                        \"value\": 1000000                    },                    {                        \"key\": \"pushRateMonth\",                        \"value\": 1000                    },                    {                        \"key\": \"storageFilesGB\",                        \"value\": 1                    },                    {                        \"key\": \"storageDatabaseGB\",                        \"value\": 1                    },                    {                        \"key\": \"containerPoints\",                        \"value\": 1000                    },                    {                        \"key\": \"eventRateMonth\",                        \"value\": 1000000                    },                    {                        \"key\": \"daysDataRetained\",                        \"value\": 731                    },                    {                        \"key\": \"allowProduction\",                        \"value\": true                    },                    {                        \"key\": \"appDesigner\",                        \"value\": true                    },                    {                        \"key\": \"appPreview\",                        \"value\": true                    },                    {                        \"key\": \"hyperloop\",                        \"value\": true                    },                    {                        \"key\": \"nativeSDK\",                        \"value\": true                    },                    {                        \"key\": \"premiumModules\",                        \"value\": true                    },                    {                        \"key\": \"paidSupport\",                        \"value\": true                    },                    {                        \"key\": \"collaboration\",                        \"value\": true                    },                    {                        \"key\": \"allowChildOrgs\",                        \"value\": true                    },                    {                        \"key\": \"partners\",                        \"value\": [                            \"aca\",                            \"acs\",                            \"analytics\"                        ]                    },                    {                        \"key\": \"limit_read_only_users\",                        \"value\": 100                    },                    {                        \"key\": \"limit_users\",                        \"value\": 100                    }                ],                \"expired\": true            },            {                \"id\": \"d3158b0a-5241-4a5b-8bb6-5ddad5134bb9\",                \"product\": \"mesh\",                \"plan\": \"trial\",                \"start_date\": \"2019-04-25T00:00:00.000Z\",                \"end_date\": \"2020-04-24T00:00:00.000Z\",                \"entitlements\": [                    {                        \"key\": \"partners\",                        \"value\": [                            \"api_central\"                        ]                    }                ],                \"tier\": \"trial\",                \"expired\": true            },            {                \"id\": \"3247f613-100a-4d8c-9c84-9315db1b76e1\",                \"source\": \"Platform\",                \"product\": \"ai\",                \"plan\": \"trial\",                \"tier\": \"trial\",                \"governance\": \"SaaS\",                \"start_date\": \"2019-04-15T00:00:00.000Z\",                \"end_date\": \"2023-10-30T23:59:59.999Z\",                \"entitlements\": [                    {                        \"key\": \"transactions\",                        \"value\": 300000                    },                    {                        \"key\": \"partners\",                        \"value\": [                            \"api_central\",                            \"cloud_elements\"                        ]                    },                    {                        \"key\": \"provision_envs\",                        \"value\": [                            \"sandbox\"                        ]                    },                    {                        \"key\": \"idp\",                        \"value\": true                    }                ],                \"expired\": true            },            {                \"id\": \"b781e550-2501-434d-8ff9-bb4ace53c046\",                \"source\": \"Platform\",                \"product\": \"Bundle\",                \"plan\": \"standard\",                \"tier\": \"paid\",                \"governance\": \"Customer Managed\",                \"start_date\": \"2021-11-01T00:00:00.000Z\",                \"end_date\": \"2023-12-31T23:59:59.999Z\",                \"entitlements\": [                    {                        \"key\": \"Tokens\",                        \"value\": 1000000                    },                    {                        \"key\": \"APIM.Transactions\",                        \"value\": 1                    },                    {                        \"key\": \"AgentSDK.Transactions\",                        \"value\": 10                    },                    {                        \"key\": \"APIMAgent.Transactions\",                        \"value\": 10                    },                    {                        \"key\": \"APIMG.Transactions\",                        \"value\": 10                    },                    {                        \"key\": \"AWS.Transactions\",                        \"value\": 10                    },                    {                        \"key\": \"Azure.Transactions\",                        \"value\": 10                    },                    {                        \"key\": \"APIB.Transactions\",                        \"value\": 3                    },                    {                        \"key\": \"Volume\",                        \"value\": 0                    },                    {                        \"key\": \"APIM.Volume\",                        \"value\": 1                    },                    {                        \"key\": \"Streams.Volume\",                        \"value\": 1                    },                    {                        \"key\": \"partners\",                        \"value\": [                            \"api_central\"                        ]                    },                    {                        \"key\": \"Streams.Events\",                        \"value\": 10                    },                    {                        \"key\": \"idp\",                        \"value\": true                    },                    {                        \"key\": \"catalog\",                        \"value\": true                    }                ]            },            {                \"id\": \"4fa4d15c-ed97-4254-98d8-7c27bd3b04fd\",                \"source\": \"Platform\",                \"product\": \"Hub\",                \"plan\": \"enterprise\",                \"tier\": \"paid\",                \"governance\": \"SaaS\",                \"start_date\": \"2022-04-07T00:00:00.000Z\",                \"end_date\": \"2023-12-31T23:59:59.999Z\",                \"entitlements\": [                    {                        \"key\": \"Hub.Assets\",                        \"value\": 100                    },                    {                        \"key\": \"Hub.Subscriptions\",                        \"value\": 1000                    },                    {                        \"key\": \"Hub.Transactions\",                        \"value\": 1000000                    },                    {                        \"key\": \"public_provider\",                        \"value\": true                    },                    {                        \"key\": \"Hub.Marketplaces\",                        \"value\": 1                    },                    {                        \"key\": \"idp\",                        \"value\": true                    }                ]            }        ],        \"last_login\": \"2023-12-04T19:41:36.462Z\",        \"api_central\": {            \"requested_date\": \"2019-04-15T20:55:05.267Z\",            \"state\": \"provisioned\",            \"provisioned\": true,            \"provisioned_date\": \"2019-04-15T20:55:07.186Z\"        },        \"cloud_elements\": {            \"requested_date\": \"2019-04-15T20:55:05.274Z\",            \"state\": \"provisioned\",            \"provisioned\": true,            \"requested_envs\": [                \"sandbox\"            ],            \"provisioned_date\": \"2019-04-15T20:55:19.105Z\",            \"provisioned_envs\": [                \"sandbox\"            ]        },        \"last_push\": \"2022-04-07T17:27:34.531Z\",        \"internal\": true,        \"branding\": {            \"catalog_header_left\": \"#3D4051\",            \"catalog_header_right\": \"#D22630\",            \"catalog_tile_border\": \"#E9EAEA\",            \"catalog_tile_border_hover\": \"#C8C9C7\"        },        \"analytics\": {            \"token\": \"d61acca65a820345\"        },        \"region\": \"US\",        \"last_push_success\": false,        \"created_by\": {            \"guid\": \"86b2b686d7232a2684dbaa7ccd5b5128\",            \"type\": \"user\"        },        \"security\": {            \"disable_analytics\": true        },        \"entitlements\": {            \"Tokens\": 1000000,            \"APIM.Transactions\": 1,            \"AgentSDK.Transactions\": 10,            \"APIMAgent.Transactions\": 10,            \"APIMG.Transactions\": 10,            \"AWS.Transactions\": 10,            \"Azure.Transactions\": 10,            \"APIB.Transactions\": 3,            \"Volume\": 0,            \"APIM.Volume\": 1,            \"Streams.Volume\": 1,            \"partners\": [                \"api_central\"            ],            \"Streams.Events\": 10,            \"idp\": true,            \"catalog\": true,            \"Hub.Assets\": 100,            \"Hub.Subscriptions\": 1000,            \"Hub.Transactions\": 1000000,            \"public_provider\": true,            \"Hub.Marketplaces\": 1,            \"provider\": true        }    }",
  "type" : "custom",
  "doc_type" : null,
  "source_type" : "jsonsample",
  "ignore_missing_schemas" : false,
  "has_ref_schemas" : null,
  "flat_file_config" : null,
  "active" : true,
  "is_changed" : false,
  "tag" : "EMPTY",
  "comment" : "Added Amplify Traceability Connector",
  "base_tag" : "V24"
}