{
  "document_type_id" : "d709ee7c-449a-4873-99ef-714233cfbaf3",
  "name" : "Product Plan",
  "description" : "Amplify Central Product Plan",
  "version" : null,
  "business_document_type_id" : null,
  "document_format_id" : "edc154a0-55fc-11e9-8647-d663bd873d93",
  "root_tag" : null,
  "structure" : {
    "type" : "jsonb",
    "value" : "[{\"key\": \"/group\", \"type\": \"string\", \"order\": 1.0, \"title\": \"group\", \"value\": {\"type\": \"string\", \"requiredFlag\": false}, \"isLeaf\": true, \"childrenSet\": false, \"hasChildren\": false, \"dataElementType\": \"string\"}, {\"key\": \"/apiVersion\", \"type\": \"string\", \"order\": 2.0, \"title\": \"apiVersion\", \"value\": {\"type\": \"string\", \"requiredFlag\": false}, \"isLeaf\": true, \"childrenSet\": false, \"hasChildren\": false, \"dataElementType\": \"string\"}, {\"key\": \"/kind\", \"type\": \"string\", \"order\": 3.0, \"title\": \"kind\", \"value\": {\"type\": \"string\", \"requiredFlag\": false}, \"isLeaf\": true, \"childrenSet\": false, \"hasChildren\": false, \"dataElementType\": \"string\"}, {\"key\": \"/name\", \"type\": \"string\", \"order\": 4.0, \"title\": \"name\", \"value\": {\"type\": \"string\", \"requiredFlag\": false}, \"isLeaf\": true, \"childrenSet\": false, \"hasChildren\": false, \"dataElementType\": \"string\"}, {\"key\": \"/title\", \"type\": \"string\", \"order\": 5.0, \"title\": \"title\", \"value\": {\"type\": \"string\", \"requiredFlag\": false}, \"isLeaf\": true, \"childrenSet\": false, \"hasChildren\": false, \"dataElementType\": \"string\"}, {\"key\": \"/metadata\", \"type\": \"object\", \"order\": 6.0, \"title\": \"metadata\", \"value\": {\"type\": \"object\", \"requiredFlag\": false}, \"isLeaf\": false, \"children\": [{\"key\": \"/metadata/id\", \"type\": \"string\", \"order\": 7.0, \"title\": \"id\", \"value\": {\"type\": \"string\", \"requiredFlag\": false}, \"isLeaf\": true, \"childrenSet\": false, \"hasChildren\": false, \"dataElementType\": \"string\"}, {\"key\": \"/metadata/audit\", \"type\": \"object\", \"order\": 8.0, \"title\": \"audit\", \"value\": {\"type\": \"object\", \"requiredFlag\": false}, \"isLeaf\": false, \"children\": [{\"key\": \"/metadata/audit/createTimestamp\", \"type\": \"string\", \"order\": 9.0, \"title\": \"createTimestamp\", \"value\": {\"type\": \"string\", \"requiredFlag\": false}, \"isLeaf\": true, \"childrenSet\": false, \"hasChildren\": false, \"dataElementType\": \"string\"}, {\"key\": \"/metadata/audit/createUserId\", \"type\": \"string\", \"order\": 10.0, \"title\": \"createUserId\", \"value\": {\"type\": \"string\", \"requiredFlag\": false}, \"isLeaf\": true, \"childrenSet\": false, \"hasChildren\": false, \"dataElementType\": \"string\"}, {\"key\": \"/metadata/audit/modifyTimestamp\", \"type\": \"string\", \"order\": 11.0, \"title\": \"modifyTimestamp\", \"value\": {\"type\": \"string\", \"requiredFlag\": false}, \"isLeaf\": true, \"childrenSet\": false, \"hasChildren\": false, \"dataElementType\": \"string\"}, {\"key\": \"/metadata/audit/modifyUserId\", \"type\": \"string\", \"order\": 12.0, \"title\": \"modifyUserId\", \"value\": {\"type\": \"string\", \"requiredFlag\": false}, \"isLeaf\": true, \"childrenSet\": false, \"hasChildren\": false, \"dataElementType\": \"string\"}], \"childrenSet\": false, \"hasChildren\": false, \"dataElementType\": \"document\"}, {\"key\": \"/metadata/acl[]\", \"type\": \"array\", \"order\": 13.0, \"title\": \"acl\", \"value\": {\"type\": \"array\", \"requiredFlag\": false}, \"isLeaf\": false, \"childrenSet\": false, \"hasChildren\": false, \"dataElementType\": \"objectArray\"}, {\"key\": \"/metadata/accessRights\", \"type\": \"object\", \"order\": 14.0, \"title\": \"accessRights\", \"value\": {\"type\": \"object\", \"requiredFlag\": false}, \"isLeaf\": false, \"children\": [{\"key\": \"/metadata/accessRights/canChangeOwner\", \"type\": \"boolean\", \"order\": 15.0, \"title\": \"canChangeOwner\", \"value\": {\"type\": \"boolean\", \"requiredFlag\": false}, \"isLeaf\": true, \"childrenSet\": false, \"hasChildren\": false, \"dataElementType\": \"boolean\"}, {\"key\": \"/metadata/accessRights/canDelete\", \"type\": \"boolean\", \"order\": 16.0, \"title\": \"canDelete\", \"value\": {\"type\": \"boolean\", \"requiredFlag\": false}, \"isLeaf\": true, \"childrenSet\": false, \"hasChildren\": false, \"dataElementType\": \"boolean\"}, {\"key\": \"/metadata/accessRights/canWrite\", \"type\": \"boolean\", \"order\": 17.0, \"title\": \"canWrite\", \"value\": {\"type\": \"boolean\", \"requiredFlag\": false}, \"isLeaf\": true, \"childrenSet\": false, \"hasChildren\": false, \"dataElementType\": \"boolean\"}, {\"key\": \"/metadata/accessRights/canRead\", \"type\": \"boolean\", \"order\": 18.0, \"title\": \"canRead\", \"value\": {\"type\": \"boolean\", \"requiredFlag\": false}, \"isLeaf\": true, \"childrenSet\": false, \"hasChildren\": false, \"dataElementType\": \"boolean\"}], \"childrenSet\": false, \"hasChildren\": false, \"dataElementType\": \"document\"}, {\"key\": \"/metadata/resourceVersion\", \"type\": \"string\", \"order\": 19.0, \"title\": \"resourceVersion\", \"value\": {\"type\": \"string\", \"requiredFlag\": false}, \"isLeaf\": true, \"childrenSet\": false, \"hasChildren\": false, \"dataElementType\": \"string\"}, {\"key\": \"/metadata/references[]\", \"type\": \"array\", \"order\": 20.0, \"title\": \"references\", \"value\": {\"type\": \"array\", \"requiredFlag\": false}, \"isLeaf\": false, \"children\": [{\"key\": \"/metadata/references[]/id\", \"type\": \"string\", \"order\": 21.0, \"title\": \"id\", \"value\": {\"type\": \"string\", \"requiredFlag\": false}, \"isLeaf\": true, \"childrenSet\": false, \"hasChildren\": false, \"dataElementType\": \"string\"}, {\"key\": \"/metadata/references[]/kind\", \"type\": \"string\", \"order\": 22.0, \"title\": \"kind\", \"value\": {\"type\": \"string\", \"requiredFlag\": false}, \"isLeaf\": true, \"childrenSet\": false, \"hasChildren\": false, \"dataElementType\": \"string\"}, {\"key\": \"/metadata/references[]/name\", \"type\": \"string\", \"order\": 23.0, \"title\": \"name\", \"value\": {\"type\": \"string\", \"requiredFlag\": false}, \"isLeaf\": true, \"childrenSet\": false, \"hasChildren\": false, \"dataElementType\": \"string\"}, {\"key\": \"/metadata/references[]/selfLink\", \"type\": \"string\", \"order\": 24.0, \"title\": \"selfLink\", \"value\": {\"type\": \"string\", \"requiredFlag\": false}, \"isLeaf\": true, \"childrenSet\": false, \"hasChildren\": false, \"dataElementType\": \"string\"}, {\"key\": \"/metadata/references[]/type\", \"type\": \"string\", \"order\": 25.0, \"title\": \"type\", \"value\": {\"type\": \"string\", \"requiredFlag\": false}, \"isLeaf\": true, \"childrenSet\": false, \"hasChildren\": false, \"dataElementType\": \"string\"}, {\"key\": \"/metadata/references[]/group\", \"type\": \"string\", \"order\": 26.0, \"title\": \"group\", \"value\": {\"type\": \"string\", \"requiredFlag\": false}, \"isLeaf\": true, \"childrenSet\": false, \"hasChildren\": false, \"dataElementType\": \"string\"}], \"childrenSet\": false, \"hasChildren\": false, \"dataElementType\": \"documentArray\"}, {\"key\": \"/metadata/selfLink\", \"type\": \"string\", \"order\": 27.0, \"title\": \"selfLink\", \"value\": {\"type\": \"string\", \"requiredFlag\": false}, \"isLeaf\": true, \"childrenSet\": false, \"hasChildren\": false, \"dataElementType\": \"string\"}], \"childrenSet\": false, \"hasChildren\": false, \"dataElementType\": \"document\"}, {\"key\": \"/attributes\", \"type\": \"object\", \"order\": 28.0, \"title\": \"attributes\", \"value\": {\"type\": \"object\", \"requiredFlag\": false}, \"isLeaf\": false, \"childrenSet\": false, \"hasChildren\": false, \"dataElementType\": \"object\"}, {\"key\": \"/finalizers[]\", \"type\": \"array\", \"order\": 29.0, \"title\": \"finalizers\", \"value\": {\"type\": \"array\", \"requiredFlag\": false}, \"isLeaf\": false, \"childrenSet\": false, \"hasChildren\": false, \"dataElementType\": \"objectArray\"}, {\"key\": \"/tags[]\", \"type\": \"array\", \"order\": 30.0, \"title\": \"tags\", \"value\": {\"type\": \"array\", \"requiredFlag\": false}, \"isLeaf\": false, \"childrenSet\": false, \"hasChildren\": false, \"dataElementType\": \"objectArray\"}, {\"key\": \"/spec\", \"type\": \"object\", \"order\": 31.0, \"title\": \"spec\", \"value\": {\"type\": \"object\", \"requiredFlag\": false}, \"isLeaf\": false, \"children\": [{\"key\": \"/spec/type\", \"type\": \"string\", \"order\": 32.0, \"title\": \"type\", \"value\": {\"type\": \"string\", \"requiredFlag\": false}, \"isLeaf\": true, \"childrenSet\": false, \"hasChildren\": false, \"dataElementType\": \"string\"}, {\"key\": \"/spec/product\", \"type\": \"string\", \"order\": 33.0, \"title\": \"product\", \"value\": {\"type\": \"string\", \"requiredFlag\": false}, \"isLeaf\": true, \"childrenSet\": false, \"hasChildren\": false, \"dataElementType\": \"string\"}, {\"key\": \"/spec/subscription\", \"type\": \"object\", \"order\": 34.0, \"title\": \"subscription\", \"value\": {\"type\": \"object\", \"requiredFlag\": false}, \"isLeaf\": false, \"children\": [{\"key\": \"/spec/subscription/renewal\", \"type\": \"string\", \"order\": 35.0, \"title\": \"renewal\", \"value\": {\"type\": \"string\", \"requiredFlag\": false}, \"isLeaf\": true, \"childrenSet\": false, \"hasChildren\": false, \"dataElementType\": \"string\"}, {\"key\": \"/spec/subscription/approval\", \"type\": \"string\", \"order\": 36.0, \"title\": \"approval\", \"value\": {\"type\": \"string\", \"requiredFlag\": false}, \"isLeaf\": true, \"childrenSet\": false, \"hasChildren\": false, \"dataElementType\": \"string\"}, {\"key\": \"/spec/subscription/interval\", \"type\": \"object\", \"order\": 37.0, \"title\": \"interval\", \"value\": {\"type\": \"object\", \"requiredFlag\": false}, \"isLeaf\": false, \"children\": [{\"key\": \"/spec/subscription/interval/type\", \"type\": \"string\", \"order\": 38.0, \"title\": \"type\", \"value\": {\"type\": \"string\", \"requiredFlag\": false}, \"isLeaf\": true, \"childrenSet\": false, \"hasChildren\": false, \"dataElementType\": \"string\"}, {\"key\": \"/spec/subscription/interval/length\", \"type\": \"integer\", \"order\": 39.0, \"title\": \"length\", \"value\": {\"type\": \"integer\", \"requiredFlag\": false}, \"isLeaf\": true, \"childrenSet\": false, \"hasChildren\": false, \"dataElementType\": \"integer\"}], \"childrenSet\": false, \"hasChildren\": false, \"dataElementType\": \"document\"}], \"childrenSet\": false, \"hasChildren\": false, \"dataElementType\": \"document\"}], \"childrenSet\": false, \"hasChildren\": false, \"dataElementType\": \"document\"}, {\"key\": \"/references\", \"type\": \"object\", \"order\": 40.0, \"title\": \"references\", \"value\": {\"type\": \"object\", \"requiredFlag\": false}, \"isLeaf\": false, \"children\": [{\"key\": \"/references/product\", \"type\": \"object\", \"order\": 41.0, \"title\": \"product\", \"value\": {\"type\": \"object\", \"requiredFlag\": false}, \"isLeaf\": false, \"children\": [{\"key\": \"/references/product/release\", \"type\": \"string\", \"order\": 42.0, \"title\": \"release\", \"value\": {\"type\": \"string\", \"requiredFlag\": false}, \"isLeaf\": true, \"childrenSet\": false, \"hasChildren\": false, \"dataElementType\": \"string\"}], \"childrenSet\": false, \"hasChildren\": false, \"dataElementType\": \"document\"}], \"childrenSet\": false, \"hasChildren\": false, \"dataElementType\": \"document\"}, {\"key\": \"/state\", \"type\": \"string\", \"order\": 43.0, \"title\": \"state\", \"value\": {\"type\": \"string\", \"requiredFlag\": false}, \"isLeaf\": true, \"childrenSet\": false, \"hasChildren\": false, \"dataElementType\": \"string\"}, {\"key\": \"/status\", \"type\": \"object\", \"order\": 44.0, \"title\": \"status\", \"value\": {\"type\": \"object\", \"requiredFlag\": false}, \"isLeaf\": false, \"children\": [{\"key\": \"/status/level\", \"type\": \"string\", \"order\": 45.0, \"title\": \"level\", \"value\": {\"type\": \"string\", \"requiredFlag\": false}, \"isLeaf\": true, \"childrenSet\": false, \"hasChildren\": false, \"dataElementType\": \"string\"}], \"childrenSet\": false, \"hasChildren\": false, \"dataElementType\": \"document\"}]",
    "null" : false
  },
  "key_fields" : null,
  "schema" : {
    "type" : "json",
    "value" : "{\"$id\":\"Product Plan\",\"$schema\":\"http://json-schema.org/draft-07/schema#\",\"type\":\"object\",\"properties\":{\"group\":{\"type\":\"string\",\"title\":\"group\",\"default\":\"\",\"examples\":[\"catalog\"],\"properties\":{},\"pattern\":\"^(.*)$\"},\"apiVersion\":{\"type\":\"string\",\"title\":\"apiVersion\",\"default\":\"\",\"examples\":[\"v1alpha1\"],\"properties\":{},\"pattern\":\"^(.*)$\"},\"kind\":{\"type\":\"string\",\"title\":\"kind\",\"default\":\"\",\"examples\":[\"ProductPlan\"],\"properties\":{},\"pattern\":\"^(.*)$\"},\"name\":{\"type\":\"string\",\"title\":\"name\",\"default\":\"\",\"examples\":[\"free\"],\"properties\":{},\"pattern\":\"^(.*)$\"},\"title\":{\"type\":\"string\",\"title\":\"title\",\"default\":\"\",\"examples\":[\"Free\"],\"properties\":{},\"pattern\":\"^(.*)$\"},\"metadata\":{\"type\":\"object\",\"title\":\"metadata\",\"properties\":{\"id\":{\"type\":\"string\",\"title\":\"id\",\"default\":\"\",\"examples\":[\"8a2e952f8741c81401879f5acc1b45f8\"],\"properties\":{},\"pattern\":\"^(.*)$\"},\"audit\":{\"type\":\"object\",\"title\":\"audit\",\"properties\":{\"createTimestamp\":{\"type\":\"string\",\"title\":\"createTimestamp\",\"default\":\"\",\"examples\":[\"2023-04-20T15:49:00.571+0000\"],\"properties\":{},\"pattern\":\"^(.*)$\"},\"createUserId\":{\"type\":\"string\",\"title\":\"createUserId\",\"default\":\"\",\"examples\":[\"789f8247a10c466f36894f0f3cfdce19\"],\"properties\":{},\"pattern\":\"^(.*)$\"},\"modifyTimestamp\":{\"type\":\"string\",\"title\":\"modifyTimestamp\",\"default\":\"\",\"examples\":[\"2023-04-20T21:04:05.837+0000\"],\"properties\":{},\"pattern\":\"^(.*)$\"},\"modifyUserId\":{\"type\":\"string\",\"title\":\"modifyUserId\",\"default\":\"\",\"examples\":[\"789f8247a10c466f36894f0f3cfdce19\"],\"properties\":{},\"pattern\":\"^(.*)$\"}}},\"acl\":{\"type\":\"array\",\"properties\":{},\"items\":{\"type\":\"object\",\"properties\":{}}},\"accessRights\":{\"type\":\"object\",\"title\":\"accessRights\",\"properties\":{\"canChangeOwner\":{\"type\":\"boolean\",\"title\":\"canChangeOwner\",\"default\":false,\"examples\":[false,true],\"properties\":{}},\"canDelete\":{\"type\":\"boolean\",\"title\":\"canDelete\",\"default\":false,\"examples\":[false,true],\"properties\":{}},\"canWrite\":{\"type\":\"boolean\",\"title\":\"canWrite\",\"default\":false,\"examples\":[false,true],\"properties\":{}},\"canRead\":{\"type\":\"boolean\",\"title\":\"canRead\",\"default\":false,\"examples\":[false,true],\"properties\":{}}}},\"resourceVersion\":{\"type\":\"string\",\"title\":\"resourceVersion\",\"default\":\"\",\"examples\":[\"5\"],\"properties\":{},\"pattern\":\"^(.*)$\"},\"references\":{\"type\":\"array\",\"title\":\"references\",\"properties\":{},\"items\":{\"type\":\"object\",\"properties\":{\"id\":{\"type\":\"string\",\"title\":\"id\",\"default\":\"\",\"examples\":[\"8a2e8a64872f4abd0187a07ad1d72bac\"],\"properties\":{},\"pattern\":\"^(.*)$\"},\"kind\":{\"type\":\"string\",\"title\":\"kind\",\"default\":\"\",\"examples\":[\"ProductRelease\"],\"properties\":{},\"pattern\":\"^(.*)$\"},\"name\":{\"type\":\"string\",\"title\":\"name\",\"default\":\"\",\"examples\":[\"finance-starter-0.9.0\"],\"properties\":{},\"pattern\":\"^(.*)$\"},\"selfLink\":{\"type\":\"string\",\"title\":\"selfLink\",\"default\":\"\",\"examples\":[\"/catalog/v1/productreleases/finance-starter-0.9.0\"],\"properties\":{},\"pattern\":\"^(.*)$\"},\"type\":{\"type\":\"string\",\"title\":\"type\",\"default\":\"\",\"examples\":[\"hard\"],\"properties\":{},\"pattern\":\"^(.*)$\"},\"group\":{\"type\":\"string\",\"title\":\"group\",\"default\":\"\",\"examples\":[\"catalog\"],\"properties\":{},\"pattern\":\"^(.*)$\"}}}},\"selfLink\":{\"type\":\"string\",\"title\":\"selfLink\",\"default\":\"\",\"examples\":[\"/catalog/v1alpha1/productplans/free\"],\"properties\":{},\"pattern\":\"^(.*)$\"}}},\"attributes\":{\"type\":\"object\",\"properties\":{}},\"finalizers\":{\"type\":\"array\",\"properties\":{},\"items\":{\"type\":\"object\",\"properties\":{}}},\"tags\":{\"type\":\"array\",\"properties\":{},\"items\":{\"type\":\"object\",\"properties\":{}}},\"spec\":{\"type\":\"object\",\"title\":\"spec\",\"properties\":{\"type\":{\"type\":\"string\",\"title\":\"type\",\"default\":\"\",\"examples\":[\"free\"],\"properties\":{},\"pattern\":\"^(.*)$\"},\"product\":{\"type\":\"string\",\"title\":\"product\",\"default\":\"\",\"examples\":[\"finance-starter\"],\"properties\":{},\"pattern\":\"^(.*)$\"},\"subscription\":{\"type\":\"object\",\"title\":\"subscription\",\"properties\":{\"renewal\":{\"type\":\"string\",\"title\":\"renewal\",\"default\":\"\",\"examples\":[\"automatic\"],\"properties\":{},\"pattern\":\"^(.*)$\"},\"approval\":{\"type\":\"string\",\"title\":\"approval\",\"default\":\"\",\"examples\":[\"manual\"],\"properties\":{},\"pattern\":\"^(.*)$\"},\"interval\":{\"type\":\"object\",\"title\":\"interval\",\"properties\":{\"type\":{\"type\":\"string\",\"title\":\"type\",\"default\":\"\",\"examples\":[\"months\"],\"properties\":{},\"pattern\":\"^(.*)$\"},\"length\":{\"type\":\"integer\",\"title\":\"length\",\"default\":0,\"examples\":[1],\"properties\":{}}}}}}}},\"references\":{\"type\":\"object\",\"title\":\"references\",\"properties\":{\"product\":{\"type\":\"object\",\"title\":\"product\",\"properties\":{\"release\":{\"type\":\"string\",\"title\":\"release\",\"default\":\"\",\"examples\":[\"finance-starter-0.9.0\"],\"properties\":{},\"pattern\":\"^(.*)$\"}}}}},\"state\":{\"type\":\"string\",\"title\":\"state\",\"default\":\"\",\"examples\":[\"active\"],\"properties\":{},\"pattern\":\"^(.*)$\"},\"status\":{\"type\":\"object\",\"title\":\"status\",\"properties\":{\"level\":{\"type\":\"string\",\"title\":\"level\",\"default\":\"\",\"examples\":[\"Success\"],\"properties\":{},\"pattern\":\"^(.*)$\"}}}}}",
    "null" : false
  },
  "source_schema" : "{    \"group\": \"catalog\",    \"apiVersion\": \"v1alpha1\",    \"kind\": \"ProductPlan\",    \"name\": \"free\",    \"title\": \"Free\",    \"metadata\": {        \"id\": \"8a2e952f8741c81401879f5acc1b45f8\",        \"audit\": {            \"createTimestamp\": \"2023-04-20T15:49:00.571+0000\",            \"createUserId\": \"789f8247a10c466f36894f0f3cfdce19\",            \"modifyTimestamp\": \"2023-04-20T21:04:05.837+0000\",            \"modifyUserId\": \"789f8247a10c466f36894f0f3cfdce19\"        },        \"acl\": [],        \"accessRights\": {            \"canChangeOwner\": true,            \"canDelete\": true,            \"canWrite\": true,            \"canRead\": true        },        \"resourceVersion\": \"5\",        \"references\": [            {                \"id\": \"8a2e8a0e82f3bcfa0182f51f573802f5\",                \"kind\": \"Product\",                \"name\": \"finance-starter\",                \"selfLink\": \"/catalog/v1/products/finance-starter\",                \"type\": \"hard\",                \"group\": \"catalog\"            },            {                \"id\": \"8a2e8a64872f4abd0187a07ad1d72bac\",                \"kind\": \"ProductRelease\",                \"name\": \"finance-starter-0.9.0\",                \"selfLink\": \"/catalog/v1/productreleases/finance-starter-0.9.0\",                \"type\": \"hard\",                \"group\": \"catalog\"            }        ],        \"selfLink\": \"/catalog/v1alpha1/productplans/free\"    },    \"attributes\": {},    \"finalizers\": [],    \"tags\": [],    \"spec\": {        \"type\": \"free\",        \"product\": \"finance-starter\",        \"subscription\": {            \"renewal\": \"automatic\",            \"approval\": \"manual\",            \"interval\": {                \"type\": \"months\",                \"length\": 1            }        }    },    \"references\": {        \"product\": {            \"release\": \"finance-starter-0.9.0\"        }    },    \"state\": \"active\",    \"status\": {        \"level\": \"Success\"    }}",
  "type" : "custom",
  "doc_type" : null,
  "source_type" : "jsonsample",
  "ignore_missing_schemas" : false,
  "has_ref_schemas" : null,
  "flat_file_config" : null,
  "active" : true,
  "is_changed" : false,
  "tag" : "EMPTY",
  "comment" : "Added Amplify Traceability Connector",
  "base_tag" : "V24"
}