{
  "document_type_id" : "d25501d8-160b-43d6-96b6-ddb0b560ef5c",
  "name" : "Team",
  "description" : "Amplify Team Object",
  "version" : null,
  "business_document_type_id" : null,
  "document_format_id" : "edc154a0-55fc-11e9-8647-d663bd873d93",
  "root_tag" : null,
  "structure" : {
    "type" : "jsonb",
    "value" : "[{\"key\": \"/_id\", \"type\": \"string\", \"order\": 1.0, \"title\": \"_id\", \"value\": {\"type\": \"string\", \"requiredFlag\": false}, \"isLeaf\": true, \"childrenSet\": false, \"hasChildren\": false, \"dataElementType\": \"string\"}, {\"key\": \"/default\", \"type\": \"boolean\", \"order\": 2.0, \"title\": \"default\", \"value\": {\"type\": \"boolean\", \"requiredFlag\": false}, \"isLeaf\": true, \"childrenSet\": false, \"hasChildren\": false, \"dataElementType\": \"boolean\"}, {\"key\": \"/guid\", \"type\": \"string\", \"order\": 3.0, \"title\": \"guid\", \"value\": {\"type\": \"string\", \"requiredFlag\": false}, \"isLeaf\": true, \"childrenSet\": false, \"hasChildren\": false, \"dataElementType\": \"string\"}, {\"key\": \"/name\", \"type\": \"string\", \"order\": 4.0, \"title\": \"name\", \"value\": {\"type\": \"string\", \"requiredFlag\": false}, \"isLeaf\": true, \"childrenSet\": false, \"hasChildren\": false, \"dataElementType\": \"string\"}, {\"key\": \"/tags[]\", \"type\": \"array\", \"order\": 5.0, \"title\": \"tags\", \"value\": {\"type\": \"array\", \"requiredFlag\": false}, \"isLeaf\": false, \"childrenSet\": false, \"hasChildren\": false, \"dataElementType\": \"objectArray\"}, {\"key\": \"/org_guid\", \"type\": \"string\", \"order\": 6.0, \"title\": \"org_guid\", \"value\": {\"type\": \"string\", \"requiredFlag\": false}, \"isLeaf\": true, \"childrenSet\": false, \"hasChildren\": false, \"dataElementType\": \"string\"}, {\"key\": \"/created\", \"type\": \"string\", \"order\": 7.0, \"title\": \"created\", \"value\": {\"type\": \"string\", \"requiredFlag\": false}, \"isLeaf\": true, \"childrenSet\": false, \"hasChildren\": false, \"dataElementType\": \"string\"}, {\"key\": \"/updated\", \"type\": \"string\", \"order\": 8.0, \"title\": \"updated\", \"value\": {\"type\": \"string\", \"requiredFlag\": false}, \"isLeaf\": true, \"childrenSet\": false, \"hasChildren\": false, \"dataElementType\": \"string\"}, {\"key\": \"/users[]\", \"type\": \"array\", \"order\": 9.0, \"title\": \"users\", \"value\": {\"type\": \"array\", \"requiredFlag\": false}, \"isLeaf\": false, \"children\": [{\"key\": \"/users[]/guid\", \"type\": \"string\", \"order\": 10.0, \"title\": \"guid\", \"value\": {\"type\": \"string\", \"requiredFlag\": false}, \"isLeaf\": true, \"childrenSet\": false, \"hasChildren\": false, \"dataElementType\": \"string\"}, {\"key\": \"/users[]/type\", \"type\": \"string\", \"order\": 11.0, \"title\": \"type\", \"value\": {\"type\": \"string\", \"requiredFlag\": false}, \"isLeaf\": true, \"childrenSet\": false, \"hasChildren\": false, \"dataElementType\": \"string\"}, {\"key\": \"/users[]/roles[]\", \"type\": \"array\", \"order\": 12.0, \"title\": \"roles\", \"value\": {\"type\": \"array\", \"requiredFlag\": false}, \"isLeaf\": false, \"childrenSet\": false, \"hasChildren\": false, \"dataElementType\": \"stringArray\"}], \"childrenSet\": false, \"hasChildren\": false, \"dataElementType\": \"documentArray\"}, {\"key\": \"/apps[]\", \"type\": \"array\", \"order\": 13.0, \"title\": \"apps\", \"value\": {\"type\": \"array\", \"requiredFlag\": false}, \"isLeaf\": false, \"childrenSet\": false, \"hasChildren\": false, \"dataElementType\": \"objectArray\"}, {\"key\": \"/_central_migrated\", \"type\": \"boolean\", \"order\": 14.0, \"title\": \"_central_migrated\", \"value\": {\"type\": \"boolean\", \"requiredFlag\": false}, \"isLeaf\": true, \"childrenSet\": false, \"hasChildren\": false, \"dataElementType\": \"boolean\"}, {\"key\": \"/desc\", \"type\": \"string\", \"order\": 15.0, \"title\": \"desc\", \"value\": {\"type\": \"string\", \"requiredFlag\": false}, \"isLeaf\": true, \"childrenSet\": false, \"hasChildren\": false, \"dataElementType\": \"string\"}]",
    "null" : false
  },
  "key_fields" : null,
  "schema" : {
    "type" : "json",
    "value" : "{\"$id\":\"Team\",\"$schema\":\"http://json-schema.org/draft-07/schema#\",\"type\":\"object\",\"properties\":{\"_id\":{\"type\":\"string\",\"title\":\"_id\",\"default\":\"\",\"examples\":[\"5db85c2978009306c26e0ba7\"],\"properties\":{},\"pattern\":\"^(.*)$\"},\"default\":{\"type\":\"boolean\",\"title\":\"default\",\"default\":false,\"examples\":[false,true],\"properties\":{}},\"guid\":{\"type\":\"string\",\"title\":\"guid\",\"default\":\"\",\"examples\":[\"e4ec6c1a69fd0b8e016a22c82fc9170c\"],\"properties\":{},\"pattern\":\"^(.*)$\"},\"name\":{\"type\":\"string\",\"title\":\"name\",\"default\":\"\",\"examples\":[\"Default Team\"],\"properties\":{},\"pattern\":\"^(.*)$\"},\"tags\":{\"type\":\"array\",\"properties\":{},\"items\":{\"type\":\"object\",\"properties\":{}}},\"org_guid\":{\"type\":\"string\",\"title\":\"org_guid\",\"default\":\"\",\"examples\":[\"8cde1a18-2aeb-4bcd-85d5-cfb53ec9efb4\"],\"properties\":{},\"pattern\":\"^(.*)$\"},\"created\":{\"type\":\"string\",\"title\":\"created\",\"default\":\"\",\"examples\":[\"2019-10-29T15:35:05.866Z\"],\"properties\":{},\"pattern\":\"^(.*)$\"},\"updated\":{\"type\":\"string\",\"title\":\"updated\",\"default\":\"\",\"examples\":[\"2023-12-12T13:26:49.056Z\"],\"properties\":{},\"pattern\":\"^(.*)$\"},\"users\":{\"type\":\"array\",\"title\":\"users\",\"properties\":{},\"items\":{\"type\":\"object\",\"properties\":{\"guid\":{\"type\":\"string\",\"title\":\"guid\",\"default\":\"\",\"examples\":[\"ddb8019f-aa75-447a-939b-4b426ac89603\"],\"properties\":{},\"pattern\":\"^(.*)$\"},\"type\":{\"type\":\"string\",\"title\":\"type\",\"default\":\"\",\"examples\":[\"client\"],\"properties\":{},\"pattern\":\"^(.*)$\"},\"roles\":{\"type\":\"array\",\"title\":\"roles\",\"properties\":{},\"items\":{\"type\":\"string\",\"default\":\"\",\"examples\":[\"developer\",\"administrator\",\"catalog_manager\",\"marketplace_admin\"],\"properties\":{},\"pattern\":\"^(.*)$\"}}}}},\"apps\":{\"type\":\"array\",\"properties\":{},\"items\":{\"type\":\"object\",\"properties\":{}}},\"_central_migrated\":{\"type\":\"boolean\",\"title\":\"_central_migrated\",\"default\":false,\"examples\":[false,true],\"properties\":{}},\"desc\":{\"type\":\"string\",\"title\":\"desc\",\"default\":\"\",\"examples\":[\"\"],\"properties\":{},\"pattern\":\"^(.*)$\"}}}",
    "null" : false
  },
  "source_schema" : "{        \"_id\": \"5db85c2978009306c26e0ba7\",        \"default\": true,        \"guid\": \"e4ec6c1a69fd0b8e016a22c82fc9170c\",        \"name\": \"Default Team\",        \"tags\": [],        \"org_guid\": \"8cde1a18-2aeb-4bcd-85d5-cfb53ec9efb4\",        \"created\": \"2019-10-29T15:35:05.866Z\",        \"updated\": \"2023-12-12T13:26:49.056Z\",        \"users\": [            {                \"guid\": \"9de6cf92-737d-4dc9-84ae-4c1b8e0a8704\",                \"type\": \"user\",                \"roles\": [                    \"administrator\",                    \"subscription_approver\"                ]            },            {                \"guid\": \"24dd33b4-de67-405e-b60a-d0bb6f2717d8\",                \"type\": \"client\",                \"roles\": [                    \"administrator\"                ]            },            {                \"guid\": \"ce2b60e9-a01e-48fc-9a10-b1e24b7d3d65\",                \"type\": \"user\",                \"roles\": [                    \"developer\"                ]            },            {                \"guid\": \"5921967c-f178-4858-93e8-2e363e78a2dd\",                \"type\": \"user\",                \"roles\": [                    \"developer\"                ]            },            {                \"guid\": \"381cb7c2-f371-4d94-a1d5-b1d300aee403\",                \"type\": \"user\",                \"roles\": [                    \"developer\"                ]            },            {                \"guid\": \"54881880-03a2-4eaa-8bef-04746b316127\",                \"type\": \"user\",                \"roles\": [                    \"developer\"                ]            },            {                \"guid\": \"36180281-3b2d-491b-bd24-ae8e15c6f81b\",                \"type\": \"user\",                \"roles\": [                    \"developer\"                ]            },            {                \"guid\": \"006232ff-bc5b-42f6-90f2-b972fe1769cf\",                \"type\": \"user\",                \"roles\": [                    \"developer\"                ]            },            {                \"guid\": \"02601fdc-20f3-4632-9d58-474524e0a58e\",                \"type\": \"user\",                \"roles\": [                    \"developer\"                ]            },            {                \"guid\": \"22c08745-c5da-4988-8744-61dff9ac15de\",                \"type\": \"user\",                \"roles\": [                    \"developer\"                ]            },            {                \"guid\": \"8c27302c-c69a-41ab-855a-b90faad590ad\",                \"type\": \"user\",                \"roles\": [                    \"developer\",                    \"subscription_approver\",                    \"subscription_admin\",                    \"marketplace_admin\"                ]            },            {                \"guid\": \"418e1177-cc0f-4c83-a4ed-833818b49090\",                \"type\": \"user\",                \"roles\": [                    \"developer\"                ]            },            {                \"guid\": \"ec7a6219-af55-4477-b83b-70f4fa5c29d8\",                \"type\": \"user\",                \"roles\": [                    \"developer\"                ]            },            {                \"guid\": \"0c12307a-1289-4454-a971-c0f635d4c39d\",                \"type\": \"user\",                \"roles\": [                    \"developer\"                ]            },            {                \"guid\": \"4b114137-1f59-4765-9518-76388a4cd016\",                \"type\": \"user\",                \"roles\": [                    \"developer\"                ]            },            {                \"guid\": \"f61f1af7-4f71-4503-9d76-b8294940c520\",                \"type\": \"user\",                \"roles\": [                    \"developer\"                ]            },            {                \"guid\": \"9da11938-384d-4e78-a72e-32490e9cf1d9\",                \"type\": \"user\",                \"roles\": [                    \"developer\"                ]            },            {                \"guid\": \"29b6dbfcd9fba4c55783c4d9b1af0ef3\",                \"type\": \"user\",                \"roles\": [                    \"consumer\"                ]            },            {                \"guid\": \"c9b2a6b1-e167-4827-bcbe-3db69813bf81\",                \"type\": \"user\",                \"roles\": [                    \"administrator\",                    \"catalog_manager\",                    \"developer\",                    \"marketplace_admin\"                ]            },            {                \"guid\": \"f10b10ea-f976-4387-8271-7beac25ed27a\",                \"roles\": [                    \"developer\"                ],                \"type\": \"user\"            },            {                \"guid\": \"39fff89f-ea58-428a-bb05-8d3507967a34\",                \"roles\": [                    \"developer\"                ],                \"type\": \"user\"            },            {                \"guid\": \"af4e3885-3a3e-4d4f-97d9-c95691a213d9\",                \"roles\": [                    \"developer\"                ],                \"type\": \"user\"            },            {                \"guid\": \"ddb8019f-aa75-447a-939b-4b426ac89603\",                \"roles\": [                    \"developer\",                    \"administrator\",                    \"catalog_manager\",                    \"marketplace_admin\"                ],                \"type\": \"client\"            }        ],        \"apps\": [],        \"_central_migrated\": true,        \"desc\": \"\"    }",
  "type" : "custom",
  "doc_type" : null,
  "source_type" : "jsonsample",
  "ignore_missing_schemas" : false,
  "has_ref_schemas" : null,
  "flat_file_config" : null,
  "active" : true,
  "is_changed" : false,
  "tag" : "EMPTY",
  "comment" : "Added Amplify Traceability Connector",
  "base_tag" : "V24"
}