{
  "document_type_id" : "763e4d34-a2d0-44fc-b587-236db7e0f22f",
  "name" : "Users",
  "description" : "Users",
  "version" : null,
  "business_document_type_id" : null,
  "document_format_id" : "edc154a0-55fc-11e9-8647-d663bd873d93",
  "root_tag" : null,
  "structure" : {
    "type" : "jsonb",
    "value" : "[{\"key\": \"/JsonArray[]\", \"type\": \"array\", \"order\": 1.0, \"title\": \"JsonArray\", \"value\": {\"type\": \"array\", \"requiredFlag\": false}, \"isLeaf\": false, \"children\": [{\"key\": \"/JsonArray[]/_id\", \"type\": \"string\", \"order\": 2.0, \"title\": \"_id\", \"value\": {\"type\": \"string\", \"requiredFlag\": false}, \"isLeaf\": true, \"childrenSet\": false, \"hasChildren\": false, \"dataElementType\": \"string\"}, {\"key\": \"/JsonArray[]/email\", \"type\": \"string\", \"order\": 3.0, \"title\": \"email\", \"value\": {\"type\": \"string\", \"requiredFlag\": false}, \"isLeaf\": true, \"childrenSet\": false, \"hasChildren\": false, \"dataElementType\": \"string\"}, {\"key\": \"/JsonArray[]/user_id\", \"type\": \"integer\", \"order\": 4.0, \"title\": \"user_id\", \"value\": {\"type\": \"integer\", \"requiredFlag\": false}, \"isLeaf\": true, \"childrenSet\": false, \"hasChildren\": false, \"dataElementType\": \"integer\"}, {\"key\": \"/JsonArray[]/guid\", \"type\": \"string\", \"order\": 5.0, \"title\": \"guid\", \"value\": {\"type\": \"string\", \"requiredFlag\": false}, \"isLeaf\": true, \"childrenSet\": false, \"hasChildren\": false, \"dataElementType\": \"string\"}, {\"key\": \"/JsonArray[]/firstname\", \"type\": \"string\", \"order\": 6.0, \"title\": \"firstname\", \"value\": {\"type\": \"string\", \"requiredFlag\": false}, \"isLeaf\": true, \"childrenSet\": false, \"hasChildren\": false, \"dataElementType\": \"string\"}, {\"key\": \"/JsonArray[]/lastname\", \"type\": \"string\", \"order\": 7.0, \"title\": \"lastname\", \"value\": {\"type\": \"string\", \"requiredFlag\": false}, \"isLeaf\": true, \"childrenSet\": false, \"hasChildren\": false, \"dataElementType\": \"string\"}, {\"key\": \"/JsonArray[]/activated\", \"type\": \"boolean\", \"order\": 8.0, \"title\": \"activated\", \"value\": {\"type\": \"boolean\", \"requiredFlag\": false}, \"isLeaf\": true, \"childrenSet\": false, \"hasChildren\": false, \"dataElementType\": \"boolean\"}, {\"key\": \"/JsonArray[]/active\", \"type\": \"boolean\", \"order\": 9.0, \"title\": \"active\", \"value\": {\"type\": \"boolean\", \"requiredFlag\": false}, \"isLeaf\": true, \"childrenSet\": false, \"hasChildren\": false, \"dataElementType\": \"boolean\"}, {\"key\": \"/JsonArray[]/created\", \"type\": \"string\", \"order\": 10.0, \"title\": \"created\", \"value\": {\"type\": \"string\", \"requiredFlag\": false}, \"isLeaf\": true, \"childrenSet\": false, \"hasChildren\": false, \"dataElementType\": \"string\"}, {\"key\": \"/JsonArray[]/logged_in_count\", \"type\": \"integer\", \"order\": 11.0, \"title\": \"logged_in_count\", \"value\": {\"type\": \"integer\", \"requiredFlag\": false}, \"isLeaf\": true, \"childrenSet\": false, \"hasChildren\": false, \"dataElementType\": \"integer\"}, {\"key\": \"/JsonArray[]/last_logged_in_org\", \"type\": \"integer\", \"order\": 12.0, \"title\": \"last_logged_in_org\", \"value\": {\"type\": \"integer\", \"requiredFlag\": false}, \"isLeaf\": true, \"childrenSet\": false, \"hasChildren\": false, \"dataElementType\": \"integer\"}, {\"key\": \"/JsonArray[]/last_browser_language\", \"type\": \"string\", \"order\": 13.0, \"title\": \"last_browser_language\", \"value\": {\"type\": \"string\", \"requiredFlag\": false}, \"isLeaf\": true, \"childrenSet\": false, \"hasChildren\": false, \"dataElementType\": \"string\"}, {\"key\": \"/JsonArray[]/logged_in_from_web\", \"type\": \"boolean\", \"order\": 14.0, \"title\": \"logged_in_from_web\", \"value\": {\"type\": \"boolean\", \"requiredFlag\": false}, \"isLeaf\": true, \"childrenSet\": false, \"hasChildren\": false, \"dataElementType\": \"boolean\"}, {\"key\": \"/JsonArray[]/prefs\", \"type\": \"object\", \"order\": 15.0, \"title\": \"prefs\", \"value\": {\"type\": \"object\", \"requiredFlag\": false}, \"isLeaf\": false, \"children\": [{\"key\": \"/JsonArray[]/prefs/hide_geo_disclaimer\", \"type\": \"boolean\", \"order\": 16.0, \"title\": \"hide_geo_disclaimer\", \"value\": {\"type\": \"boolean\", \"requiredFlag\": false}, \"isLeaf\": true, \"childrenSet\": false, \"hasChildren\": false, \"dataElementType\": \"boolean\"}, {\"key\": \"/JsonArray[]/prefs/map\", \"type\": \"object\", \"order\": 17.0, \"title\": \"map\", \"value\": {\"type\": \"object\", \"requiredFlag\": false}, \"isLeaf\": false, \"children\": [{\"key\": \"/JsonArray[]/prefs/map/center\", \"type\": \"object\", \"order\": 18.0, \"title\": \"center\", \"value\": {\"type\": \"object\", \"requiredFlag\": false}, \"isLeaf\": false, \"children\": [{\"key\": \"/JsonArray[]/prefs/map/center/lng\", \"type\": \"number\", \"order\": 19.0, \"title\": \"lng\", \"value\": {\"type\": \"number\", \"requiredFlag\": false}, \"isLeaf\": true, \"childrenSet\": false, \"hasChildren\": false, \"dataElementType\": \"number\"}, {\"key\": \"/JsonArray[]/prefs/map/center/lat\", \"type\": \"number\", \"order\": 20.0, \"title\": \"lat\", \"value\": {\"type\": \"number\", \"requiredFlag\": false}, \"isLeaf\": true, \"childrenSet\": false, \"hasChildren\": false, \"dataElementType\": \"number\"}], \"childrenSet\": false, \"hasChildren\": false, \"dataElementType\": \"document\"}, {\"key\": \"/JsonArray[]/prefs/map/zoom\", \"type\": \"integer\", \"order\": 21.0, \"title\": \"zoom\", \"value\": {\"type\": \"integer\", \"requiredFlag\": false}, \"isLeaf\": true, \"childrenSet\": false, \"hasChildren\": false, \"dataElementType\": \"integer\"}, {\"key\": \"/JsonArray[]/prefs/map/bounds\", \"type\": \"object\", \"order\": 22.0, \"title\": \"bounds\", \"value\": {\"type\": \"object\", \"requiredFlag\": false}, \"isLeaf\": false, \"children\": [{\"key\": \"/JsonArray[]/prefs/map/bounds/_sw\", \"type\": \"object\", \"order\": 23.0, \"title\": \"_sw\", \"value\": {\"type\": \"object\", \"requiredFlag\": false}, \"isLeaf\": false, \"children\": [{\"key\": \"/JsonArray[]/prefs/map/bounds/_sw/lng\", \"type\": \"number\", \"order\": 24.0, \"title\": \"lng\", \"value\": {\"type\": \"number\", \"requiredFlag\": false}, \"isLeaf\": true, \"childrenSet\": false, \"hasChildren\": false, \"dataElementType\": \"number\"}, {\"key\": \"/JsonArray[]/prefs/map/bounds/_sw/lat\", \"type\": \"number\", \"order\": 25.0, \"title\": \"lat\", \"value\": {\"type\": \"number\", \"requiredFlag\": false}, \"isLeaf\": true, \"childrenSet\": false, \"hasChildren\": false, \"dataElementType\": \"number\"}], \"childrenSet\": false, \"hasChildren\": false, \"dataElementType\": \"document\"}, {\"key\": \"/JsonArray[]/prefs/map/bounds/_ne\", \"type\": \"object\", \"order\": 26.0, \"title\": \"_ne\", \"value\": {\"type\": \"object\", \"requiredFlag\": false}, \"isLeaf\": false, \"children\": [{\"key\": \"/JsonArray[]/prefs/map/bounds/_ne/lng\", \"type\": \"number\", \"order\": 27.0, \"title\": \"lng\", \"value\": {\"type\": \"number\", \"requiredFlag\": false}, \"isLeaf\": true, \"childrenSet\": false, \"hasChildren\": false, \"dataElementType\": \"number\"}, {\"key\": \"/JsonArray[]/prefs/map/bounds/_ne/lat\", \"type\": \"number\", \"order\": 28.0, \"title\": \"lat\", \"value\": {\"type\": \"number\", \"requiredFlag\": false}, \"isLeaf\": true, \"childrenSet\": false, \"hasChildren\": false, \"dataElementType\": \"number\"}], \"childrenSet\": false, \"hasChildren\": false, \"dataElementType\": \"document\"}], \"childrenSet\": false, \"hasChildren\": false, \"dataElementType\": \"document\"}], \"childrenSet\": false, \"hasChildren\": false, \"dataElementType\": \"document\"}, {\"key\": \"/JsonArray[]/prefs/filter_values\", \"type\": \"object\", \"order\": 29.0, \"title\": \"filter_values\", \"value\": {\"type\": \"object\", \"requiredFlag\": false}, \"isLeaf\": false, \"children\": [{\"key\": \"/JsonArray[]/prefs/filter_values/time\", \"type\": \"string\", \"order\": 30.0, \"title\": \"time\", \"value\": {\"type\": \"string\", \"requiredFlag\": false}, \"isLeaf\": true, \"childrenSet\": false, \"hasChildren\": false, \"dataElementType\": \"string\"}, {\"key\": \"/JsonArray[]/prefs/filter_values/date_range\", \"type\": \"object\", \"order\": 31.0, \"title\": \"date_range\", \"value\": {\"type\": \"object\", \"requiredFlag\": false}, \"isLeaf\": false, \"children\": [{\"key\": \"/JsonArray[]/prefs/filter_values/date_range/firstTS\", \"type\": \"integer\", \"order\": 32.0, \"title\": \"firstTS\", \"value\": {\"type\": \"integer\", \"requiredFlag\": false}, \"isLeaf\": true, \"childrenSet\": false, \"hasChildren\": false, \"dataElementType\": \"integer\"}, {\"key\": \"/JsonArray[]/prefs/filter_values/date_range/lastTS\", \"type\": \"integer\", \"order\": 33.0, \"title\": \"lastTS\", \"value\": {\"type\": \"integer\", \"requiredFlag\": false}, \"isLeaf\": true, \"childrenSet\": false, \"hasChildren\": false, \"dataElementType\": \"integer\"}, {\"key\": \"/JsonArray[]/prefs/filter_values/date_range/granularity\", \"type\": \"string\", \"order\": 34.0, \"title\": \"granularity\", \"value\": {\"type\": \"string\", \"requiredFlag\": false}, \"isLeaf\": true, \"childrenSet\": false, \"hasChildren\": false, \"dataElementType\": \"string\"}, {\"key\": \"/JsonArray[]/prefs/filter_values/date_range/grquantity\", \"type\": \"integer\", \"order\": 35.0, \"title\": \"grquantity\", \"value\": {\"type\": \"integer\", \"requiredFlag\": false}, \"isLeaf\": true, \"childrenSet\": false, \"hasChildren\": false, \"dataElementType\": \"integer\"}, {\"key\": \"/JsonArray[]/prefs/filter_values/date_range/type\", \"type\": \"string\", \"order\": 36.0, \"title\": \"type\", \"value\": {\"type\": \"string\", \"requiredFlag\": false}, \"isLeaf\": true, \"childrenSet\": false, \"hasChildren\": false, \"dataElementType\": \"string\"}], \"childrenSet\": false, \"hasChildren\": false, \"dataElementType\": \"document\"}], \"childrenSet\": false, \"hasChildren\": false, \"dataElementType\": \"document\"}], \"childrenSet\": false, \"hasChildren\": false, \"dataElementType\": \"document\"}, {\"key\": \"/JsonArray[]/updated\", \"type\": \"string\", \"order\": 37.0, \"title\": \"updated\", \"value\": {\"type\": \"string\", \"requiredFlag\": false}, \"isLeaf\": true, \"childrenSet\": false, \"hasChildren\": false, \"dataElementType\": \"string\"}, {\"key\": \"/JsonArray[]/last_login\", \"type\": \"string\", \"order\": 38.0, \"title\": \"last_login\", \"value\": {\"type\": \"string\", \"requiredFlag\": false}, \"isLeaf\": true, \"childrenSet\": false, \"hasChildren\": false, \"dataElementType\": \"string\"}, {\"key\": \"/JsonArray[]/external\", \"type\": \"boolean\", \"order\": 39.0, \"title\": \"external\", \"value\": {\"type\": \"boolean\", \"requiredFlag\": false}, \"isLeaf\": true, \"childrenSet\": false, \"hasChildren\": false, \"dataElementType\": \"boolean\"}, {\"key\": \"/JsonArray[]/timezone\", \"type\": \"string\", \"order\": 40.0, \"title\": \"timezone\", \"value\": {\"type\": \"string\", \"requiredFlag\": false}, \"isLeaf\": true, \"childrenSet\": false, \"hasChildren\": false, \"dataElementType\": \"string\"}, {\"key\": \"/JsonArray[]/logged_in_from_cli\", \"type\": \"boolean\", \"order\": 41.0, \"title\": \"logged_in_from_cli\", \"value\": {\"type\": \"boolean\", \"requiredFlag\": false}, \"isLeaf\": true, \"childrenSet\": false, \"hasChildren\": false, \"dataElementType\": \"boolean\"}, {\"key\": \"/JsonArray[]/date_activated\", \"type\": \"string\", \"order\": 42.0, \"title\": \"date_activated\", \"value\": {\"type\": \"string\", \"requiredFlag\": false}, \"isLeaf\": true, \"childrenSet\": false, \"hasChildren\": false, \"dataElementType\": \"string\"}, {\"key\": \"/JsonArray[]/password_updated\", \"type\": \"string\", \"order\": 43.0, \"title\": \"password_updated\", \"value\": {\"type\": \"string\", \"requiredFlag\": false}, \"isLeaf\": true, \"childrenSet\": false, \"hasChildren\": false, \"dataElementType\": \"string\"}], \"childrenSet\": false, \"hasChildren\": false, \"dataElementType\": \"documentArray\"}]",
    "null" : false
  },
  "key_fields" : null,
  "schema" : {
    "type" : "json",
    "value" : "{\"$id\":\"Users\",\"$schema\":\"http://json-schema.org/draft-07/schema#\",\"type\":\"object\",\"properties\":{\"JsonArray\":{\"type\":\"array\",\"title\":\"JsonArray\",\"properties\":{},\"items\":{\"type\":\"object\",\"properties\":{\"_id\":{\"type\":\"string\",\"title\":\"_id\",\"default\":\"\",\"examples\":[\"581b74df3ca76b2d271acb45\"],\"properties\":{},\"pattern\":\"^(.*)$\"},\"email\":{\"type\":\"string\",\"title\":\"email\",\"default\":\"\",\"examples\":[\"lbrenman@axway.com\"],\"properties\":{},\"pattern\":\"^(.*)$\"},\"user_id\":{\"type\":\"integer\",\"title\":\"user_id\",\"default\":0,\"examples\":[423587735],\"properties\":{}},\"guid\":{\"type\":\"string\",\"title\":\"guid\",\"default\":\"\",\"examples\":[\"8c27302c-c69a-41ab-855a-b90faad590ad\"],\"properties\":{},\"pattern\":\"^(.*)$\"},\"firstname\":{\"type\":\"string\",\"title\":\"firstname\",\"default\":\"\",\"examples\":[\"Leor\"],\"properties\":{},\"pattern\":\"^(.*)$\"},\"lastname\":{\"type\":\"string\",\"title\":\"lastname\",\"default\":\"\",\"examples\":[\"Brenman\"],\"properties\":{},\"pattern\":\"^(.*)$\"},\"activated\":{\"type\":\"boolean\",\"title\":\"activated\",\"default\":false,\"examples\":[false,true],\"properties\":{}},\"active\":{\"type\":\"boolean\",\"title\":\"active\",\"default\":false,\"examples\":[false,true],\"properties\":{}},\"created\":{\"type\":\"string\",\"title\":\"created\",\"default\":\"\",\"examples\":[\"2016-11-03T17:33:19.239Z\"],\"properties\":{},\"pattern\":\"^(.*)$\"},\"logged_in_count\":{\"type\":\"integer\",\"title\":\"logged_in_count\",\"default\":0,\"examples\":[207],\"properties\":{}},\"last_logged_in_org\":{\"type\":\"integer\",\"title\":\"last_logged_in_org\",\"default\":0,\"examples\":[100000142],\"properties\":{}},\"last_browser_language\":{\"type\":\"string\",\"title\":\"last_browser_language\",\"default\":\"\",\"examples\":[\"en\"],\"properties\":{},\"pattern\":\"^(.*)$\"},\"logged_in_from_web\":{\"type\":\"boolean\",\"title\":\"logged_in_from_web\",\"default\":false,\"examples\":[false,true],\"properties\":{}},\"prefs\":{\"type\":\"object\",\"title\":\"prefs\",\"properties\":{\"hide_geo_disclaimer\":{\"type\":\"boolean\",\"title\":\"hide_geo_disclaimer\",\"default\":false,\"examples\":[false,true],\"properties\":{}},\"map\":{\"type\":\"object\",\"title\":\"map\",\"properties\":{\"center\":{\"type\":\"object\",\"title\":\"center\",\"properties\":{\"lng\":{\"type\":\"number\",\"title\":\"lng\",\"default\":0.0,\"examples\":[-8.545778221253158],\"properties\":{}},\"lat\":{\"type\":\"number\",\"title\":\"lat\",\"default\":0.0,\"examples\":[32.61779731772319],\"properties\":{}}}},\"zoom\":{\"type\":\"integer\",\"title\":\"zoom\",\"default\":0,\"examples\":[2],\"properties\":{}},\"bounds\":{\"type\":\"object\",\"title\":\"bounds\",\"properties\":{\"_sw\":{\"type\":\"object\",\"title\":\"_sw\",\"properties\":{\"lng\":{\"type\":\"number\",\"title\":\"lng\",\"default\":0.0,\"examples\":[-88.78991884625579],\"properties\":{}},\"lat\":{\"type\":\"number\",\"title\":\"lat\",\"default\":0.0,\"examples\":[-5.007028744813496],\"properties\":{}}}},\"_ne\":{\"type\":\"object\",\"title\":\"_ne\",\"properties\":{\"lng\":{\"type\":\"number\",\"title\":\"lng\",\"default\":0.0,\"examples\":[71.69836240373647],\"properties\":{}},\"lat\":{\"type\":\"number\",\"title\":\"lat\",\"default\":0.0,\"examples\":[59.308905874969525],\"properties\":{}}}}}}}},\"filter_values\":{\"type\":\"object\",\"title\":\"filter_values\",\"properties\":{\"time\":{\"type\":\"string\",\"title\":\"time\",\"default\":\"\",\"examples\":[\"range\"],\"properties\":{},\"pattern\":\"^(.*)$\"},\"date_range\":{\"type\":\"object\",\"title\":\"date_range\",\"properties\":{\"firstTS\":{\"type\":\"integer\",\"title\":\"firstTS\",\"default\":0,\"examples\":[-1633172480],\"properties\":{}},\"lastTS\":{\"type\":\"integer\",\"title\":\"lastTS\",\"default\":0,\"examples\":[-571339777],\"properties\":{}},\"granularity\":{\"type\":\"string\",\"title\":\"granularity\",\"default\":\"\",\"examples\":[\"day\"],\"properties\":{},\"pattern\":\"^(.*)$\"},\"grquantity\":{\"type\":\"integer\",\"title\":\"grquantity\",\"default\":0,\"examples\":[1],\"properties\":{}},\"type\":{\"type\":\"string\",\"title\":\"type\",\"default\":\"\",\"examples\":[\"utc\"],\"properties\":{},\"pattern\":\"^(.*)$\"}}}}}}},\"updated\":{\"type\":\"string\",\"title\":\"updated\",\"default\":\"\",\"examples\":[\"2023-11-28T15:00:51.478Z\"],\"properties\":{},\"pattern\":\"^(.*)$\"},\"last_login\":{\"type\":\"string\",\"title\":\"last_login\",\"default\":\"\",\"examples\":[\"2023-11-28T15:00:51.478Z\"],\"properties\":{},\"pattern\":\"^(.*)$\"},\"external\":{\"type\":\"boolean\",\"title\":\"external\",\"default\":false,\"examples\":[false,true],\"properties\":{}},\"timezone\":{\"type\":\"string\",\"title\":\"timezone\",\"default\":\"\",\"examples\":[\"EST\"],\"properties\":{},\"pattern\":\"^(.*)$\"},\"logged_in_from_cli\":{\"type\":\"boolean\",\"title\":\"logged_in_from_cli\",\"default\":false,\"examples\":[false,true],\"properties\":{}},\"date_activated\":{\"type\":\"string\",\"title\":\"date_activated\",\"default\":\"\",\"examples\":[\"2016-11-03T17:34:34.000Z\"],\"properties\":{},\"pattern\":\"^(.*)$\"},\"password_updated\":{\"type\":\"string\",\"title\":\"password_updated\",\"default\":\"\",\"examples\":[\"2022-05-17T17:29:53.180Z\"],\"properties\":{},\"pattern\":\"^(.*)$\"}}}}}}",
    "null" : false
  },
  "source_schema" : "{\"JsonArray\" :[{        \"_id\": \"581b74df3ca76b2d271acb45\",        \"email\": \"lbrenman@axway.com\",        \"user_id\": 53300967731095,        \"guid\": \"8c27302c-c69a-41ab-855a-b90faad590ad\",        \"firstname\": \"Leor\",        \"lastname\": \"Brenman\",        \"activated\": true,        \"active\": true,        \"created\": \"2016-11-03T17:33:19.239Z\",        \"logged_in_count\": 207,        \"last_logged_in_org\": 100000142,        \"last_browser_language\": \"en\",        \"logged_in_from_web\": true,        \"prefs\": {            \"hide_geo_disclaimer\": true,            \"map\": {                \"center\": {                    \"lng\": -8.545778221253158,                    \"lat\": 32.61779731772319                },                \"zoom\": 2,                \"bounds\": {                    \"_sw\": {                        \"lng\": -88.78991884625579,                        \"lat\": -5.007028744813496                    },                    \"_ne\": {                        \"lng\": 71.69836240373647,                        \"lat\": 59.308905874969525                    }                }            },            \"filter_values\": {                \"time\": \"range\",                \"date_range\": {                    \"firstTS\": 1630454400000,                    \"lastTS\": 1635811199999,                    \"granularity\": \"day\",                    \"grquantity\": 1,                    \"type\": \"utc\"                }            }        },        \"updated\": \"2023-11-28T15:00:51.478Z\",        \"last_login\": \"2023-11-28T15:00:51.478Z\",        \"external\": true,        \"timezone\": \"EST\",        \"logged_in_from_cli\": true,        \"date_activated\": \"2016-11-03T17:34:34.000Z\",        \"password_updated\": \"2022-05-17T17:29:53.180Z\"    }]}",
  "type" : "custom",
  "doc_type" : null,
  "source_type" : "jsonsample",
  "ignore_missing_schemas" : false,
  "has_ref_schemas" : null,
  "flat_file_config" : null,
  "active" : true,
  "is_changed" : false,
  "tag" : "EMPTY",
  "comment" : "Added Amplify Traceability Connector",
  "base_tag" : "V24"
}