{
  "id" : "70002301-030f-4e8f-a230-7eddddc2c8c2",
  "name" : "AmplifyAPISpecLintingJobWebhookPayloadParser",
  "description" : "Amplify APISpecLintingJob Webhook Payload Parser",
  "iserror" : false,
  "no_of_errors" : 0,
  "service_input" : {
    "type" : "jsonb",
    "value" : "[{\"id\": \"c1afd271-ff95-4bbb-bdd3-6351f77b5c29\", \"key\": \"/AmplifyAPISpecLintingJobWebhookPayloadParserInput\", \"type\": \"object\", \"order\": 1, \"title\": \"AmplifyAPISpecLintingJobWebhookPayloadParserInput\", \"value\": {\"type\": \"object\"}, \"isLeaf\": false, \"children\": [{\"id\": \"700381c2-a84b-483e-a046-9be41372faa6\", \"key\": \"/AmplifyAPISpecLintingJobWebhookPayloadParserInput/AmplifyAPISpecLintingJobWebhookBody\", \"edit\": false, \"type\": \"node\", \"order\": 1, \"title\": \"AmplifyAPISpecLintingJobWebhookBody\", \"value\": {\"type\": \"string\"}, \"children\": [], \"editAllow\": true, \"dataElementType\": \"string\"}], \"childrenSet\": false, \"hasChildren\": false, \"dataElementType\": \"document\", \"documentReference\": []}]",
    "null" : false
  },
  "service_output" : {
    "type" : "jsonb",
    "value" : "[{\"id\": \"12293afe-480a-484e-9546-fbb2838b4c8d\", \"key\": \"/AmplifyAPISpecLintingJobWebhookPayloadParserOutput\", \"type\": \"object\", \"order\": 1, \"title\": \"AmplifyAPISpecLintingJobWebhookPayloadParserOutput\", \"value\": {\"type\": \"object\"}, \"isLeaf\": false, \"children\": [{\"id\": \"358aea70-9a26-425b-bc29-01591b6b054e\", \"key\": \"/AmplifyAPISpecLintingJobWebhookPayloadParserOutput/AmplifyAPISpecLintingJobWebhookPayload\", \"edit\": false, \"type\": \"node\", \"order\": 1, \"title\": \"AmplifyAPISpecLintingJobWebhookPayload\", \"value\": {}, \"children\": [{\"key\": \"/AmplifyAPISpecLintingJobWebhookPayloadParserOutput/AmplifyAPISpecLintingJobWebhookPayload/id\", \"type\": \"string\", \"order\": 1, \"title\": \"id\", \"value\": {\"type\": \"string\", \"requiredFlag\": false}, \"isLeaf\": true, \"hasChildren\": false, \"isChildrenSet\": false, \"dataElementType\": \"string\"}, {\"key\": \"/AmplifyAPISpecLintingJobWebhookPayloadParserOutput/AmplifyAPISpecLintingJobWebhookPayload/time\", \"type\": \"string\", \"order\": 2, \"title\": \"time\", \"value\": {\"type\": \"string\", \"requiredFlag\": false}, \"isLeaf\": true, \"hasChildren\": false, \"isChildrenSet\": false, \"dataElementType\": \"string\"}, {\"key\": \"/AmplifyAPISpecLintingJobWebhookPayloadParserOutput/AmplifyAPISpecLintingJobWebhookPayload/version\", \"type\": \"string\", \"order\": 3, \"title\": \"version\", \"value\": {\"type\": \"string\", \"requiredFlag\": false}, \"isLeaf\": true, \"hasChildren\": false, \"isChildrenSet\": false, \"dataElementType\": \"string\"}, {\"key\": \"/AmplifyAPISpecLintingJobWebhookPayloadParserOutput/AmplifyAPISpecLintingJobWebhookPayload/product\", \"type\": \"string\", \"order\": 4, \"title\": \"product\", \"value\": {\"type\": \"string\", \"requiredFlag\": false}, \"isLeaf\": true, \"hasChildren\": false, \"isChildrenSet\": false, \"dataElementType\": \"string\"}, {\"key\": \"/AmplifyAPISpecLintingJobWebhookPayloadParserOutput/AmplifyAPISpecLintingJobWebhookPayload/correlationId\", \"type\": \"string\", \"order\": 5, \"title\": \"correlationId\", \"value\": {\"type\": \"string\", \"requiredFlag\": false}, \"isLeaf\": true, \"hasChildren\": false, \"isChildrenSet\": false, \"dataElementType\": \"string\"}, {\"key\": \"/AmplifyAPISpecLintingJobWebhookPayloadParserOutput/AmplifyAPISpecLintingJobWebhookPayload/organization\", \"type\": \"object\", \"order\": 6, \"title\": \"organization\", \"value\": {\"type\": \"object\", \"requiredFlag\": false}, \"isLeaf\": false, \"children\": [{\"key\": \"/AmplifyAPISpecLintingJobWebhookPayloadParserOutput/AmplifyAPISpecLintingJobWebhookPayload/organization/id\", \"type\": \"string\", \"order\": 7, \"title\": \"id\", \"value\": {\"type\": \"string\", \"requiredFlag\": false}, \"isLeaf\": true, \"hasChildren\": false, \"isChildrenSet\": false, \"dataElementType\": \"string\"}], \"hasChildren\": false, \"isChildrenSet\": false, \"dataElementType\": \"document\"}, {\"key\": \"/AmplifyAPISpecLintingJobWebhookPayloadParserOutput/AmplifyAPISpecLintingJobWebhookPayload/type\", \"type\": \"string\", \"order\": 8, \"title\": \"type\", \"value\": {\"type\": \"string\", \"requiredFlag\": false}, \"isLeaf\": true, \"hasChildren\": false, \"isChildrenSet\": false, \"dataElementType\": \"string\"}, {\"key\": \"/AmplifyAPISpecLintingJobWebhookPayloadParserOutput/AmplifyAPISpecLintingJobWebhookPayload/payload\", \"type\": \"object\", \"order\": 9, \"title\": \"payload\", \"value\": {\"type\": \"object\", \"requiredFlag\": false}, \"isLeaf\": false, \"children\": [{\"key\": \"/AmplifyAPISpecLintingJobWebhookPayloadParserOutput/AmplifyAPISpecLintingJobWebhookPayload/payload/owner\", \"type\": \"object\", \"order\": 10, \"title\": \"owner\", \"value\": {\"type\": \"object\", \"requiredFlag\": false}, \"isLeaf\": false, \"children\": [{\"key\": \"/AmplifyAPISpecLintingJobWebhookPayloadParserOutput/AmplifyAPISpecLintingJobWebhookPayload/payload/owner/type\", \"type\": \"string\", \"order\": 11, \"title\": \"type\", \"value\": {\"type\": \"string\", \"requiredFlag\": false}, \"isLeaf\": true, \"hasChildren\": false, \"isChildrenSet\": false, \"dataElementType\": \"string\"}, {\"key\": \"/AmplifyAPISpecLintingJobWebhookPayloadParserOutput/AmplifyAPISpecLintingJobWebhookPayload/payload/owner/id\", \"type\": \"string\", \"order\": 12, \"title\": \"id\", \"value\": {\"type\": \"string\", \"requiredFlag\": false}, \"isLeaf\": true, \"hasChildren\": false, \"isChildrenSet\": false, \"dataElementType\": \"string\"}], \"hasChildren\": false, \"isChildrenSet\": false, \"dataElementType\": \"document\"}, {\"key\": \"/AmplifyAPISpecLintingJobWebhookPayloadParserOutput/AmplifyAPISpecLintingJobWebhookPayload/payload/finalizers[]\", \"type\": \"array\", \"order\": 13, \"title\": \"finalizers\", \"value\": {\"type\": \"array\", \"requiredFlag\": false}, \"isLeaf\": false, \"hasChildren\": false, \"isChildrenSet\": false, \"dataElementType\": \"objectArray\"}, {\"key\": \"/AmplifyAPISpecLintingJobWebhookPayloadParserOutput/AmplifyAPISpecLintingJobWebhookPayload/payload/metadata\", \"type\": \"object\", \"order\": 14, \"title\": \"metadata\", \"value\": {\"type\": \"object\", \"requiredFlag\": false}, \"isLeaf\": false, \"children\": [{\"key\": \"/AmplifyAPISpecLintingJobWebhookPayloadParserOutput/AmplifyAPISpecLintingJobWebhookPayload/payload/metadata/id\", \"type\": \"string\", \"order\": 15, \"title\": \"id\", \"value\": {\"type\": \"string\", \"requiredFlag\": false}, \"isLeaf\": true, \"hasChildren\": false, \"isChildrenSet\": false, \"dataElementType\": \"string\"}, {\"key\": \"/AmplifyAPISpecLintingJobWebhookPayloadParserOutput/AmplifyAPISpecLintingJobWebhookPayload/payload/metadata/audit\", \"type\": \"object\", \"order\": 16, \"title\": \"audit\", \"value\": {\"type\": \"object\", \"requiredFlag\": false}, \"isLeaf\": false, \"children\": [{\"key\": \"/AmplifyAPISpecLintingJobWebhookPayloadParserOutput/AmplifyAPISpecLintingJobWebhookPayload/payload/metadata/audit/createTimestamp\", \"type\": \"string\", \"order\": 17, \"title\": \"createTimestamp\", \"value\": {\"type\": \"string\", \"requiredFlag\": false}, \"isLeaf\": true, \"hasChildren\": false, \"isChildrenSet\": false, \"dataElementType\": \"string\"}, {\"key\": \"/AmplifyAPISpecLintingJobWebhookPayloadParserOutput/AmplifyAPISpecLintingJobWebhookPayload/payload/metadata/audit/createUserId\", \"type\": \"string\", \"order\": 18, \"title\": \"createUserId\", \"value\": {\"type\": \"string\", \"requiredFlag\": false}, \"isLeaf\": true, \"hasChildren\": false, \"isChildrenSet\": false, \"dataElementType\": \"string\"}, {\"key\": \"/AmplifyAPISpecLintingJobWebhookPayloadParserOutput/AmplifyAPISpecLintingJobWebhookPayload/payload/metadata/audit/modifyTimestamp\", \"type\": \"string\", \"order\": 19, \"title\": \"modifyTimestamp\", \"value\": {\"type\": \"string\", \"requiredFlag\": false}, \"isLeaf\": true, \"hasChildren\": false, \"isChildrenSet\": false, \"dataElementType\": \"string\"}], \"hasChildren\": false, \"isChildrenSet\": false, \"dataElementType\": \"document\"}, {\"key\": \"/AmplifyAPISpecLintingJobWebhookPayloadParserOutput/AmplifyAPISpecLintingJobWebhookPayload/payload/metadata/scope\", \"type\": \"object\", \"order\": 20, \"title\": \"scope\", \"value\": {\"type\": \"object\", \"requiredFlag\": false}, \"isLeaf\": false, \"children\": [{\"key\": \"/AmplifyAPISpecLintingJobWebhookPayloadParserOutput/AmplifyAPISpecLintingJobWebhookPayload/payload/metadata/scope/id\", \"type\": \"string\", \"order\": 21, \"title\": \"id\", \"value\": {\"type\": \"string\", \"requiredFlag\": false}, \"isLeaf\": true, \"hasChildren\": false, \"isChildrenSet\": false, \"dataElementType\": \"string\"}, {\"key\": \"/AmplifyAPISpecLintingJobWebhookPayloadParserOutput/AmplifyAPISpecLintingJobWebhookPayload/payload/metadata/scope/kind\", \"type\": \"string\", \"order\": 22, \"title\": \"kind\", \"value\": {\"type\": \"string\", \"requiredFlag\": false}, \"isLeaf\": true, \"hasChildren\": false, \"isChildrenSet\": false, \"dataElementType\": \"string\"}, {\"key\": \"/AmplifyAPISpecLintingJobWebhookPayloadParserOutput/AmplifyAPISpecLintingJobWebhookPayload/payload/metadata/scope/name\", \"type\": \"string\", \"order\": 23, \"title\": \"name\", \"value\": {\"type\": \"string\", \"requiredFlag\": false}, \"isLeaf\": true, \"hasChildren\": false, \"isChildrenSet\": false, \"dataElementType\": \"string\"}, {\"key\": \"/AmplifyAPISpecLintingJobWebhookPayloadParserOutput/AmplifyAPISpecLintingJobWebhookPayload/payload/metadata/scope/title\", \"type\": \"string\", \"order\": 24, \"title\": \"title\", \"value\": {\"type\": \"string\", \"requiredFlag\": false}, \"isLeaf\": true, \"hasChildren\": false, \"isChildrenSet\": false, \"dataElementType\": \"string\"}, {\"key\": \"/AmplifyAPISpecLintingJobWebhookPayloadParserOutput/AmplifyAPISpecLintingJobWebhookPayload/payload/metadata/scope/selfLink\", \"type\": \"string\", \"order\": 25, \"title\": \"selfLink\", \"value\": {\"type\": \"string\", \"requiredFlag\": false}, \"isLeaf\": true, \"hasChildren\": false, \"isChildrenSet\": false, \"dataElementType\": \"string\"}], \"hasChildren\": false, \"isChildrenSet\": false, \"dataElementType\": \"document\"}, {\"key\": \"/AmplifyAPISpecLintingJobWebhookPayloadParserOutput/AmplifyAPISpecLintingJobWebhookPayload/payload/metadata/acl[]\", \"type\": \"array\", \"order\": 26, \"title\": \"acl\", \"value\": {\"type\": \"array\", \"requiredFlag\": false}, \"isLeaf\": false, \"hasChildren\": false, \"isChildrenSet\": false, \"dataElementType\": \"objectArray\"}, {\"key\": \"/AmplifyAPISpecLintingJobWebhookPayloadParserOutput/AmplifyAPISpecLintingJobWebhookPayload/payload/metadata/resourceVersion\", \"type\": \"string\", \"order\": 27, \"title\": \"resourceVersion\", \"value\": {\"type\": \"string\", \"requiredFlag\": false}, \"isLeaf\": true, \"hasChildren\": false, \"isChildrenSet\": false, \"dataElementType\": \"string\"}, {\"key\": \"/AmplifyAPISpecLintingJobWebhookPayloadParserOutput/AmplifyAPISpecLintingJobWebhookPayload/payload/metadata/references[]\", \"type\": \"array\", \"order\": 28, \"title\": \"references\", \"value\": {\"type\": \"array\", \"requiredFlag\": false}, \"isLeaf\": false, \"children\": [{\"key\": \"/AmplifyAPISpecLintingJobWebhookPayloadParserOutput/AmplifyAPISpecLintingJobWebhookPayload/payload/metadata/references[]/id\", \"type\": \"string\", \"order\": 29, \"title\": \"id\", \"value\": {\"type\": \"string\", \"requiredFlag\": false}, \"isLeaf\": true, \"hasChildren\": false, \"isChildrenSet\": false, \"dataElementType\": \"string\"}, {\"key\": \"/AmplifyAPISpecLintingJobWebhookPayloadParserOutput/AmplifyAPISpecLintingJobWebhookPayload/payload/metadata/references[]/kind\", \"type\": \"string\", \"order\": 30, \"title\": \"kind\", \"value\": {\"type\": \"string\", \"requiredFlag\": false}, \"isLeaf\": true, \"hasChildren\": false, \"isChildrenSet\": false, \"dataElementType\": \"string\"}, {\"key\": \"/AmplifyAPISpecLintingJobWebhookPayloadParserOutput/AmplifyAPISpecLintingJobWebhookPayload/payload/metadata/references[]/name\", \"type\": \"string\", \"order\": 31, \"title\": \"name\", \"value\": {\"type\": \"string\", \"requiredFlag\": false}, \"isLeaf\": true, \"hasChildren\": false, \"isChildrenSet\": false, \"dataElementType\": \"string\"}, {\"key\": \"/AmplifyAPISpecLintingJobWebhookPayloadParserOutput/AmplifyAPISpecLintingJobWebhookPayload/payload/metadata/references[]/type\", \"type\": \"string\", \"order\": 32, \"title\": \"type\", \"value\": {\"type\": \"string\", \"requiredFlag\": false}, \"isLeaf\": true, \"hasChildren\": false, \"isChildrenSet\": false, \"dataElementType\": \"string\"}, {\"key\": \"/AmplifyAPISpecLintingJobWebhookPayloadParserOutput/AmplifyAPISpecLintingJobWebhookPayload/payload/metadata/references[]/selfLink\", \"type\": \"string\", \"order\": 33, \"title\": \"selfLink\", \"value\": {\"type\": \"string\", \"requiredFlag\": false}, \"isLeaf\": true, \"hasChildren\": false, \"isChildrenSet\": false, \"dataElementType\": \"string\"}, {\"key\": \"/AmplifyAPISpecLintingJobWebhookPayloadParserOutput/AmplifyAPISpecLintingJobWebhookPayload/payload/metadata/references[]/group\", \"type\": \"string\", \"order\": 34, \"title\": \"group\", \"value\": {\"type\": \"string\", \"requiredFlag\": false}, \"isLeaf\": true, \"hasChildren\": false, \"isChildrenSet\": false, \"dataElementType\": \"string\"}, {\"key\": \"/AmplifyAPISpecLintingJobWebhookPayloadParserOutput/AmplifyAPISpecLintingJobWebhookPayload/payload/metadata/references[]/scopeName\", \"type\": \"string\", \"order\": 35, \"title\": \"scopeName\", \"value\": {\"type\": \"string\", \"requiredFlag\": false}, \"isLeaf\": true, \"hasChildren\": false, \"isChildrenSet\": false, \"dataElementType\": \"string\"}, {\"key\": \"/AmplifyAPISpecLintingJobWebhookPayloadParserOutput/AmplifyAPISpecLintingJobWebhookPayload/payload/metadata/references[]/scopeKind\", \"type\": \"string\", \"order\": 36, \"title\": \"scopeKind\", \"value\": {\"type\": \"string\", \"requiredFlag\": false}, \"isLeaf\": true, \"hasChildren\": false, \"isChildrenSet\": false, \"dataElementType\": \"string\"}], \"hasChildren\": false, \"isChildrenSet\": false, \"dataElementType\": \"documentArray\"}, {\"key\": \"/AmplifyAPISpecLintingJobWebhookPayloadParserOutput/AmplifyAPISpecLintingJobWebhookPayload/payload/metadata/selfLink\", \"type\": \"string\", \"order\": 37, \"title\": \"selfLink\", \"value\": {\"type\": \"string\", \"requiredFlag\": false}, \"isLeaf\": true, \"hasChildren\": false, \"isChildrenSet\": false, \"dataElementType\": \"string\"}], \"hasChildren\": false, \"isChildrenSet\": false, \"dataElementType\": \"document\"}, {\"key\": \"/AmplifyAPISpecLintingJobWebhookPayloadParserOutput/AmplifyAPISpecLintingJobWebhookPayload/payload/kind\", \"type\": \"string\", \"order\": 38, \"title\": \"kind\", \"value\": {\"type\": \"string\", \"requiredFlag\": false}, \"isLeaf\": true, \"hasChildren\": false, \"isChildrenSet\": false, \"dataElementType\": \"string\"}, {\"key\": \"/AmplifyAPISpecLintingJobWebhookPayloadParserOutput/AmplifyAPISpecLintingJobWebhookPayload/payload/title\", \"type\": \"string\", \"order\": 39, \"title\": \"title\", \"value\": {\"type\": \"string\", \"requiredFlag\": false}, \"isLeaf\": true, \"hasChildren\": false, \"isChildrenSet\": false, \"dataElementType\": \"string\"}, {\"key\": \"/AmplifyAPISpecLintingJobWebhookPayloadParserOutput/AmplifyAPISpecLintingJobWebhookPayload/payload/spec\", \"type\": \"object\", \"order\": 40, \"title\": \"spec\", \"value\": {\"type\": \"object\", \"requiredFlag\": false}, \"isLeaf\": false, \"children\": [{\"key\": \"/AmplifyAPISpecLintingJobWebhookPayloadParserOutput/AmplifyAPISpecLintingJobWebhookPayload/payload/spec/apiServiceRevision\", \"type\": \"string\", \"order\": 41, \"title\": \"apiServiceRevision\", \"value\": {\"type\": \"string\", \"requiredFlag\": false}, \"isLeaf\": true, \"hasChildren\": false, \"isChildrenSet\": false, \"dataElementType\": \"string\"}, {\"key\": \"/AmplifyAPISpecLintingJobWebhookPayloadParserOutput/AmplifyAPISpecLintingJobWebhookPayload/payload/spec/apiSpecLintingRuleset\", \"type\": \"string\", \"order\": 42, \"title\": \"apiSpecLintingRuleset\", \"value\": {\"type\": \"string\", \"requiredFlag\": false}, \"isLeaf\": true, \"hasChildren\": false, \"isChildrenSet\": false, \"dataElementType\": \"string\"}], \"hasChildren\": false, \"isChildrenSet\": false, \"dataElementType\": \"document\"}, {\"key\": \"/AmplifyAPISpecLintingJobWebhookPayloadParserOutput/AmplifyAPISpecLintingJobWebhookPayload/payload/tags[]\", \"type\": \"array\", \"order\": 43, \"title\": \"tags\", \"value\": {\"type\": \"array\", \"requiredFlag\": false}, \"isLeaf\": false, \"hasChildren\": false, \"isChildrenSet\": false, \"dataElementType\": \"objectArray\"}, {\"key\": \"/AmplifyAPISpecLintingJobWebhookPayloadParserOutput/AmplifyAPISpecLintingJobWebhookPayload/payload/result\", \"type\": \"object\", \"order\": 44, \"title\": \"result\", \"value\": {\"type\": \"object\", \"requiredFlag\": false}, \"isLeaf\": false, \"children\": [{\"key\": \"/AmplifyAPISpecLintingJobWebhookPayloadParserOutput/AmplifyAPISpecLintingJobWebhookPayload/payload/result/details[]\", \"type\": \"array\", \"order\": 45, \"title\": \"details\", \"value\": {\"type\": \"array\", \"requiredFlag\": false}, \"isLeaf\": false, \"children\": [{\"key\": \"/AmplifyAPISpecLintingJobWebhookPayloadParserOutput/AmplifyAPISpecLintingJobWebhookPayload/payload/result/details[]/path\", \"type\": \"string\", \"order\": 46, \"title\": \"path\", \"value\": {\"type\": \"string\", \"requiredFlag\": false}, \"isLeaf\": true, \"hasChildren\": false, \"isChildrenSet\": false, \"dataElementType\": \"string\"}, {\"key\": \"/AmplifyAPISpecLintingJobWebhookPayloadParserOutput/AmplifyAPISpecLintingJobWebhookPayload/payload/result/details[]/rule\", \"type\": \"string\", \"order\": 47, \"title\": \"rule\", \"value\": {\"type\": \"string\", \"requiredFlag\": false}, \"isLeaf\": true, \"hasChildren\": false, \"isChildrenSet\": false, \"dataElementType\": \"string\"}, {\"key\": \"/AmplifyAPISpecLintingJobWebhookPayloadParserOutput/AmplifyAPISpecLintingJobWebhookPayload/payload/result/details[]/message\", \"type\": \"string\", \"order\": 48, \"title\": \"message\", \"value\": {\"type\": \"string\", \"requiredFlag\": false}, \"isLeaf\": true, \"hasChildren\": false, \"isChildrenSet\": false, \"dataElementType\": \"string\"}, {\"key\": \"/AmplifyAPISpecLintingJobWebhookPayloadParserOutput/AmplifyAPISpecLintingJobWebhookPayload/payload/result/details[]/location\", \"type\": \"object\", \"order\": 49, \"title\": \"location\", \"value\": {\"type\": \"object\", \"requiredFlag\": false}, \"isLeaf\": false, \"children\": [{\"key\": \"/AmplifyAPISpecLintingJobWebhookPayloadParserOutput/AmplifyAPISpecLintingJobWebhookPayload/payload/result/details[]/location/line\", \"type\": \"integer\", \"order\": 50, \"title\": \"line\", \"value\": {\"type\": \"integer\", \"requiredFlag\": false}, \"isLeaf\": true, \"hasChildren\": false, \"isChildrenSet\": false, \"dataElementType\": \"integer\"}, {\"key\": \"/AmplifyAPISpecLintingJobWebhookPayloadParserOutput/AmplifyAPISpecLintingJobWebhookPayload/payload/result/details[]/location/character\", \"type\": \"integer\", \"order\": 51, \"title\": \"character\", \"value\": {\"type\": \"integer\", \"requiredFlag\": false}, \"isLeaf\": true, \"hasChildren\": false, \"isChildrenSet\": false, \"dataElementType\": \"integer\"}], \"hasChildren\": false, \"isChildrenSet\": false, \"dataElementType\": \"document\"}, {\"key\": \"/AmplifyAPISpecLintingJobWebhookPayloadParserOutput/AmplifyAPISpecLintingJobWebhookPayload/payload/result/details[]/severity\", \"type\": \"string\", \"order\": 52, \"title\": \"severity\", \"value\": {\"type\": \"string\", \"requiredFlag\": false}, \"isLeaf\": true, \"hasChildren\": false, \"isChildrenSet\": false, \"dataElementType\": \"string\"}], \"hasChildren\": false, \"isChildrenSet\": false, \"dataElementType\": \"documentArray\"}, {\"key\": \"/AmplifyAPISpecLintingJobWebhookPayloadParserOutput/AmplifyAPISpecLintingJobWebhookPayload/payload/result/summary\", \"type\": \"object\", \"order\": 53, \"title\": \"summary\", \"value\": {\"type\": \"object\", \"requiredFlag\": false}, \"isLeaf\": false, \"children\": [{\"key\": \"/AmplifyAPISpecLintingJobWebhookPayloadParserOutput/AmplifyAPISpecLintingJobWebhookPayload/payload/result/summary/grade\", \"type\": \"string\", \"order\": 54, \"title\": \"grade\", \"value\": {\"type\": \"string\", \"requiredFlag\": false}, \"isLeaf\": true, \"hasChildren\": false, \"isChildrenSet\": false, \"dataElementType\": \"string\"}, {\"key\": \"/AmplifyAPISpecLintingJobWebhookPayloadParserOutput/AmplifyAPISpecLintingJobWebhookPayload/payload/result/summary/hintCount\", \"type\": \"integer\", \"order\": 55, \"title\": \"hintCount\", \"value\": {\"type\": \"integer\", \"requiredFlag\": false}, \"isLeaf\": true, \"hasChildren\": false, \"isChildrenSet\": false, \"dataElementType\": \"integer\"}, {\"key\": \"/AmplifyAPISpecLintingJobWebhookPayloadParserOutput/AmplifyAPISpecLintingJobWebhookPayload/payload/result/summary/infoCount\", \"type\": \"integer\", \"order\": 56, \"title\": \"infoCount\", \"value\": {\"type\": \"integer\", \"requiredFlag\": false}, \"isLeaf\": true, \"hasChildren\": false, \"isChildrenSet\": false, \"dataElementType\": \"integer\"}, {\"key\": \"/AmplifyAPISpecLintingJobWebhookPayloadParserOutput/AmplifyAPISpecLintingJobWebhookPayload/payload/result/summary/errorCount\", \"type\": \"integer\", \"order\": 57, \"title\": \"errorCount\", \"value\": {\"type\": \"integer\", \"requiredFlag\": false}, \"isLeaf\": true, \"hasChildren\": false, \"isChildrenSet\": false, \"dataElementType\": \"integer\"}, {\"key\": \"/AmplifyAPISpecLintingJobWebhookPayloadParserOutput/AmplifyAPISpecLintingJobWebhookPayload/payload/result/summary/warningCount\", \"type\": \"integer\", \"order\": 58, \"title\": \"warningCount\", \"value\": {\"type\": \"integer\", \"requiredFlag\": false}, \"isLeaf\": true, \"hasChildren\": false, \"isChildrenSet\": false, \"dataElementType\": \"integer\"}], \"hasChildren\": false, \"isChildrenSet\": false, \"dataElementType\": \"document\"}, {\"key\": \"/AmplifyAPISpecLintingJobWebhookPayloadParserOutput/AmplifyAPISpecLintingJobWebhookPayload/payload/result/detailsThresholdExceeded\", \"type\": \"boolean\", \"order\": 59, \"title\": \"detailsThresholdExceeded\", \"value\": {\"type\": \"boolean\", \"requiredFlag\": false}, \"isLeaf\": true, \"hasChildren\": false, \"isChildrenSet\": false, \"dataElementType\": \"boolean\"}], \"hasChildren\": false, \"isChildrenSet\": false, \"dataElementType\": \"document\"}, {\"key\": \"/AmplifyAPISpecLintingJobWebhookPayloadParserOutput/AmplifyAPISpecLintingJobWebhookPayload/payload/archived\", \"type\": \"boolean\", \"order\": 60, \"title\": \"archived\", \"value\": {\"type\": \"boolean\", \"requiredFlag\": false}, \"isLeaf\": true, \"hasChildren\": false, \"isChildrenSet\": false, \"dataElementType\": \"boolean\"}, {\"key\": \"/AmplifyAPISpecLintingJobWebhookPayloadParserOutput/AmplifyAPISpecLintingJobWebhookPayload/payload/apiVersion\", \"type\": \"string\", \"order\": 61, \"title\": \"apiVersion\", \"value\": {\"type\": \"string\", \"requiredFlag\": false}, \"isLeaf\": true, \"hasChildren\": false, \"isChildrenSet\": false, \"dataElementType\": \"string\"}, {\"key\": \"/AmplifyAPISpecLintingJobWebhookPayloadParserOutput/AmplifyAPISpecLintingJobWebhookPayload/payload/name\", \"type\": \"string\", \"order\": 62, \"title\": \"name\", \"value\": {\"type\": \"string\", \"requiredFlag\": false}, \"isLeaf\": true, \"hasChildren\": false, \"isChildrenSet\": false, \"dataElementType\": \"string\"}, {\"key\": \"/AmplifyAPISpecLintingJobWebhookPayloadParserOutput/AmplifyAPISpecLintingJobWebhookPayload/payload/attributes\", \"type\": \"object\", \"order\": 63, \"title\": \"attributes\", \"value\": {\"type\": \"object\", \"requiredFlag\": false}, \"isLeaf\": false, \"hasChildren\": false, \"isChildrenSet\": false, \"dataElementType\": \"object\"}, {\"key\": \"/AmplifyAPISpecLintingJobWebhookPayloadParserOutput/AmplifyAPISpecLintingJobWebhookPayload/payload/state\", \"type\": \"object\", \"order\": 64, \"title\": \"state\", \"value\": {\"type\": \"object\", \"requiredFlag\": false}, \"isLeaf\": false, \"children\": [{\"key\": \"/AmplifyAPISpecLintingJobWebhookPayloadParserOutput/AmplifyAPISpecLintingJobWebhookPayload/payload/state/name\", \"type\": \"string\", \"order\": 65, \"title\": \"name\", \"value\": {\"type\": \"string\", \"requiredFlag\": false}, \"isLeaf\": true, \"hasChildren\": false, \"isChildrenSet\": false, \"dataElementType\": \"string\"}, {\"key\": \"/AmplifyAPISpecLintingJobWebhookPayloadParserOutput/AmplifyAPISpecLintingJobWebhookPayload/payload/state/timestamp\", \"type\": \"string\", \"order\": 66, \"title\": \"timestamp\", \"value\": {\"type\": \"string\", \"requiredFlag\": false}, \"isLeaf\": true, \"hasChildren\": false, \"isChildrenSet\": false, \"dataElementType\": \"string\"}], \"hasChildren\": false, \"isChildrenSet\": false, \"dataElementType\": \"document\"}, {\"key\": \"/AmplifyAPISpecLintingJobWebhookPayloadParserOutput/AmplifyAPISpecLintingJobWebhookPayload/payload/group\", \"type\": \"string\", \"order\": 67, \"title\": \"group\", \"value\": {\"type\": \"string\", \"requiredFlag\": false}, \"isLeaf\": true, \"hasChildren\": false, \"isChildrenSet\": false, \"dataElementType\": \"string\"}], \"hasChildren\": false, \"isChildrenSet\": false, \"dataElementType\": \"document\"}, {\"key\": \"/AmplifyAPISpecLintingJobWebhookPayloadParserOutput/AmplifyAPISpecLintingJobWebhookPayload/metadata\", \"type\": \"object\", \"order\": 68, \"title\": \"metadata\", \"value\": {\"type\": \"object\", \"requiredFlag\": false}, \"isLeaf\": false, \"children\": [{\"key\": \"/AmplifyAPISpecLintingJobWebhookPayloadParserOutput/AmplifyAPISpecLintingJobWebhookPayload/metadata/subresource\", \"type\": \"string\", \"order\": 69, \"title\": \"subresource\", \"value\": {\"type\": \"string\", \"requiredFlag\": false}, \"isLeaf\": true, \"hasChildren\": false, \"isChildrenSet\": false, \"dataElementType\": \"string\"}], \"hasChildren\": false, \"isChildrenSet\": false, \"dataElementType\": \"document\"}], \"editAllow\": true, \"iSReference\": true, \"projectName\": \"AmplifyCentralIntegrationUtils\", \"dataObjectName\": \"Amplify APISpecLintingJob Webhook Payload\", \"dataElementType\": \"document\"}], \"childrenSet\": false, \"hasChildren\": false, \"dataElementType\": \"document\", \"documentReference\": [{\"id\": \"3b7d0cc6-a6f7-4e0b-96e6-dae71423efcd\", \"referenceName\": \"AmplifyCentralIntegrationUtils.Amplify APISpecLintingJob Webhook Payload\"}]}]",
    "null" : false
  },
  "service_input_json_schema" : {
    "type" : "jsonb",
    "value" : "{\"required\": [], \"properties\": {\"AmplifyAPISpecLintingJobWebhookPayloadParserInput\": {\"type\": \"object\", \"required\": [], \"properties\": {\"AmplifyAPISpecLintingJobWebhookBody\": {\"type\": \"string\"}}, \"additionalProperties\": false}}, \"additionalProperties\": false}",
    "null" : false
  },
  "service_output_json_schema" : {
    "type" : "jsonb",
    "value" : "{\"required\": [], \"properties\": {\"AmplifyAPISpecLintingJobWebhookPayloadParserOutput\": {\"type\": \"object\", \"required\": [], \"properties\": {\"AmplifyAPISpecLintingJobWebhookPayload\": {}}, \"additionalProperties\": false}}, \"additionalProperties\": false}",
    "null" : false
  },
  "type" : "SERVICE",
  "error_handler" : false,
  "tag" : "EMPTY",
  "active" : true,
  "is_changed" : false,
  "comment" : "Added Amplify Traceability Connector",
  "base_tag" : "V24",
  "test_input" : {
    "type" : "jsonb",
    "value" : "{}",
    "null" : false
  },
  "test_input_structure" : {
    "type" : "jsonb",
    "value" : "[{\"id\": \"c1afd271-ff95-4bbb-bdd3-6351f77b5c29\", \"key\": \"/AmplifyAPISpecLintingJobWebhookPayloadParserInput\", \"type\": \"object\", \"order\": 1, \"title\": \"AmplifyAPISpecLintingJobWebhookPayloadParserInput\", \"value\": {\"type\": \"object\"}, \"isLeaf\": false, \"children\": [{\"id\": \"700381c2-a84b-483e-a046-9be41372faa6\", \"key\": \"/AmplifyAPISpecLintingJobWebhookPayloadParserInput/AmplifyAPISpecLintingJobWebhookBody\", \"edit\": false, \"type\": \"node\", \"order\": 1, \"title\": \"AmplifyAPISpecLintingJobWebhookBody\", \"value\": {\"type\": \"string\"}, \"children\": [], \"editAllow\": true, \"dataElementType\": \"string\"}], \"childrenSet\": false, \"hasChildren\": false, \"dataElementType\": \"document\", \"documentReference\": []}]",
    "null" : false
  }
}