{
  "id" : "9734079d-b254-47ba-a2a8-6cf35076fcb9",
  "name" : "ApproveProductReviewFromSelfLink",
  "description" : "Approve Product Review From SelfLink",
  "iserror" : false,
  "no_of_errors" : 0,
  "service_input" : {
    "type" : "jsonb",
    "value" : "[{\"id\": \"f3dcb5a5-f060-4289-a52d-038a88d5f601\", \"key\": \"/ApproveProductReviewFromSelfLinkInput\", \"type\": \"object\", \"order\": 1, \"title\": \"ApproveProductReviewFromSelfLinkInput\", \"value\": {\"type\": \"object\"}, \"isLeaf\": false, \"children\": [{\"id\": \"f545bc5e-2638-489a-8910-00ab555fef3c\", \"key\": \"/ApproveProductReviewFromSelfLinkInput/ProductReviewSelfLink\", \"edit\": false, \"type\": \"node\", \"order\": 1, \"title\": \"ProductReviewSelfLink\", \"value\": {\"type\": \"string\"}, \"children\": [], \"editAllow\": true, \"dataElementType\": \"string\"}, {\"id\": \"3d12f839-9fa1-4643-9d8a-64bd493508bf\", \"key\": \"/ApproveProductReviewFromSelfLinkInput/Comment\", \"edit\": false, \"type\": \"node\", \"order\": 1, \"title\": \"Comment\", \"value\": {\"type\": \"string\"}, \"children\": [], \"editAllow\": true, \"dataElementType\": \"string\"}, {\"id\": \"06a25796-303b-4e5b-a816-d66135315fcb\", \"key\": \"/ApproveProductReviewFromSelfLinkInput/ShouldApprove\", \"edit\": false, \"type\": \"node\", \"order\": 1, \"title\": \"ShouldApprove\", \"value\": {\"type\": \"boolean\"}, \"children\": [], \"editAllow\": true, \"dataElementType\": \"boolean\"}], \"childrenSet\": false, \"hasChildren\": false, \"dataElementType\": \"document\", \"documentReference\": []}]",
    "null" : false
  },
  "service_output" : {
    "type" : "jsonb",
    "value" : "[{\"id\": \"bb49e37e-e09d-45f6-8b72-7bbe5732fc20\", \"key\": \"/ApproveProductReviewFromSelfLinkOutput\", \"type\": \"object\", \"order\": 1, \"title\": \"ApproveProductReviewFromSelfLinkOutput\", \"value\": {\"type\": \"object\"}, \"isLeaf\": false, \"children\": [], \"childrenSet\": false, \"hasChildren\": false, \"dataElementType\": \"document\", \"documentReference\": []}]",
    "null" : false
  },
  "service_input_json_schema" : {
    "type" : "jsonb",
    "value" : "{\"required\": [], \"properties\": {\"ApproveProductReviewFromSelfLinkInput\": {\"type\": \"object\", \"required\": [], \"properties\": {\"Comment\": {\"type\": \"string\"}, \"ShouldApprove\": {\"type\": \"boolean\"}, \"ProductReviewSelfLink\": {\"type\": \"string\"}}, \"additionalProperties\": false}}, \"additionalProperties\": false}",
    "null" : false
  },
  "service_output_json_schema" : {
    "type" : "jsonb",
    "value" : "{\"required\": [], \"properties\": {\"ApproveProductReviewFromSelfLinkOutput\": {\"type\": \"object\", \"required\": []}}, \"additionalProperties\": false}",
    "null" : false
  },
  "type" : "SERVICE",
  "error_handler" : false,
  "tag" : "EMPTY",
  "active" : true,
  "is_changed" : false,
  "comment" : "Added Amplify Traceability Connector",
  "base_tag" : "V24",
  "test_input" : {
    "type" : "jsonb",
    "value" : "{}",
    "null" : false
  },
  "test_input_structure" : {
    "type" : "jsonb",
    "value" : "[{\"id\": \"f3dcb5a5-f060-4289-a52d-038a88d5f601\", \"key\": \"/ApproveProductReviewFromSelfLinkInput\", \"type\": \"object\", \"order\": 1, \"title\": \"ApproveProductReviewFromSelfLinkInput\", \"value\": {\"type\": \"object\"}, \"isLeaf\": false, \"children\": [{\"id\": \"f545bc5e-2638-489a-8910-00ab555fef3c\", \"key\": \"/ApproveProductReviewFromSelfLinkInput/ProductReviewSelfLink\", \"edit\": false, \"type\": \"node\", \"order\": 1, \"title\": \"ProductReviewSelfLink\", \"value\": {\"type\": \"string\"}, \"children\": [], \"editAllow\": true, \"dataElementType\": \"string\"}, {\"id\": \"3d12f839-9fa1-4643-9d8a-64bd493508bf\", \"key\": \"/ApproveProductReviewFromSelfLinkInput/Comment\", \"edit\": false, \"type\": \"node\", \"order\": 1, \"title\": \"Comment\", \"value\": {\"type\": \"string\"}, \"children\": [], \"editAllow\": true, \"dataElementType\": \"string\"}, {\"id\": \"06a25796-303b-4e5b-a816-d66135315fcb\", \"key\": \"/ApproveProductReviewFromSelfLinkInput/ShouldApprove\", \"edit\": false, \"type\": \"node\", \"order\": 1, \"title\": \"ShouldApprove\", \"value\": {\"type\": \"boolean\"}, \"children\": [], \"editAllow\": true, \"dataElementType\": \"boolean\"}], \"childrenSet\": false, \"hasChildren\": false, \"dataElementType\": \"document\", \"documentReference\": []}]",
    "null" : false
  }
}