{
  "id" : "667bdbed-4084-44fd-bd43-ccd9dbcae155",
  "name" : "GetAPIServiceRevisionFromSelfLink",
  "description" : "Get API Service Revision From SelfLink",
  "iserror" : false,
  "no_of_errors" : 0,
  "service_input" : {
    "type" : "jsonb",
    "value" : "[{\"id\": \"a5ed9fe9-03ce-4ab6-bafb-4ddbe21c7856\", \"key\": \"/GetAPIServiceRevisionFromSelfLinkInput\", \"type\": \"object\", \"order\": 1, \"title\": \"GetAPIServiceRevisionFromSelfLinkInput\", \"value\": {\"type\": \"object\"}, \"isLeaf\": false, \"children\": [{\"id\": \"2ea2e080-975a-4723-a49b-1d8e33cb9670\", \"key\": \"/GetAPIServiceRevisionFromSelfLinkInput/selfLink\", \"edit\": false, \"type\": \"node\", \"order\": 1, \"title\": \"selfLink\", \"value\": {\"type\": \"string\"}, \"children\": [], \"editAllow\": true, \"dataElementType\": \"string\"}], \"childrenSet\": false, \"hasChildren\": false, \"dataElementType\": \"document\", \"documentReference\": []}]",
    "null" : false
  },
  "service_output" : {
    "type" : "jsonb",
    "value" : "[{\"id\": \"da852e09-2180-4870-88b7-4d8e7a50eafc\", \"key\": \"/GetAPIServiceRevisionFromSelfLinkOutput\", \"type\": \"object\", \"order\": 1, \"title\": \"GetAPIServiceRevisionFromSelfLinkOutput\", \"value\": {\"type\": \"object\"}, \"isLeaf\": false, \"children\": [{\"id\": \"fb83dd88-c196-4dd1-904a-25b81d7a0020\", \"key\": \"/GetAPIServiceRevisionFromSelfLinkOutput/APIServiceRevision\", \"edit\": false, \"type\": \"node\", \"order\": 1, \"title\": \"APIServiceRevision\", \"value\": {}, \"children\": [{\"key\": \"/GetAPIServiceRevisionFromSelfLinkOutput/APIServiceRevision/group\", \"type\": \"string\", \"order\": 1, \"title\": \"group\", \"value\": {\"type\": \"string\", \"requiredFlag\": false}, \"isLeaf\": true, \"hasChildren\": false, \"isChildrenSet\": false, \"dataElementType\": \"string\"}, {\"key\": \"/GetAPIServiceRevisionFromSelfLinkOutput/APIServiceRevision/apiVersion\", \"type\": \"string\", \"order\": 2, \"title\": \"apiVersion\", \"value\": {\"type\": \"string\", \"requiredFlag\": false}, \"isLeaf\": true, \"hasChildren\": false, \"isChildrenSet\": false, \"dataElementType\": \"string\"}, {\"key\": \"/GetAPIServiceRevisionFromSelfLinkOutput/APIServiceRevision/kind\", \"type\": \"string\", \"order\": 3, \"title\": \"kind\", \"value\": {\"type\": \"string\", \"requiredFlag\": false}, \"isLeaf\": true, \"hasChildren\": false, \"isChildrenSet\": false, \"dataElementType\": \"string\"}, {\"key\": \"/GetAPIServiceRevisionFromSelfLinkOutput/APIServiceRevision/name\", \"type\": \"string\", \"order\": 4, \"title\": \"name\", \"value\": {\"type\": \"string\", \"requiredFlag\": false}, \"isLeaf\": true, \"hasChildren\": false, \"isChildrenSet\": false, \"dataElementType\": \"string\"}, {\"key\": \"/GetAPIServiceRevisionFromSelfLinkOutput/APIServiceRevision/title\", \"type\": \"string\", \"order\": 5, \"title\": \"title\", \"value\": {\"type\": \"string\", \"requiredFlag\": false}, \"isLeaf\": true, \"hasChildren\": false, \"isChildrenSet\": false, \"dataElementType\": \"string\"}, {\"key\": \"/GetAPIServiceRevisionFromSelfLinkOutput/APIServiceRevision/owner\", \"type\": \"object\", \"order\": 6, \"title\": \"owner\", \"value\": {\"type\": \"object\", \"requiredFlag\": false}, \"isLeaf\": false, \"children\": [{\"key\": \"/GetAPIServiceRevisionFromSelfLinkOutput/APIServiceRevision/owner/type\", \"type\": \"string\", \"order\": 7, \"title\": \"type\", \"value\": {\"type\": \"string\", \"requiredFlag\": false}, \"isLeaf\": true, \"hasChildren\": false, \"isChildrenSet\": false, \"dataElementType\": \"string\"}, {\"key\": \"/GetAPIServiceRevisionFromSelfLinkOutput/APIServiceRevision/owner/id\", \"type\": \"string\", \"order\": 8, \"title\": \"id\", \"value\": {\"type\": \"string\", \"requiredFlag\": false}, \"isLeaf\": true, \"hasChildren\": false, \"isChildrenSet\": false, \"dataElementType\": \"string\"}], \"hasChildren\": false, \"isChildrenSet\": false, \"dataElementType\": \"document\"}, {\"key\": \"/GetAPIServiceRevisionFromSelfLinkOutput/APIServiceRevision/metadata\", \"type\": \"object\", \"order\": 9, \"title\": \"metadata\", \"value\": {\"type\": \"object\", \"requiredFlag\": false}, \"isLeaf\": false, \"children\": [{\"key\": \"/GetAPIServiceRevisionFromSelfLinkOutput/APIServiceRevision/metadata/id\", \"type\": \"string\", \"order\": 10, \"title\": \"id\", \"value\": {\"type\": \"string\", \"requiredFlag\": false}, \"isLeaf\": true, \"hasChildren\": false, \"isChildrenSet\": false, \"dataElementType\": \"string\"}, {\"key\": \"/GetAPIServiceRevisionFromSelfLinkOutput/APIServiceRevision/metadata/audit\", \"type\": \"object\", \"order\": 11, \"title\": \"audit\", \"value\": {\"type\": \"object\", \"requiredFlag\": false}, \"isLeaf\": false, \"children\": [{\"key\": \"/GetAPIServiceRevisionFromSelfLinkOutput/APIServiceRevision/metadata/audit/createTimestamp\", \"type\": \"string\", \"order\": 12, \"title\": \"createTimestamp\", \"value\": {\"type\": \"string\", \"requiredFlag\": false}, \"isLeaf\": true, \"hasChildren\": false, \"isChildrenSet\": false, \"dataElementType\": \"string\"}, {\"key\": \"/GetAPIServiceRevisionFromSelfLinkOutput/APIServiceRevision/metadata/audit/createUserId\", \"type\": \"string\", \"order\": 13, \"title\": \"createUserId\", \"value\": {\"type\": \"string\", \"requiredFlag\": false}, \"isLeaf\": true, \"hasChildren\": false, \"isChildrenSet\": false, \"dataElementType\": \"string\"}, {\"key\": \"/GetAPIServiceRevisionFromSelfLinkOutput/APIServiceRevision/metadata/audit/modifyTimestamp\", \"type\": \"string\", \"order\": 14, \"title\": \"modifyTimestamp\", \"value\": {\"type\": \"string\", \"requiredFlag\": false}, \"isLeaf\": true, \"hasChildren\": false, \"isChildrenSet\": false, \"dataElementType\": \"string\"}], \"hasChildren\": false, \"isChildrenSet\": false, \"dataElementType\": \"document\"}, {\"key\": \"/GetAPIServiceRevisionFromSelfLinkOutput/APIServiceRevision/metadata/scope\", \"type\": \"object\", \"order\": 15, \"title\": \"scope\", \"value\": {\"type\": \"object\", \"requiredFlag\": false}, \"isLeaf\": false, \"children\": [{\"key\": \"/GetAPIServiceRevisionFromSelfLinkOutput/APIServiceRevision/metadata/scope/id\", \"type\": \"string\", \"order\": 16, \"title\": \"id\", \"value\": {\"type\": \"string\", \"requiredFlag\": false}, \"isLeaf\": true, \"hasChildren\": false, \"isChildrenSet\": false, \"dataElementType\": \"string\"}, {\"key\": \"/GetAPIServiceRevisionFromSelfLinkOutput/APIServiceRevision/metadata/scope/kind\", \"type\": \"string\", \"order\": 17, \"title\": \"kind\", \"value\": {\"type\": \"string\", \"requiredFlag\": false}, \"isLeaf\": true, \"hasChildren\": false, \"isChildrenSet\": false, \"dataElementType\": \"string\"}, {\"key\": \"/GetAPIServiceRevisionFromSelfLinkOutput/APIServiceRevision/metadata/scope/name\", \"type\": \"string\", \"order\": 18, \"title\": \"name\", \"value\": {\"type\": \"string\", \"requiredFlag\": false}, \"isLeaf\": true, \"hasChildren\": false, \"isChildrenSet\": false, \"dataElementType\": \"string\"}, {\"key\": \"/GetAPIServiceRevisionFromSelfLinkOutput/APIServiceRevision/metadata/scope/title\", \"type\": \"string\", \"order\": 19, \"title\": \"title\", \"value\": {\"type\": \"string\", \"requiredFlag\": false}, \"isLeaf\": true, \"hasChildren\": false, \"isChildrenSet\": false, \"dataElementType\": \"string\"}, {\"key\": \"/GetAPIServiceRevisionFromSelfLinkOutput/APIServiceRevision/metadata/scope/selfLink\", \"type\": \"string\", \"order\": 20, \"title\": \"selfLink\", \"value\": {\"type\": \"string\", \"requiredFlag\": false}, \"isLeaf\": true, \"hasChildren\": false, \"isChildrenSet\": false, \"dataElementType\": \"string\"}], \"hasChildren\": false, \"isChildrenSet\": false, \"dataElementType\": \"document\"}, {\"key\": \"/GetAPIServiceRevisionFromSelfLinkOutput/APIServiceRevision/metadata/acl[]\", \"type\": \"array\", \"order\": 21, \"title\": \"acl\", \"value\": {\"type\": \"array\", \"requiredFlag\": false}, \"isLeaf\": false, \"hasChildren\": false, \"isChildrenSet\": false, \"dataElementType\": \"objectArray\"}, {\"key\": \"/GetAPIServiceRevisionFromSelfLinkOutput/APIServiceRevision/metadata/accessRights\", \"type\": \"object\", \"order\": 22, \"title\": \"accessRights\", \"value\": {\"type\": \"object\", \"requiredFlag\": false}, \"isLeaf\": false, \"children\": [{\"key\": \"/GetAPIServiceRevisionFromSelfLinkOutput/APIServiceRevision/metadata/accessRights/canChangeOwner\", \"type\": \"boolean\", \"order\": 23, \"title\": \"canChangeOwner\", \"value\": {\"type\": \"boolean\", \"requiredFlag\": false}, \"isLeaf\": true, \"hasChildren\": false, \"isChildrenSet\": false, \"dataElementType\": \"boolean\"}, {\"key\": \"/GetAPIServiceRevisionFromSelfLinkOutput/APIServiceRevision/metadata/accessRights/canDelete\", \"type\": \"boolean\", \"order\": 24, \"title\": \"canDelete\", \"value\": {\"type\": \"boolean\", \"requiredFlag\": false}, \"isLeaf\": true, \"hasChildren\": false, \"isChildrenSet\": false, \"dataElementType\": \"boolean\"}, {\"key\": \"/GetAPIServiceRevisionFromSelfLinkOutput/APIServiceRevision/metadata/accessRights/canWrite\", \"type\": \"boolean\", \"order\": 25, \"title\": \"canWrite\", \"value\": {\"type\": \"boolean\", \"requiredFlag\": false}, \"isLeaf\": true, \"hasChildren\": false, \"isChildrenSet\": false, \"dataElementType\": \"boolean\"}, {\"key\": \"/GetAPIServiceRevisionFromSelfLinkOutput/APIServiceRevision/metadata/accessRights/canRead\", \"type\": \"boolean\", \"order\": 26, \"title\": \"canRead\", \"value\": {\"type\": \"boolean\", \"requiredFlag\": false}, \"isLeaf\": true, \"hasChildren\": false, \"isChildrenSet\": false, \"dataElementType\": \"boolean\"}], \"hasChildren\": false, \"isChildrenSet\": false, \"dataElementType\": \"document\"}, {\"key\": \"/GetAPIServiceRevisionFromSelfLinkOutput/APIServiceRevision/metadata/resourceVersion\", \"type\": \"string\", \"order\": 27, \"title\": \"resourceVersion\", \"value\": {\"type\": \"string\", \"requiredFlag\": false}, \"isLeaf\": true, \"hasChildren\": false, \"isChildrenSet\": false, \"dataElementType\": \"string\"}, {\"key\": \"/GetAPIServiceRevisionFromSelfLinkOutput/APIServiceRevision/metadata/references[]\", \"type\": \"array\", \"order\": 28, \"title\": \"references\", \"value\": {\"type\": \"array\", \"requiredFlag\": false}, \"isLeaf\": false, \"children\": [{\"key\": \"/GetAPIServiceRevisionFromSelfLinkOutput/APIServiceRevision/metadata/references[]/id\", \"type\": \"string\", \"order\": 29, \"title\": \"id\", \"value\": {\"type\": \"string\", \"requiredFlag\": false}, \"isLeaf\": true, \"hasChildren\": false, \"isChildrenSet\": false, \"dataElementType\": \"string\"}, {\"key\": \"/GetAPIServiceRevisionFromSelfLinkOutput/APIServiceRevision/metadata/references[]/kind\", \"type\": \"string\", \"order\": 30, \"title\": \"kind\", \"value\": {\"type\": \"string\", \"requiredFlag\": false}, \"isLeaf\": true, \"hasChildren\": false, \"isChildrenSet\": false, \"dataElementType\": \"string\"}, {\"key\": \"/GetAPIServiceRevisionFromSelfLinkOutput/APIServiceRevision/metadata/references[]/name\", \"type\": \"string\", \"order\": 31, \"title\": \"name\", \"value\": {\"type\": \"string\", \"requiredFlag\": false}, \"isLeaf\": true, \"hasChildren\": false, \"isChildrenSet\": false, \"dataElementType\": \"string\"}, {\"key\": \"/GetAPIServiceRevisionFromSelfLinkOutput/APIServiceRevision/metadata/references[]/selfLink\", \"type\": \"string\", \"order\": 32, \"title\": \"selfLink\", \"value\": {\"type\": \"string\", \"requiredFlag\": false}, \"isLeaf\": true, \"hasChildren\": false, \"isChildrenSet\": false, \"dataElementType\": \"string\"}, {\"key\": \"/GetAPIServiceRevisionFromSelfLinkOutput/APIServiceRevision/metadata/references[]/type\", \"type\": \"string\", \"order\": 33, \"title\": \"type\", \"value\": {\"type\": \"string\", \"requiredFlag\": false}, \"isLeaf\": true, \"hasChildren\": false, \"isChildrenSet\": false, \"dataElementType\": \"string\"}, {\"key\": \"/GetAPIServiceRevisionFromSelfLinkOutput/APIServiceRevision/metadata/references[]/group\", \"type\": \"string\", \"order\": 34, \"title\": \"group\", \"value\": {\"type\": \"string\", \"requiredFlag\": false}, \"isLeaf\": true, \"hasChildren\": false, \"isChildrenSet\": false, \"dataElementType\": \"string\"}, {\"key\": \"/GetAPIServiceRevisionFromSelfLinkOutput/APIServiceRevision/metadata/references[]/scopeKind\", \"type\": \"string\", \"order\": 35, \"title\": \"scopeKind\", \"value\": {\"type\": \"string\", \"requiredFlag\": false}, \"isLeaf\": true, \"hasChildren\": false, \"isChildrenSet\": false, \"dataElementType\": \"string\"}, {\"key\": \"/GetAPIServiceRevisionFromSelfLinkOutput/APIServiceRevision/metadata/references[]/scopeName\", \"type\": \"string\", \"order\": 36, \"title\": \"scopeName\", \"value\": {\"type\": \"string\", \"requiredFlag\": false}, \"isLeaf\": true, \"hasChildren\": false, \"isChildrenSet\": false, \"dataElementType\": \"string\"}], \"hasChildren\": false, \"isChildrenSet\": false, \"dataElementType\": \"documentArray\"}, {\"key\": \"/GetAPIServiceRevisionFromSelfLinkOutput/APIServiceRevision/metadata/selfLink\", \"type\": \"string\", \"order\": 37, \"title\": \"selfLink\", \"value\": {\"type\": \"string\", \"requiredFlag\": false}, \"isLeaf\": true, \"hasChildren\": false, \"isChildrenSet\": false, \"dataElementType\": \"string\"}], \"hasChildren\": false, \"isChildrenSet\": false, \"dataElementType\": \"document\"}, {\"key\": \"/GetAPIServiceRevisionFromSelfLinkOutput/APIServiceRevision/attributes\", \"type\": \"object\", \"order\": 38, \"title\": \"attributes\", \"value\": {\"type\": \"object\", \"requiredFlag\": false}, \"isLeaf\": false, \"hasChildren\": false, \"isChildrenSet\": false, \"dataElementType\": \"object\"}, {\"key\": \"/GetAPIServiceRevisionFromSelfLinkOutput/APIServiceRevision/finalizers[]\", \"type\": \"array\", \"order\": 39, \"title\": \"finalizers\", \"value\": {\"type\": \"array\", \"requiredFlag\": false}, \"isLeaf\": false, \"hasChildren\": false, \"isChildrenSet\": false, \"dataElementType\": \"objectArray\"}, {\"key\": \"/GetAPIServiceRevisionFromSelfLinkOutput/APIServiceRevision/tags[]\", \"type\": \"array\", \"order\": 40, \"title\": \"tags\", \"value\": {\"type\": \"array\", \"requiredFlag\": false}, \"isLeaf\": false, \"hasChildren\": false, \"isChildrenSet\": false, \"dataElementType\": \"stringArray\"}, {\"key\": \"/GetAPIServiceRevisionFromSelfLinkOutput/APIServiceRevision/spec\", \"type\": \"object\", \"order\": 41, \"title\": \"spec\", \"value\": {\"type\": \"object\", \"requiredFlag\": false}, \"isLeaf\": false, \"children\": [{\"key\": \"/GetAPIServiceRevisionFromSelfLinkOutput/APIServiceRevision/spec/apiService\", \"type\": \"string\", \"order\": 42, \"title\": \"apiService\", \"value\": {\"type\": \"string\", \"requiredFlag\": false}, \"isLeaf\": true, \"hasChildren\": false, \"isChildrenSet\": false, \"dataElementType\": \"string\"}, {\"key\": \"/GetAPIServiceRevisionFromSelfLinkOutput/APIServiceRevision/spec/definition\", \"type\": \"object\", \"order\": 43, \"title\": \"definition\", \"value\": {\"type\": \"object\", \"requiredFlag\": false}, \"isLeaf\": false, \"children\": [{\"key\": \"/GetAPIServiceRevisionFromSelfLinkOutput/APIServiceRevision/spec/definition/type\", \"type\": \"string\", \"order\": 44, \"title\": \"type\", \"value\": {\"type\": \"string\", \"requiredFlag\": false}, \"isLeaf\": true, \"hasChildren\": false, \"isChildrenSet\": false, \"dataElementType\": \"string\"}, {\"key\": \"/GetAPIServiceRevisionFromSelfLinkOutput/APIServiceRevision/spec/definition/value\", \"type\": \"string\", \"order\": 45, \"title\": \"value\", \"value\": {\"type\": \"string\", \"requiredFlag\": false}, \"isLeaf\": true, \"hasChildren\": false, \"isChildrenSet\": false, \"dataElementType\": \"string\"}, {\"key\": \"/GetAPIServiceRevisionFromSelfLinkOutput/APIServiceRevision/spec/definition/version\", \"type\": \"string\", \"order\": 46, \"title\": \"version\", \"value\": {\"type\": \"string\", \"requiredFlag\": false}, \"isLeaf\": true, \"hasChildren\": false, \"isChildrenSet\": false, \"dataElementType\": \"string\"}, {\"key\": \"/GetAPIServiceRevisionFromSelfLinkOutput/APIServiceRevision/spec/definition/contentType\", \"type\": \"string\", \"order\": 47, \"title\": \"contentType\", \"value\": {\"type\": \"string\", \"requiredFlag\": false}, \"isLeaf\": true, \"hasChildren\": false, \"isChildrenSet\": false, \"dataElementType\": \"string\"}], \"hasChildren\": false, \"isChildrenSet\": false, \"dataElementType\": \"document\"}], \"hasChildren\": false, \"isChildrenSet\": false, \"dataElementType\": \"document\"}, {\"key\": \"/GetAPIServiceRevisionFromSelfLinkOutput/APIServiceRevision/compliance\", \"type\": \"object\", \"order\": 48, \"title\": \"compliance\", \"value\": {\"type\": \"object\", \"requiredFlag\": false}, \"isLeaf\": false, \"children\": [{\"key\": \"/GetAPIServiceRevisionFromSelfLinkOutput/APIServiceRevision/compliance/design\", \"type\": \"object\", \"order\": 49, \"title\": \"design\", \"value\": {\"type\": \"object\", \"requiredFlag\": false}, \"isLeaf\": false, \"children\": [{\"key\": \"/GetAPIServiceRevisionFromSelfLinkOutput/APIServiceRevision/compliance/design/state\", \"type\": \"string\", \"order\": 50, \"title\": \"state\", \"value\": {\"type\": \"string\", \"requiredFlag\": false}, \"isLeaf\": true, \"hasChildren\": false, \"isChildrenSet\": false, \"dataElementType\": \"string\"}, {\"key\": \"/GetAPIServiceRevisionFromSelfLinkOutput/APIServiceRevision/compliance/design/result\", \"type\": \"object\", \"order\": 51, \"title\": \"result\", \"value\": {\"type\": \"object\", \"requiredFlag\": false}, \"isLeaf\": false, \"children\": [{\"key\": \"/GetAPIServiceRevisionFromSelfLinkOutput/APIServiceRevision/compliance/design/result/grade\", \"type\": \"string\", \"order\": 52, \"title\": \"grade\", \"value\": {\"type\": \"string\", \"requiredFlag\": false}, \"isLeaf\": true, \"hasChildren\": false, \"isChildrenSet\": false, \"dataElementType\": \"string\"}, {\"key\": \"/GetAPIServiceRevisionFromSelfLinkOutput/APIServiceRevision/compliance/design/result/hintCount\", \"type\": \"integer\", \"order\": 53, \"title\": \"hintCount\", \"value\": {\"type\": \"integer\", \"requiredFlag\": false}, \"isLeaf\": true, \"hasChildren\": false, \"isChildrenSet\": false, \"dataElementType\": \"integer\"}, {\"key\": \"/GetAPIServiceRevisionFromSelfLinkOutput/APIServiceRevision/compliance/design/result/infoCount\", \"type\": \"integer\", \"order\": 54, \"title\": \"infoCount\", \"value\": {\"type\": \"integer\", \"requiredFlag\": false}, \"isLeaf\": true, \"hasChildren\": false, \"isChildrenSet\": false, \"dataElementType\": \"integer\"}, {\"key\": \"/GetAPIServiceRevisionFromSelfLinkOutput/APIServiceRevision/compliance/design/result/errorCount\", \"type\": \"integer\", \"order\": 55, \"title\": \"errorCount\", \"value\": {\"type\": \"integer\", \"requiredFlag\": false}, \"isLeaf\": true, \"hasChildren\": false, \"isChildrenSet\": false, \"dataElementType\": \"integer\"}, {\"key\": \"/GetAPIServiceRevisionFromSelfLinkOutput/APIServiceRevision/compliance/design/result/warningCount\", \"type\": \"integer\", \"order\": 56, \"title\": \"warningCount\", \"value\": {\"type\": \"integer\", \"requiredFlag\": false}, \"isLeaf\": true, \"hasChildren\": false, \"isChildrenSet\": false, \"dataElementType\": \"integer\"}], \"hasChildren\": false, \"isChildrenSet\": false, \"dataElementType\": \"document\"}, {\"key\": \"/GetAPIServiceRevisionFromSelfLinkOutput/APIServiceRevision/compliance/design/ruleset\", \"type\": \"string\", \"order\": 57, \"title\": \"ruleset\", \"value\": {\"type\": \"string\", \"requiredFlag\": false}, \"isLeaf\": true, \"hasChildren\": false, \"isChildrenSet\": false, \"dataElementType\": \"string\"}, {\"key\": \"/GetAPIServiceRevisionFromSelfLinkOutput/APIServiceRevision/compliance/design/rulesetFileName\", \"type\": \"string\", \"order\": 58, \"title\": \"rulesetFileName\", \"value\": {\"type\": \"string\", \"requiredFlag\": false}, \"isLeaf\": true, \"hasChildren\": false, \"isChildrenSet\": false, \"dataElementType\": \"string\"}, {\"key\": \"/GetAPIServiceRevisionFromSelfLinkOutput/APIServiceRevision/compliance/design/apiSpecLintingJob\", \"type\": \"string\", \"order\": 59, \"title\": \"apiSpecLintingJob\", \"value\": {\"type\": \"string\", \"requiredFlag\": false}, \"isLeaf\": true, \"hasChildren\": false, \"isChildrenSet\": false, \"dataElementType\": \"string\"}], \"hasChildren\": false, \"isChildrenSet\": false, \"dataElementType\": \"document\"}, {\"key\": \"/GetAPIServiceRevisionFromSelfLinkOutput/APIServiceRevision/compliance/security\", \"type\": \"object\", \"order\": 60, \"title\": \"security\", \"value\": {\"type\": \"object\", \"requiredFlag\": false}, \"isLeaf\": false, \"children\": [{\"key\": \"/GetAPIServiceRevisionFromSelfLinkOutput/APIServiceRevision/compliance/security/state\", \"type\": \"string\", \"order\": 61, \"title\": \"state\", \"value\": {\"type\": \"string\", \"requiredFlag\": false}, \"isLeaf\": true, \"hasChildren\": false, \"isChildrenSet\": false, \"dataElementType\": \"string\"}, {\"key\": \"/GetAPIServiceRevisionFromSelfLinkOutput/APIServiceRevision/compliance/security/result\", \"type\": \"object\", \"order\": 62, \"title\": \"result\", \"value\": {\"type\": \"object\", \"requiredFlag\": false}, \"isLeaf\": false, \"children\": [{\"key\": \"/GetAPIServiceRevisionFromSelfLinkOutput/APIServiceRevision/compliance/security/result/grade\", \"type\": \"string\", \"order\": 63, \"title\": \"grade\", \"value\": {\"type\": \"string\", \"requiredFlag\": false}, \"isLeaf\": true, \"hasChildren\": false, \"isChildrenSet\": false, \"dataElementType\": \"string\"}, {\"key\": \"/GetAPIServiceRevisionFromSelfLinkOutput/APIServiceRevision/compliance/security/result/hintCount\", \"type\": \"integer\", \"order\": 64, \"title\": \"hintCount\", \"value\": {\"type\": \"integer\", \"requiredFlag\": false}, \"isLeaf\": true, \"hasChildren\": false, \"isChildrenSet\": false, \"dataElementType\": \"integer\"}, {\"key\": \"/GetAPIServiceRevisionFromSelfLinkOutput/APIServiceRevision/compliance/security/result/infoCount\", \"type\": \"integer\", \"order\": 65, \"title\": \"infoCount\", \"value\": {\"type\": \"integer\", \"requiredFlag\": false}, \"isLeaf\": true, \"hasChildren\": false, \"isChildrenSet\": false, \"dataElementType\": \"integer\"}, {\"key\": \"/GetAPIServiceRevisionFromSelfLinkOutput/APIServiceRevision/compliance/security/result/errorCount\", \"type\": \"integer\", \"order\": 66, \"title\": \"errorCount\", \"value\": {\"type\": \"integer\", \"requiredFlag\": false}, \"isLeaf\": true, \"hasChildren\": false, \"isChildrenSet\": false, \"dataElementType\": \"integer\"}, {\"key\": \"/GetAPIServiceRevisionFromSelfLinkOutput/APIServiceRevision/compliance/security/result/warningCount\", \"type\": \"integer\", \"order\": 67, \"title\": \"warningCount\", \"value\": {\"type\": \"integer\", \"requiredFlag\": false}, \"isLeaf\": true, \"hasChildren\": false, \"isChildrenSet\": false, \"dataElementType\": \"integer\"}], \"hasChildren\": false, \"isChildrenSet\": false, \"dataElementType\": \"document\"}, {\"key\": \"/GetAPIServiceRevisionFromSelfLinkOutput/APIServiceRevision/compliance/security/ruleset\", \"type\": \"string\", \"order\": 68, \"title\": \"ruleset\", \"value\": {\"type\": \"string\", \"requiredFlag\": false}, \"isLeaf\": true, \"hasChildren\": false, \"isChildrenSet\": false, \"dataElementType\": \"string\"}, {\"key\": \"/GetAPIServiceRevisionFromSelfLinkOutput/APIServiceRevision/compliance/security/rulesetFileName\", \"type\": \"string\", \"order\": 69, \"title\": \"rulesetFileName\", \"value\": {\"type\": \"string\", \"requiredFlag\": false}, \"isLeaf\": true, \"hasChildren\": false, \"isChildrenSet\": false, \"dataElementType\": \"string\"}, {\"key\": \"/GetAPIServiceRevisionFromSelfLinkOutput/APIServiceRevision/compliance/security/apiSpecLintingJob\", \"type\": \"string\", \"order\": 70, \"title\": \"apiSpecLintingJob\", \"value\": {\"type\": \"string\", \"requiredFlag\": false}, \"isLeaf\": true, \"hasChildren\": false, \"isChildrenSet\": false, \"dataElementType\": \"string\"}], \"hasChildren\": false, \"isChildrenSet\": false, \"dataElementType\": \"document\"}], \"hasChildren\": false, \"isChildrenSet\": false, \"dataElementType\": \"document\"}, {\"key\": \"/GetAPIServiceRevisionFromSelfLinkOutput/APIServiceRevision/x-agent-details\", \"type\": \"object\", \"order\": 71, \"title\": \"x-agent-details\", \"value\": {\"type\": \"object\", \"requiredFlag\": false}, \"isLeaf\": false, \"children\": [{\"key\": \"/GetAPIServiceRevisionFromSelfLinkOutput/APIServiceRevision/x-agent-details/ProdHash\", \"type\": \"string\", \"order\": 72, \"title\": \"ProdHash\", \"value\": {\"type\": \"string\", \"requiredFlag\": false}, \"isLeaf\": true, \"hasChildren\": false, \"isChildrenSet\": false, \"dataElementType\": \"string\"}, {\"key\": \"/GetAPIServiceRevisionFromSelfLinkOutput/APIServiceRevision/x-agent-details/createdBy\", \"type\": \"string\", \"order\": 73, \"title\": \"createdBy\", \"value\": {\"type\": \"string\", \"requiredFlag\": false}, \"isLeaf\": true, \"hasChildren\": false, \"isChildrenSet\": false, \"dataElementType\": \"string\"}, {\"key\": \"/GetAPIServiceRevisionFromSelfLinkOutput/APIServiceRevision/x-agent-details/externalAPIID\", \"type\": \"string\", \"order\": 74, \"title\": \"externalAPIID\", \"value\": {\"type\": \"string\", \"requiredFlag\": false}, \"isLeaf\": true, \"hasChildren\": false, \"isChildrenSet\": false, \"dataElementType\": \"string\"}, {\"key\": \"/GetAPIServiceRevisionFromSelfLinkOutput/APIServiceRevision/x-agent-details/externalAPIName\", \"type\": \"string\", \"order\": 75, \"title\": \"externalAPIName\", \"value\": {\"type\": \"string\", \"requiredFlag\": false}, \"isLeaf\": true, \"hasChildren\": false, \"isChildrenSet\": false, \"dataElementType\": \"string\"}, {\"key\": \"/GetAPIServiceRevisionFromSelfLinkOutput/APIServiceRevision/x-agent-details/externalAPIStage\", \"type\": \"string\", \"order\": 76, \"title\": \"externalAPIStage\", \"value\": {\"type\": \"string\", \"requiredFlag\": false}, \"isLeaf\": true, \"hasChildren\": false, \"isChildrenSet\": false, \"dataElementType\": \"string\"}], \"hasChildren\": false, \"isChildrenSet\": false, \"dataElementType\": \"document\"}], \"editAllow\": true, \"iSReference\": true, \"projectName\": \"AmplifyCentralIntegrationUtils\", \"dataObjectName\": \"API Service Revision\", \"dataElementType\": \"document\"}], \"childrenSet\": false, \"hasChildren\": false, \"dataElementType\": \"document\", \"documentReference\": [{\"id\": \"6df0a344-09bc-4a9e-815b-60f605c48695\", \"referenceName\": \"AmplifyCentralIntegrationUtils.API Service Revision\"}]}]",
    "null" : false
  },
  "service_input_json_schema" : {
    "type" : "jsonb",
    "value" : "{\"required\": [], \"properties\": {\"GetAPIServiceRevisionFromSelfLinkInput\": {\"type\": \"object\", \"required\": [], \"properties\": {\"selfLink\": {\"type\": \"string\"}}, \"additionalProperties\": false}}, \"additionalProperties\": false}",
    "null" : false
  },
  "service_output_json_schema" : {
    "type" : "jsonb",
    "value" : "{\"required\": [], \"properties\": {\"GetAPIServiceRevisionFromSelfLinkOutput\": {\"type\": \"object\", \"required\": [], \"properties\": {\"APIServiceRevision\": {}}, \"additionalProperties\": false}}, \"additionalProperties\": false}",
    "null" : false
  },
  "type" : "SERVICE",
  "error_handler" : false,
  "tag" : "EMPTY",
  "active" : true,
  "is_changed" : false,
  "comment" : "Added Amplify Traceability Connector",
  "base_tag" : "V24",
  "test_input" : {
    "type" : "jsonb",
    "value" : "{}",
    "null" : false
  },
  "test_input_structure" : {
    "type" : "jsonb",
    "value" : "[{\"id\": \"a5ed9fe9-03ce-4ab6-bafb-4ddbe21c7856\", \"key\": \"/GetAPIServiceRevisionFromSelfLinkInput\", \"type\": \"object\", \"order\": 1, \"title\": \"GetAPIServiceRevisionFromSelfLinkInput\", \"value\": {\"type\": \"object\"}, \"isLeaf\": false, \"children\": [{\"id\": \"2ea2e080-975a-4723-a49b-1d8e33cb9670\", \"key\": \"/GetAPIServiceRevisionFromSelfLinkInput/selfLink\", \"edit\": false, \"type\": \"node\", \"order\": 1, \"title\": \"selfLink\", \"value\": {\"type\": \"string\"}, \"children\": [], \"editAllow\": true, \"dataElementType\": \"string\"}], \"childrenSet\": false, \"hasChildren\": false, \"dataElementType\": \"document\", \"documentReference\": []}]",
    "null" : false
  }
}