{
  "id" : "a176b2e2-48f2-412c-9b25-c57a7d01676c",
  "name" : "GetAPISpecLintingRulesetFromSelfLink",
  "description" : "Get API Spec Linting Ruleset From SelfLink",
  "iserror" : false,
  "no_of_errors" : 0,
  "service_input" : {
    "type" : "jsonb",
    "value" : "[{\"id\": \"5bf67af7-0841-49e1-83e6-8700ca9d273e\", \"key\": \"/GetAPISpecLintingRulesetFromSelfLinkInput\", \"type\": \"object\", \"order\": 1, \"title\": \"GetAPISpecLintingRulesetFromSelfLinkInput\", \"value\": {\"type\": \"object\"}, \"isLeaf\": false, \"children\": [{\"id\": \"fbbe8ec2-4960-4fcd-8c2f-ae8e47258b36\", \"key\": \"/GetAPISpecLintingRulesetFromSelfLinkInput/selfLink\", \"edit\": false, \"type\": \"node\", \"order\": 1, \"title\": \"selfLink\", \"value\": {\"type\": \"string\"}, \"children\": [], \"editAllow\": true, \"dataElementType\": \"string\"}], \"childrenSet\": false, \"hasChildren\": false, \"dataElementType\": \"document\", \"documentReference\": []}]",
    "null" : false
  },
  "service_output" : {
    "type" : "jsonb",
    "value" : "[{\"id\": \"1b8d6678-9cd0-4840-90d7-86ab50304bd9\", \"key\": \"/GetAPISpecLintingRulesetFromSelfLinkOutput\", \"type\": \"object\", \"order\": 1, \"title\": \"GetAPISpecLintingRulesetFromSelfLinkOutput\", \"value\": {\"type\": \"object\"}, \"isLeaf\": false, \"children\": [{\"id\": \"8b5ccf07-3ddf-4c69-92e9-9c7d17a10f0c\", \"key\": \"/GetAPISpecLintingRulesetFromSelfLinkOutput/APISpecLintingRuleset\", \"edit\": false, \"type\": \"node\", \"order\": 1, \"title\": \"APISpecLintingRuleset\", \"value\": {}, \"children\": [{\"key\": \"/GetAPISpecLintingRulesetFromSelfLinkOutput/APISpecLintingRuleset/group\", \"type\": \"string\", \"order\": 1, \"title\": \"group\", \"value\": {\"type\": \"string\", \"requiredFlag\": false}, \"isLeaf\": true, \"hasChildren\": false, \"isChildrenSet\": false, \"dataElementType\": \"string\"}, {\"key\": \"/GetAPISpecLintingRulesetFromSelfLinkOutput/APISpecLintingRuleset/apiVersion\", \"type\": \"string\", \"order\": 2, \"title\": \"apiVersion\", \"value\": {\"type\": \"string\", \"requiredFlag\": false}, \"isLeaf\": true, \"hasChildren\": false, \"isChildrenSet\": false, \"dataElementType\": \"string\"}, {\"key\": \"/GetAPISpecLintingRulesetFromSelfLinkOutput/APISpecLintingRuleset/kind\", \"type\": \"string\", \"order\": 3, \"title\": \"kind\", \"value\": {\"type\": \"string\", \"requiredFlag\": false}, \"isLeaf\": true, \"hasChildren\": false, \"isChildrenSet\": false, \"dataElementType\": \"string\"}, {\"key\": \"/GetAPISpecLintingRulesetFromSelfLinkOutput/APISpecLintingRuleset/name\", \"type\": \"string\", \"order\": 4, \"title\": \"name\", \"value\": {\"type\": \"string\", \"requiredFlag\": false}, \"isLeaf\": true, \"hasChildren\": false, \"isChildrenSet\": false, \"dataElementType\": \"string\"}, {\"key\": \"/GetAPISpecLintingRulesetFromSelfLinkOutput/APISpecLintingRuleset/title\", \"type\": \"string\", \"order\": 5, \"title\": \"title\", \"value\": {\"type\": \"string\", \"requiredFlag\": false}, \"isLeaf\": true, \"hasChildren\": false, \"isChildrenSet\": false, \"dataElementType\": \"string\"}, {\"key\": \"/GetAPISpecLintingRulesetFromSelfLinkOutput/APISpecLintingRuleset/metadata\", \"type\": \"object\", \"order\": 6, \"title\": \"metadata\", \"value\": {\"type\": \"object\", \"requiredFlag\": false}, \"isLeaf\": false, \"children\": [{\"key\": \"/GetAPISpecLintingRulesetFromSelfLinkOutput/APISpecLintingRuleset/metadata/id\", \"type\": \"string\", \"order\": 7, \"title\": \"id\", \"value\": {\"type\": \"string\", \"requiredFlag\": false}, \"isLeaf\": true, \"hasChildren\": false, \"isChildrenSet\": false, \"dataElementType\": \"string\"}, {\"key\": \"/GetAPISpecLintingRulesetFromSelfLinkOutput/APISpecLintingRuleset/metadata/audit\", \"type\": \"object\", \"order\": 8, \"title\": \"audit\", \"value\": {\"type\": \"object\", \"requiredFlag\": false}, \"isLeaf\": false, \"children\": [{\"key\": \"/GetAPISpecLintingRulesetFromSelfLinkOutput/APISpecLintingRuleset/metadata/audit/createTimestamp\", \"type\": \"string\", \"order\": 9, \"title\": \"createTimestamp\", \"value\": {\"type\": \"string\", \"requiredFlag\": false}, \"isLeaf\": true, \"hasChildren\": false, \"isChildrenSet\": false, \"dataElementType\": \"string\"}, {\"key\": \"/GetAPISpecLintingRulesetFromSelfLinkOutput/APISpecLintingRuleset/metadata/audit/createUserId\", \"type\": \"string\", \"order\": 10, \"title\": \"createUserId\", \"value\": {\"type\": \"string\", \"requiredFlag\": false}, \"isLeaf\": true, \"hasChildren\": false, \"isChildrenSet\": false, \"dataElementType\": \"string\"}, {\"key\": \"/GetAPISpecLintingRulesetFromSelfLinkOutput/APISpecLintingRuleset/metadata/audit/modifyTimestamp\", \"type\": \"string\", \"order\": 11, \"title\": \"modifyTimestamp\", \"value\": {\"type\": \"string\", \"requiredFlag\": false}, \"isLeaf\": true, \"hasChildren\": false, \"isChildrenSet\": false, \"dataElementType\": \"string\"}, {\"key\": \"/GetAPISpecLintingRulesetFromSelfLinkOutput/APISpecLintingRuleset/metadata/audit/modifyUserId\", \"type\": \"string\", \"order\": 12, \"title\": \"modifyUserId\", \"value\": {\"type\": \"string\", \"requiredFlag\": false}, \"isLeaf\": true, \"hasChildren\": false, \"isChildrenSet\": false, \"dataElementType\": \"string\"}], \"hasChildren\": false, \"isChildrenSet\": false, \"dataElementType\": \"document\"}, {\"key\": \"/GetAPISpecLintingRulesetFromSelfLinkOutput/APISpecLintingRuleset/metadata/acl[]\", \"type\": \"array\", \"order\": 13, \"title\": \"acl\", \"value\": {\"type\": \"array\", \"requiredFlag\": false}, \"isLeaf\": false, \"hasChildren\": false, \"isChildrenSet\": false, \"dataElementType\": \"objectArray\"}, {\"key\": \"/GetAPISpecLintingRulesetFromSelfLinkOutput/APISpecLintingRuleset/metadata/accessRights\", \"type\": \"object\", \"order\": 14, \"title\": \"accessRights\", \"value\": {\"type\": \"object\", \"requiredFlag\": false}, \"isLeaf\": false, \"children\": [{\"key\": \"/GetAPISpecLintingRulesetFromSelfLinkOutput/APISpecLintingRuleset/metadata/accessRights/canChangeOwner\", \"type\": \"boolean\", \"order\": 15, \"title\": \"canChangeOwner\", \"value\": {\"type\": \"boolean\", \"requiredFlag\": false}, \"isLeaf\": true, \"hasChildren\": false, \"isChildrenSet\": false, \"dataElementType\": \"boolean\"}, {\"key\": \"/GetAPISpecLintingRulesetFromSelfLinkOutput/APISpecLintingRuleset/metadata/accessRights/canDelete\", \"type\": \"boolean\", \"order\": 16, \"title\": \"canDelete\", \"value\": {\"type\": \"boolean\", \"requiredFlag\": false}, \"isLeaf\": true, \"hasChildren\": false, \"isChildrenSet\": false, \"dataElementType\": \"boolean\"}, {\"key\": \"/GetAPISpecLintingRulesetFromSelfLinkOutput/APISpecLintingRuleset/metadata/accessRights/canWrite\", \"type\": \"boolean\", \"order\": 17, \"title\": \"canWrite\", \"value\": {\"type\": \"boolean\", \"requiredFlag\": false}, \"isLeaf\": true, \"hasChildren\": false, \"isChildrenSet\": false, \"dataElementType\": \"boolean\"}, {\"key\": \"/GetAPISpecLintingRulesetFromSelfLinkOutput/APISpecLintingRuleset/metadata/accessRights/canRead\", \"type\": \"boolean\", \"order\": 18, \"title\": \"canRead\", \"value\": {\"type\": \"boolean\", \"requiredFlag\": false}, \"isLeaf\": true, \"hasChildren\": false, \"isChildrenSet\": false, \"dataElementType\": \"boolean\"}], \"hasChildren\": false, \"isChildrenSet\": false, \"dataElementType\": \"document\"}, {\"key\": \"/GetAPISpecLintingRulesetFromSelfLinkOutput/APISpecLintingRuleset/metadata/resourceVersion\", \"type\": \"string\", \"order\": 19, \"title\": \"resourceVersion\", \"value\": {\"type\": \"string\", \"requiredFlag\": false}, \"isLeaf\": true, \"hasChildren\": false, \"isChildrenSet\": false, \"dataElementType\": \"string\"}, {\"key\": \"/GetAPISpecLintingRulesetFromSelfLinkOutput/APISpecLintingRuleset/metadata/references[]\", \"type\": \"array\", \"order\": 20, \"title\": \"references\", \"value\": {\"type\": \"array\", \"requiredFlag\": false}, \"isLeaf\": false, \"hasChildren\": false, \"isChildrenSet\": false, \"dataElementType\": \"objectArray\"}, {\"key\": \"/GetAPISpecLintingRulesetFromSelfLinkOutput/APISpecLintingRuleset/metadata/selfLink\", \"type\": \"string\", \"order\": 21, \"title\": \"selfLink\", \"value\": {\"type\": \"string\", \"requiredFlag\": false}, \"isLeaf\": true, \"hasChildren\": false, \"isChildrenSet\": false, \"dataElementType\": \"string\"}], \"hasChildren\": false, \"isChildrenSet\": false, \"dataElementType\": \"document\"}, {\"key\": \"/GetAPISpecLintingRulesetFromSelfLinkOutput/APISpecLintingRuleset/attributes\", \"type\": \"object\", \"order\": 22, \"title\": \"attributes\", \"value\": {\"type\": \"object\", \"requiredFlag\": false}, \"isLeaf\": false, \"hasChildren\": false, \"isChildrenSet\": false, \"dataElementType\": \"object\"}, {\"key\": \"/GetAPISpecLintingRulesetFromSelfLinkOutput/APISpecLintingRuleset/finalizers[]\", \"type\": \"array\", \"order\": 23, \"title\": \"finalizers\", \"value\": {\"type\": \"array\", \"requiredFlag\": false}, \"isLeaf\": false, \"hasChildren\": false, \"isChildrenSet\": false, \"dataElementType\": \"objectArray\"}, {\"key\": \"/GetAPISpecLintingRulesetFromSelfLinkOutput/APISpecLintingRuleset/tags[]\", \"type\": \"array\", \"order\": 24, \"title\": \"tags\", \"value\": {\"type\": \"array\", \"requiredFlag\": false}, \"isLeaf\": false, \"hasChildren\": false, \"isChildrenSet\": false, \"dataElementType\": \"stringArray\"}, {\"key\": \"/GetAPISpecLintingRulesetFromSelfLinkOutput/APISpecLintingRuleset/spec\", \"type\": \"object\", \"order\": 25, \"title\": \"spec\", \"value\": {\"type\": \"object\", \"requiredFlag\": false}, \"isLeaf\": false, \"children\": [{\"key\": \"/GetAPISpecLintingRulesetFromSelfLinkOutput/APISpecLintingRuleset/spec/definition\", \"type\": \"object\", \"order\": 26, \"title\": \"definition\", \"value\": {\"type\": \"object\", \"requiredFlag\": false}, \"isLeaf\": false, \"children\": [{\"key\": \"/GetAPISpecLintingRulesetFromSelfLinkOutput/APISpecLintingRuleset/spec/definition/value\", \"type\": \"string\", \"order\": 27, \"title\": \"value\", \"value\": {\"type\": \"string\", \"requiredFlag\": false}, \"isLeaf\": true, \"hasChildren\": false, \"isChildrenSet\": false, \"dataElementType\": \"string\"}, {\"key\": \"/GetAPISpecLintingRulesetFromSelfLinkOutput/APISpecLintingRuleset/spec/definition/apiTypes[]\", \"type\": \"array\", \"order\": 28, \"title\": \"apiTypes\", \"value\": {\"type\": \"array\", \"requiredFlag\": false}, \"isLeaf\": false, \"hasChildren\": false, \"isChildrenSet\": false, \"dataElementType\": \"stringArray\"}, {\"key\": \"/GetAPISpecLintingRulesetFromSelfLinkOutput/APISpecLintingRuleset/spec/definition/fileName\", \"type\": \"string\", \"order\": 29, \"title\": \"fileName\", \"value\": {\"type\": \"string\", \"requiredFlag\": false}, \"isLeaf\": true, \"hasChildren\": false, \"isChildrenSet\": false, \"dataElementType\": \"string\"}, {\"key\": \"/GetAPISpecLintingRulesetFromSelfLinkOutput/APISpecLintingRuleset/spec/definition/contentType\", \"type\": \"string\", \"order\": 30, \"title\": \"contentType\", \"value\": {\"type\": \"string\", \"requiredFlag\": false}, \"isLeaf\": true, \"hasChildren\": false, \"isChildrenSet\": false, \"dataElementType\": \"string\"}, {\"key\": \"/GetAPISpecLintingRulesetFromSelfLinkOutput/APISpecLintingRuleset/spec/definition/lintingType\", \"type\": \"string\", \"order\": 31, \"title\": \"lintingType\", \"value\": {\"type\": \"string\", \"requiredFlag\": false}, \"isLeaf\": true, \"hasChildren\": false, \"isChildrenSet\": false, \"dataElementType\": \"string\"}], \"hasChildren\": false, \"isChildrenSet\": false, \"dataElementType\": \"document\"}], \"hasChildren\": false, \"isChildrenSet\": false, \"dataElementType\": \"document\"}, {\"key\": \"/GetAPISpecLintingRulesetFromSelfLinkOutput/APISpecLintingRuleset/revision\", \"type\": \"integer\", \"order\": 32, \"title\": \"revision\", \"value\": {\"type\": \"integer\", \"requiredFlag\": false}, \"isLeaf\": true, \"hasChildren\": false, \"isChildrenSet\": false, \"dataElementType\": \"integer\"}], \"editAllow\": true, \"iSReference\": true, \"projectName\": \"AmplifyCentralIntegrationUtils\", \"dataObjectName\": \"API Spec Linting Ruleset\", \"dataElementType\": \"document\"}], \"childrenSet\": false, \"hasChildren\": false, \"dataElementType\": \"document\", \"documentReference\": [{\"id\": \"767055cc-999d-48e2-abd9-022e5a533116\", \"referenceName\": \"AmplifyCentralIntegrationUtils.API Spec Linting Ruleset\"}]}]",
    "null" : false
  },
  "service_input_json_schema" : {
    "type" : "jsonb",
    "value" : "{\"required\": [], \"properties\": {\"GetAPISpecLintingRulesetFromSelfLinkInput\": {\"type\": \"object\", \"required\": [], \"properties\": {\"selfLink\": {\"type\": \"string\"}}, \"additionalProperties\": false}}, \"additionalProperties\": false}",
    "null" : false
  },
  "service_output_json_schema" : {
    "type" : "jsonb",
    "value" : "{\"required\": [], \"properties\": {\"GetAPISpecLintingRulesetFromSelfLinkOutput\": {\"type\": \"object\", \"required\": [], \"properties\": {\"APISpecLintingRuleset\": {}}, \"additionalProperties\": false}}, \"additionalProperties\": false}",
    "null" : false
  },
  "type" : "SERVICE",
  "error_handler" : false,
  "tag" : "EMPTY",
  "active" : true,
  "is_changed" : false,
  "comment" : "Added Amplify Traceability Connector",
  "base_tag" : "V24",
  "test_input" : {
    "type" : "jsonb",
    "value" : "{}",
    "null" : false
  },
  "test_input_structure" : {
    "type" : "jsonb",
    "value" : "[{\"id\": \"5bf67af7-0841-49e1-83e6-8700ca9d273e\", \"key\": \"/GetAPISpecLintingRulesetFromSelfLinkInput\", \"type\": \"object\", \"order\": 1, \"title\": \"GetAPISpecLintingRulesetFromSelfLinkInput\", \"value\": {\"type\": \"object\"}, \"isLeaf\": false, \"children\": [{\"id\": \"fbbe8ec2-4960-4fcd-8c2f-ae8e47258b36\", \"key\": \"/GetAPISpecLintingRulesetFromSelfLinkInput/selfLink\", \"edit\": false, \"type\": \"node\", \"order\": 1, \"title\": \"selfLink\", \"value\": {\"type\": \"string\"}, \"children\": [], \"editAllow\": true, \"dataElementType\": \"string\"}], \"childrenSet\": false, \"hasChildren\": false, \"dataElementType\": \"document\", \"documentReference\": []}]",
    "null" : false
  }
}