{
  "id" : "41ee4c75-7f1a-4933-9e3b-4312184aab52",
  "name" : "GetConsumerOrgFromMarketplaceName",
  "description" : "Get Consumer Org From Marketplace Name",
  "iserror" : false,
  "no_of_errors" : 0,
  "service_input" : {
    "type" : "jsonb",
    "value" : "[{\"id\": \"6a139e54-f310-4015-ae97-d75b4b5b91f6\", \"key\": \"/GetConsumerOrgFromMarketplaceNameInput\", \"type\": \"object\", \"order\": 1, \"title\": \"GetConsumerOrgFromMarketplaceNameInput\", \"value\": {\"type\": \"object\"}, \"isLeaf\": false, \"children\": [{\"id\": \"f54f03c9-4de4-44a1-9c7a-45fd3c7bed0f\", \"key\": \"/GetConsumerOrgFromMarketplaceNameInput/MarketplaceName\", \"edit\": false, \"type\": \"node\", \"order\": 1, \"title\": \"MarketplaceName\", \"value\": {\"type\": \"string\"}, \"children\": [], \"editAllow\": true, \"dataElementType\": \"string\"}], \"childrenSet\": false, \"hasChildren\": false, \"dataElementType\": \"document\", \"documentReference\": []}]",
    "null" : false
  },
  "service_output" : {
    "type" : "jsonb",
    "value" : "[{\"id\": \"369e1220-c821-4ef2-a87b-7d53f7e731cb\", \"key\": \"/GetConsumerOrgFromMarketplaceNameOutput\", \"type\": \"object\", \"order\": 1, \"title\": \"GetConsumerOrgFromMarketplaceNameOutput\", \"value\": {\"type\": \"object\"}, \"isLeaf\": false, \"children\": [{\"id\": \"eb6cdcfa-9fe3-4b58-bd62-96171a8a1a59\", \"key\": \"/GetConsumerOrgFromMarketplaceNameOutput/ConsumerOrgs\", \"edit\": false, \"type\": \"node\", \"order\": 1, \"title\": \"ConsumerOrgs\", \"value\": {}, \"children\": [{\"key\": \"/GetConsumerOrgFromMarketplaceNameOutput/ConsumerOrgs/JsonArray[]\", \"type\": \"array\", \"order\": 1, \"title\": \"JsonArray\", \"value\": {\"type\": \"array\", \"requiredFlag\": false}, \"isLeaf\": false, \"children\": [{\"key\": \"/GetConsumerOrgFromMarketplaceNameOutput/ConsumerOrgs/JsonArray[]/name\", \"type\": \"string\", \"order\": 2, \"title\": \"name\", \"value\": {\"type\": \"string\", \"requiredFlag\": false}, \"isLeaf\": true, \"hasChildren\": false, \"isChildrenSet\": false, \"dataElementType\": \"string\"}, {\"key\": \"/GetConsumerOrgFromMarketplaceNameOutput/ConsumerOrgs/JsonArray[]/active\", \"type\": \"boolean\", \"order\": 3, \"title\": \"active\", \"value\": {\"type\": \"boolean\", \"requiredFlag\": false}, \"isLeaf\": true, \"hasChildren\": false, \"isChildrenSet\": false, \"dataElementType\": \"boolean\"}, {\"key\": \"/GetConsumerOrgFromMarketplaceNameOutput/ConsumerOrgs/JsonArray[]/guid\", \"type\": \"string\", \"order\": 4, \"title\": \"guid\", \"value\": {\"type\": \"string\", \"requiredFlag\": false}, \"isLeaf\": true, \"hasChildren\": false, \"isChildrenSet\": false, \"dataElementType\": \"string\"}, {\"key\": \"/GetConsumerOrgFromMarketplaceNameOutput/ConsumerOrgs/JsonArray[]/org_id\", \"type\": \"integer\", \"order\": 5, \"title\": \"org_id\", \"value\": {\"type\": \"integer\", \"requiredFlag\": false}, \"isLeaf\": true, \"hasChildren\": false, \"isChildrenSet\": false, \"dataElementType\": \"integer\"}, {\"key\": \"/GetConsumerOrgFromMarketplaceNameOutput/ConsumerOrgs/JsonArray[]/users\", \"type\": \"integer\", \"order\": 6, \"title\": \"users\", \"value\": {\"type\": \"integer\", \"requiredFlag\": false}, \"isLeaf\": true, \"hasChildren\": false, \"isChildrenSet\": false, \"dataElementType\": \"integer\"}, {\"key\": \"/GetConsumerOrgFromMarketplaceNameOutput/ConsumerOrgs/JsonArray[]/teams[]\", \"type\": \"array\", \"order\": 7, \"title\": \"teams\", \"value\": {\"type\": \"array\", \"requiredFlag\": false}, \"isLeaf\": false, \"children\": [{\"key\": \"/GetConsumerOrgFromMarketplaceNameOutput/ConsumerOrgs/JsonArray[]/teams[]/guid\", \"type\": \"string\", \"order\": 8, \"title\": \"guid\", \"value\": {\"type\": \"string\", \"requiredFlag\": false}, \"isLeaf\": true, \"hasChildren\": false, \"isChildrenSet\": false, \"dataElementType\": \"string\"}, {\"key\": \"/GetConsumerOrgFromMarketplaceNameOutput/ConsumerOrgs/JsonArray[]/teams[]/name\", \"type\": \"string\", \"order\": 9, \"title\": \"name\", \"value\": {\"type\": \"string\", \"requiredFlag\": false}, \"isLeaf\": true, \"hasChildren\": false, \"isChildrenSet\": false, \"dataElementType\": \"string\"}, {\"key\": \"/GetConsumerOrgFromMarketplaceNameOutput/ConsumerOrgs/JsonArray[]/teams[]/users\", \"type\": \"integer\", \"order\": 10, \"title\": \"users\", \"value\": {\"type\": \"integer\", \"requiredFlag\": false}, \"isLeaf\": true, \"hasChildren\": false, \"isChildrenSet\": false, \"dataElementType\": \"integer\"}], \"hasChildren\": false, \"isChildrenSet\": false, \"dataElementType\": \"documentArray\"}], \"hasChildren\": false, \"isChildrenSet\": false, \"dataElementType\": \"documentArray\"}], \"editAllow\": true, \"iSReference\": true, \"projectName\": \"AmplifyCentralIntegrationUtils\", \"dataObjectName\": \"Consumer Organizations\", \"dataElementType\": \"document\"}], \"childrenSet\": false, \"hasChildren\": false, \"dataElementType\": \"document\", \"documentReference\": [{\"id\": \"5b6bfc36-ec17-48f6-9f62-136ead7c636d\", \"referenceName\": \"AmplifyCentralIntegrationUtils.Consumer Organizations\"}]}]",
    "null" : false
  },
  "service_input_json_schema" : {
    "type" : "jsonb",
    "value" : "{\"required\": [], \"properties\": {\"GetConsumerOrgFromMarketplaceNameInput\": {\"type\": \"object\", \"required\": [], \"properties\": {\"MarketplaceName\": {\"type\": \"string\"}}, \"additionalProperties\": false}}, \"additionalProperties\": false}",
    "null" : false
  },
  "service_output_json_schema" : {
    "type" : "jsonb",
    "value" : "{\"required\": [], \"properties\": {\"GetConsumerOrgFromMarketplaceNameOutput\": {\"type\": \"object\", \"required\": [], \"properties\": {\"ConsumerOrgs\": {}}, \"additionalProperties\": false}}, \"additionalProperties\": false}",
    "null" : false
  },
  "type" : "SERVICE",
  "error_handler" : false,
  "tag" : "EMPTY",
  "active" : true,
  "is_changed" : false,
  "comment" : "Added Amplify Traceability Connector",
  "base_tag" : "V24",
  "test_input" : {
    "type" : "jsonb",
    "value" : "{}",
    "null" : false
  },
  "test_input_structure" : {
    "type" : "jsonb",
    "value" : "[{\"id\": \"6a139e54-f310-4015-ae97-d75b4b5b91f6\", \"key\": \"/GetConsumerOrgFromMarketplaceNameInput\", \"type\": \"object\", \"order\": 1, \"title\": \"GetConsumerOrgFromMarketplaceNameInput\", \"value\": {\"type\": \"object\"}, \"isLeaf\": false, \"children\": [{\"id\": \"f54f03c9-4de4-44a1-9c7a-45fd3c7bed0f\", \"key\": \"/GetConsumerOrgFromMarketplaceNameInput/MarketplaceName\", \"edit\": false, \"type\": \"node\", \"order\": 1, \"title\": \"MarketplaceName\", \"value\": {\"type\": \"string\"}, \"children\": [], \"editAllow\": true, \"dataElementType\": \"string\"}], \"childrenSet\": false, \"hasChildren\": false, \"dataElementType\": \"document\", \"documentReference\": []}]",
    "null" : false
  }
}