{
  "id" : "e875e211-f369-4504-a78c-207fd14a4fa9",
  "name" : "GetOrgFromOrgId",
  "description" : "Get Platform Organization From Org Id",
  "iserror" : false,
  "no_of_errors" : 0,
  "service_input" : {
    "type" : "jsonb",
    "value" : "[{\"id\": \"7902076c-7cd4-470e-bf4c-044923820ed5\", \"key\": \"/GetOrgFromOrgIdInput\", \"type\": \"object\", \"order\": 1, \"title\": \"GetOrgFromOrgIdInput\", \"value\": {\"type\": \"object\"}, \"isLeaf\": false, \"children\": [{\"id\": \"594b50a4-6d0a-4292-813c-3dbc45ecc22a\", \"key\": \"/GetOrgFromOrgIdInput/OrgId\", \"edit\": false, \"type\": \"node\", \"order\": 1, \"title\": \"OrgId\", \"value\": {\"type\": \"string\"}, \"children\": [], \"editAllow\": true, \"dataElementType\": \"string\"}], \"childrenSet\": false, \"hasChildren\": false, \"dataElementType\": \"document\", \"documentReference\": []}]",
    "null" : false
  },
  "service_output" : {
    "type" : "jsonb",
    "value" : "[{\"id\": \"072d9342-8c31-4d36-84f0-12b19f978a86\", \"key\": \"/GetOrgFromOrgIdOutput\", \"type\": \"object\", \"order\": 1, \"title\": \"GetOrgFromOrgIdOutput\", \"value\": {\"type\": \"object\"}, \"isLeaf\": false, \"children\": [{\"id\": \"c9d6efe0-cd20-412e-a25d-8b1db34957c4\", \"key\": \"/GetOrgFromOrgIdOutput/Organization\", \"edit\": false, \"type\": \"node\", \"order\": 1, \"title\": \"Organization\", \"value\": {}, \"children\": [{\"key\": \"/GetOrgFromOrgIdOutput/Organization/_id\", \"type\": \"string\", \"order\": 1, \"title\": \"_id\", \"value\": {\"type\": \"string\", \"requiredFlag\": false}, \"isLeaf\": true, \"hasChildren\": false, \"isChildrenSet\": false, \"dataElementType\": \"string\"}, {\"key\": \"/GetOrgFromOrgIdOutput/Organization/active\", \"type\": \"boolean\", \"order\": 2, \"title\": \"active\", \"value\": {\"type\": \"boolean\", \"requiredFlag\": false}, \"isLeaf\": true, \"hasChildren\": false, \"isChildrenSet\": false, \"dataElementType\": \"boolean\"}, {\"key\": \"/GetOrgFromOrgIdOutput/Organization/children[]\", \"type\": \"array\", \"order\": 3, \"title\": \"children\", \"value\": {\"type\": \"array\", \"requiredFlag\": false}, \"isLeaf\": false, \"hasChildren\": false, \"isChildrenSet\": false, \"dataElementType\": \"stringArray\"}, {\"key\": \"/GetOrgFromOrgIdOutput/Organization/created\", \"type\": \"string\", \"order\": 4, \"title\": \"created\", \"value\": {\"type\": \"string\", \"requiredFlag\": false}, \"isLeaf\": true, \"hasChildren\": false, \"isChildrenSet\": false, \"dataElementType\": \"string\"}, {\"key\": \"/GetOrgFromOrgIdOutput/Organization/guid\", \"type\": \"string\", \"order\": 5, \"title\": \"guid\", \"value\": {\"type\": \"string\", \"requiredFlag\": false}, \"isLeaf\": true, \"hasChildren\": false, \"isChildrenSet\": false, \"dataElementType\": \"string\"}, {\"key\": \"/GetOrgFromOrgIdOutput/Organization/has_apps\", \"type\": \"boolean\", \"order\": 6, \"title\": \"has_apps\", \"value\": {\"type\": \"boolean\", \"requiredFlag\": false}, \"isLeaf\": true, \"hasChildren\": false, \"isChildrenSet\": false, \"dataElementType\": \"boolean\"}, {\"key\": \"/GetOrgFromOrgIdOutput/Organization/logged_in_count\", \"type\": \"integer\", \"order\": 7, \"title\": \"logged_in_count\", \"value\": {\"type\": \"integer\", \"requiredFlag\": false}, \"isLeaf\": true, \"hasChildren\": false, \"isChildrenSet\": false, \"dataElementType\": \"integer\"}, {\"key\": \"/GetOrgFromOrgIdOutput/Organization/name\", \"type\": \"string\", \"order\": 8, \"title\": \"name\", \"value\": {\"type\": \"string\", \"requiredFlag\": false}, \"isLeaf\": true, \"hasChildren\": false, \"isChildrenSet\": false, \"dataElementType\": \"string\"}, {\"key\": \"/GetOrgFromOrgIdOutput/Organization/org_id\", \"type\": \"integer\", \"order\": 9, \"title\": \"org_id\", \"value\": {\"type\": \"integer\", \"requiredFlag\": false}, \"isLeaf\": true, \"hasChildren\": false, \"isChildrenSet\": false, \"dataElementType\": \"integer\"}, {\"key\": \"/GetOrgFromOrgIdOutput/Organization/users[]\", \"type\": \"array\", \"order\": 10, \"title\": \"users\", \"value\": {\"type\": \"array\", \"requiredFlag\": false}, \"isLeaf\": false, \"children\": [{\"key\": \"/GetOrgFromOrgIdOutput/Organization/users[]/guid\", \"type\": \"string\", \"order\": 11, \"title\": \"guid\", \"value\": {\"type\": \"string\", \"requiredFlag\": false}, \"isLeaf\": true, \"hasChildren\": false, \"isChildrenSet\": false, \"dataElementType\": \"string\"}, {\"key\": \"/GetOrgFromOrgIdOutput/Organization/users[]/roles[]\", \"type\": \"array\", \"order\": 12, \"title\": \"roles\", \"value\": {\"type\": \"array\", \"requiredFlag\": false}, \"isLeaf\": false, \"hasChildren\": false, \"isChildrenSet\": false, \"dataElementType\": \"stringArray\"}, {\"key\": \"/GetOrgFromOrgIdOutput/Organization/users[]/primary\", \"type\": \"boolean\", \"order\": 13, \"title\": \"primary\", \"value\": {\"type\": \"boolean\", \"requiredFlag\": false}, \"isLeaf\": true, \"hasChildren\": false, \"isChildrenSet\": false, \"dataElementType\": \"boolean\"}], \"hasChildren\": false, \"isChildrenSet\": false, \"dataElementType\": \"documentArray\"}, {\"key\": \"/GetOrgFromOrgIdOutput/Organization/updated\", \"type\": \"string\", \"order\": 14, \"title\": \"updated\", \"value\": {\"type\": \"string\", \"requiredFlag\": false}, \"isLeaf\": true, \"hasChildren\": false, \"isChildrenSet\": false, \"dataElementType\": \"string\"}, {\"key\": \"/GetOrgFromOrgIdOutput/Organization/subscriptions[]\", \"type\": \"array\", \"order\": 15, \"title\": \"subscriptions\", \"value\": {\"type\": \"array\", \"requiredFlag\": false}, \"isLeaf\": false, \"children\": [{\"key\": \"/GetOrgFromOrgIdOutput/Organization/subscriptions[]/id\", \"type\": \"string\", \"order\": 16, \"title\": \"id\", \"value\": {\"type\": \"string\", \"requiredFlag\": false}, \"isLeaf\": true, \"hasChildren\": false, \"isChildrenSet\": false, \"dataElementType\": \"string\"}, {\"key\": \"/GetOrgFromOrgIdOutput/Organization/subscriptions[]/source\", \"type\": \"string\", \"order\": 17, \"title\": \"source\", \"value\": {\"type\": \"string\", \"requiredFlag\": false}, \"isLeaf\": true, \"hasChildren\": false, \"isChildrenSet\": false, \"dataElementType\": \"string\"}, {\"key\": \"/GetOrgFromOrgIdOutput/Organization/subscriptions[]/product\", \"type\": \"string\", \"order\": 18, \"title\": \"product\", \"value\": {\"type\": \"string\", \"requiredFlag\": false}, \"isLeaf\": true, \"hasChildren\": false, \"isChildrenSet\": false, \"dataElementType\": \"string\"}, {\"key\": \"/GetOrgFromOrgIdOutput/Organization/subscriptions[]/plan\", \"type\": \"string\", \"order\": 19, \"title\": \"plan\", \"value\": {\"type\": \"string\", \"requiredFlag\": false}, \"isLeaf\": true, \"hasChildren\": false, \"isChildrenSet\": false, \"dataElementType\": \"string\"}, {\"key\": \"/GetOrgFromOrgIdOutput/Organization/subscriptions[]/tier\", \"type\": \"string\", \"order\": 20, \"title\": \"tier\", \"value\": {\"type\": \"string\", \"requiredFlag\": false}, \"isLeaf\": true, \"hasChildren\": false, \"isChildrenSet\": false, \"dataElementType\": \"string\"}, {\"key\": \"/GetOrgFromOrgIdOutput/Organization/subscriptions[]/governance\", \"type\": \"string\", \"order\": 21, \"title\": \"governance\", \"value\": {\"type\": \"string\", \"requiredFlag\": false}, \"isLeaf\": true, \"hasChildren\": false, \"isChildrenSet\": false, \"dataElementType\": \"string\"}, {\"key\": \"/GetOrgFromOrgIdOutput/Organization/subscriptions[]/start_date\", \"type\": \"string\", \"order\": 22, \"title\": \"start_date\", \"value\": {\"type\": \"string\", \"requiredFlag\": false}, \"isLeaf\": true, \"hasChildren\": false, \"isChildrenSet\": false, \"dataElementType\": \"string\"}, {\"key\": \"/GetOrgFromOrgIdOutput/Organization/subscriptions[]/end_date\", \"type\": \"string\", \"order\": 23, \"title\": \"end_date\", \"value\": {\"type\": \"string\", \"requiredFlag\": false}, \"isLeaf\": true, \"hasChildren\": false, \"isChildrenSet\": false, \"dataElementType\": \"string\"}, {\"key\": \"/GetOrgFromOrgIdOutput/Organization/subscriptions[]/entitlements[]\", \"type\": \"array\", \"order\": 24, \"title\": \"entitlements\", \"value\": {\"type\": \"array\", \"requiredFlag\": false}, \"isLeaf\": false, \"children\": [{\"key\": \"/GetOrgFromOrgIdOutput/Organization/subscriptions[]/entitlements[]/key\", \"type\": \"string\", \"order\": 25, \"title\": \"key\", \"value\": {\"type\": \"string\", \"requiredFlag\": false}, \"isLeaf\": true, \"hasChildren\": false, \"isChildrenSet\": false, \"dataElementType\": \"string\"}, {\"key\": \"/GetOrgFromOrgIdOutput/Organization/subscriptions[]/entitlements[]/value[]\", \"type\": \"array\", \"order\": 26, \"title\": \"value\", \"value\": {\"type\": \"array\", \"requiredFlag\": false}, \"isLeaf\": false, \"hasChildren\": false, \"isChildrenSet\": false, \"dataElementType\": \"stringArray\"}], \"hasChildren\": false, \"isChildrenSet\": false, \"dataElementType\": \"documentArray\"}, {\"key\": \"/GetOrgFromOrgIdOutput/Organization/subscriptions[]/expired\", \"type\": \"boolean\", \"order\": 27, \"title\": \"expired\", \"value\": {\"type\": \"boolean\", \"requiredFlag\": false}, \"isLeaf\": true, \"hasChildren\": false, \"isChildrenSet\": false, \"dataElementType\": \"boolean\"}], \"hasChildren\": false, \"isChildrenSet\": false, \"dataElementType\": \"documentArray\"}, {\"key\": \"/GetOrgFromOrgIdOutput/Organization/last_login\", \"type\": \"string\", \"order\": 28, \"title\": \"last_login\", \"value\": {\"type\": \"string\", \"requiredFlag\": false}, \"isLeaf\": true, \"hasChildren\": false, \"isChildrenSet\": false, \"dataElementType\": \"string\"}, {\"key\": \"/GetOrgFromOrgIdOutput/Organization/api_central\", \"type\": \"object\", \"order\": 29, \"title\": \"api_central\", \"value\": {\"type\": \"object\", \"requiredFlag\": false}, \"isLeaf\": false, \"children\": [{\"key\": \"/GetOrgFromOrgIdOutput/Organization/api_central/requested_date\", \"type\": \"string\", \"order\": 30, \"title\": \"requested_date\", \"value\": {\"type\": \"string\", \"requiredFlag\": false}, \"isLeaf\": true, \"hasChildren\": false, \"isChildrenSet\": false, \"dataElementType\": \"string\"}, {\"key\": \"/GetOrgFromOrgIdOutput/Organization/api_central/state\", \"type\": \"string\", \"order\": 31, \"title\": \"state\", \"value\": {\"type\": \"string\", \"requiredFlag\": false}, \"isLeaf\": true, \"hasChildren\": false, \"isChildrenSet\": false, \"dataElementType\": \"string\"}, {\"key\": \"/GetOrgFromOrgIdOutput/Organization/api_central/provisioned\", \"type\": \"boolean\", \"order\": 32, \"title\": \"provisioned\", \"value\": {\"type\": \"boolean\", \"requiredFlag\": false}, \"isLeaf\": true, \"hasChildren\": false, \"isChildrenSet\": false, \"dataElementType\": \"boolean\"}, {\"key\": \"/GetOrgFromOrgIdOutput/Organization/api_central/provisioned_date\", \"type\": \"string\", \"order\": 33, \"title\": \"provisioned_date\", \"value\": {\"type\": \"string\", \"requiredFlag\": false}, \"isLeaf\": true, \"hasChildren\": false, \"isChildrenSet\": false, \"dataElementType\": \"string\"}], \"hasChildren\": false, \"isChildrenSet\": false, \"dataElementType\": \"document\"}, {\"key\": \"/GetOrgFromOrgIdOutput/Organization/cloud_elements\", \"type\": \"object\", \"order\": 34, \"title\": \"cloud_elements\", \"value\": {\"type\": \"object\", \"requiredFlag\": false}, \"isLeaf\": false, \"children\": [{\"key\": \"/GetOrgFromOrgIdOutput/Organization/cloud_elements/requested_date\", \"type\": \"string\", \"order\": 35, \"title\": \"requested_date\", \"value\": {\"type\": \"string\", \"requiredFlag\": false}, \"isLeaf\": true, \"hasChildren\": false, \"isChildrenSet\": false, \"dataElementType\": \"string\"}, {\"key\": \"/GetOrgFromOrgIdOutput/Organization/cloud_elements/state\", \"type\": \"string\", \"order\": 36, \"title\": \"state\", \"value\": {\"type\": \"string\", \"requiredFlag\": false}, \"isLeaf\": true, \"hasChildren\": false, \"isChildrenSet\": false, \"dataElementType\": \"string\"}, {\"key\": \"/GetOrgFromOrgIdOutput/Organization/cloud_elements/provisioned\", \"type\": \"boolean\", \"order\": 37, \"title\": \"provisioned\", \"value\": {\"type\": \"boolean\", \"requiredFlag\": false}, \"isLeaf\": true, \"hasChildren\": false, \"isChildrenSet\": false, \"dataElementType\": \"boolean\"}, {\"key\": \"/GetOrgFromOrgIdOutput/Organization/cloud_elements/requested_envs[]\", \"type\": \"array\", \"order\": 38, \"title\": \"requested_envs\", \"value\": {\"type\": \"array\", \"requiredFlag\": false}, \"isLeaf\": false, \"hasChildren\": false, \"isChildrenSet\": false, \"dataElementType\": \"stringArray\"}, {\"key\": \"/GetOrgFromOrgIdOutput/Organization/cloud_elements/provisioned_date\", \"type\": \"string\", \"order\": 39, \"title\": \"provisioned_date\", \"value\": {\"type\": \"string\", \"requiredFlag\": false}, \"isLeaf\": true, \"hasChildren\": false, \"isChildrenSet\": false, \"dataElementType\": \"string\"}, {\"key\": \"/GetOrgFromOrgIdOutput/Organization/cloud_elements/provisioned_envs[]\", \"type\": \"array\", \"order\": 40, \"title\": \"provisioned_envs\", \"value\": {\"type\": \"array\", \"requiredFlag\": false}, \"isLeaf\": false, \"hasChildren\": false, \"isChildrenSet\": false, \"dataElementType\": \"stringArray\"}], \"hasChildren\": false, \"isChildrenSet\": false, \"dataElementType\": \"document\"}, {\"key\": \"/GetOrgFromOrgIdOutput/Organization/last_push\", \"type\": \"string\", \"order\": 41, \"title\": \"last_push\", \"value\": {\"type\": \"string\", \"requiredFlag\": false}, \"isLeaf\": true, \"hasChildren\": false, \"isChildrenSet\": false, \"dataElementType\": \"string\"}, {\"key\": \"/GetOrgFromOrgIdOutput/Organization/internal\", \"type\": \"boolean\", \"order\": 42, \"title\": \"internal\", \"value\": {\"type\": \"boolean\", \"requiredFlag\": false}, \"isLeaf\": true, \"hasChildren\": false, \"isChildrenSet\": false, \"dataElementType\": \"boolean\"}, {\"key\": \"/GetOrgFromOrgIdOutput/Organization/branding\", \"type\": \"object\", \"order\": 43, \"title\": \"branding\", \"value\": {\"type\": \"object\", \"requiredFlag\": false}, \"isLeaf\": false, \"children\": [{\"key\": \"/GetOrgFromOrgIdOutput/Organization/branding/catalog_header_left\", \"type\": \"string\", \"order\": 44, \"title\": \"catalog_header_left\", \"value\": {\"type\": \"string\", \"requiredFlag\": false}, \"isLeaf\": true, \"hasChildren\": false, \"isChildrenSet\": false, \"dataElementType\": \"string\"}, {\"key\": \"/GetOrgFromOrgIdOutput/Organization/branding/catalog_header_right\", \"type\": \"string\", \"order\": 45, \"title\": \"catalog_header_right\", \"value\": {\"type\": \"string\", \"requiredFlag\": false}, \"isLeaf\": true, \"hasChildren\": false, \"isChildrenSet\": false, \"dataElementType\": \"string\"}, {\"key\": \"/GetOrgFromOrgIdOutput/Organization/branding/catalog_tile_border\", \"type\": \"string\", \"order\": 46, \"title\": \"catalog_tile_border\", \"value\": {\"type\": \"string\", \"requiredFlag\": false}, \"isLeaf\": true, \"hasChildren\": false, \"isChildrenSet\": false, \"dataElementType\": \"string\"}, {\"key\": \"/GetOrgFromOrgIdOutput/Organization/branding/catalog_tile_border_hover\", \"type\": \"string\", \"order\": 47, \"title\": \"catalog_tile_border_hover\", \"value\": {\"type\": \"string\", \"requiredFlag\": false}, \"isLeaf\": true, \"hasChildren\": false, \"isChildrenSet\": false, \"dataElementType\": \"string\"}], \"hasChildren\": false, \"isChildrenSet\": false, \"dataElementType\": \"document\"}, {\"key\": \"/GetOrgFromOrgIdOutput/Organization/analytics\", \"type\": \"object\", \"order\": 48, \"title\": \"analytics\", \"value\": {\"type\": \"object\", \"requiredFlag\": false}, \"isLeaf\": false, \"children\": [{\"key\": \"/GetOrgFromOrgIdOutput/Organization/analytics/token\", \"type\": \"string\", \"order\": 49, \"title\": \"token\", \"value\": {\"type\": \"string\", \"requiredFlag\": false}, \"isLeaf\": true, \"hasChildren\": false, \"isChildrenSet\": false, \"dataElementType\": \"string\"}], \"hasChildren\": false, \"isChildrenSet\": false, \"dataElementType\": \"document\"}, {\"key\": \"/GetOrgFromOrgIdOutput/Organization/region\", \"type\": \"string\", \"order\": 50, \"title\": \"region\", \"value\": {\"type\": \"string\", \"requiredFlag\": false}, \"isLeaf\": true, \"hasChildren\": false, \"isChildrenSet\": false, \"dataElementType\": \"string\"}, {\"key\": \"/GetOrgFromOrgIdOutput/Organization/last_push_success\", \"type\": \"boolean\", \"order\": 51, \"title\": \"last_push_success\", \"value\": {\"type\": \"boolean\", \"requiredFlag\": false}, \"isLeaf\": true, \"hasChildren\": false, \"isChildrenSet\": false, \"dataElementType\": \"boolean\"}, {\"key\": \"/GetOrgFromOrgIdOutput/Organization/created_by\", \"type\": \"object\", \"order\": 52, \"title\": \"created_by\", \"value\": {\"type\": \"object\", \"requiredFlag\": false}, \"isLeaf\": false, \"children\": [{\"key\": \"/GetOrgFromOrgIdOutput/Organization/created_by/guid\", \"type\": \"string\", \"order\": 53, \"title\": \"guid\", \"value\": {\"type\": \"string\", \"requiredFlag\": false}, \"isLeaf\": true, \"hasChildren\": false, \"isChildrenSet\": false, \"dataElementType\": \"string\"}, {\"key\": \"/GetOrgFromOrgIdOutput/Organization/created_by/type\", \"type\": \"string\", \"order\": 54, \"title\": \"type\", \"value\": {\"type\": \"string\", \"requiredFlag\": false}, \"isLeaf\": true, \"hasChildren\": false, \"isChildrenSet\": false, \"dataElementType\": \"string\"}], \"hasChildren\": false, \"isChildrenSet\": false, \"dataElementType\": \"document\"}, {\"key\": \"/GetOrgFromOrgIdOutput/Organization/security\", \"type\": \"object\", \"order\": 55, \"title\": \"security\", \"value\": {\"type\": \"object\", \"requiredFlag\": false}, \"isLeaf\": false, \"children\": [{\"key\": \"/GetOrgFromOrgIdOutput/Organization/security/disable_analytics\", \"type\": \"boolean\", \"order\": 56, \"title\": \"disable_analytics\", \"value\": {\"type\": \"boolean\", \"requiredFlag\": false}, \"isLeaf\": true, \"hasChildren\": false, \"isChildrenSet\": false, \"dataElementType\": \"boolean\"}], \"hasChildren\": false, \"isChildrenSet\": false, \"dataElementType\": \"document\"}, {\"key\": \"/GetOrgFromOrgIdOutput/Organization/entitlements\", \"type\": \"object\", \"order\": 57, \"title\": \"entitlements\", \"value\": {\"type\": \"object\", \"requiredFlag\": false}, \"isLeaf\": false, \"children\": [{\"key\": \"/GetOrgFromOrgIdOutput/Organization/entitlements/Tokens\", \"type\": \"integer\", \"order\": 58, \"title\": \"Tokens\", \"value\": {\"type\": \"integer\", \"requiredFlag\": false}, \"isLeaf\": true, \"hasChildren\": false, \"isChildrenSet\": false, \"dataElementType\": \"integer\"}, {\"key\": \"/GetOrgFromOrgIdOutput/Organization/entitlements/APIM.Transactions\", \"type\": \"integer\", \"order\": 59, \"title\": \"APIM.Transactions\", \"value\": {\"type\": \"integer\", \"requiredFlag\": false}, \"isLeaf\": true, \"hasChildren\": false, \"isChildrenSet\": false, \"dataElementType\": \"integer\"}, {\"key\": \"/GetOrgFromOrgIdOutput/Organization/entitlements/AgentSDK.Transactions\", \"type\": \"integer\", \"order\": 60, \"title\": \"AgentSDK.Transactions\", \"value\": {\"type\": \"integer\", \"requiredFlag\": false}, \"isLeaf\": true, \"hasChildren\": false, \"isChildrenSet\": false, \"dataElementType\": \"integer\"}, {\"key\": \"/GetOrgFromOrgIdOutput/Organization/entitlements/APIMAgent.Transactions\", \"type\": \"integer\", \"order\": 61, \"title\": \"APIMAgent.Transactions\", \"value\": {\"type\": \"integer\", \"requiredFlag\": false}, \"isLeaf\": true, \"hasChildren\": false, \"isChildrenSet\": false, \"dataElementType\": \"integer\"}, {\"key\": \"/GetOrgFromOrgIdOutput/Organization/entitlements/APIMG.Transactions\", \"type\": \"integer\", \"order\": 62, \"title\": \"APIMG.Transactions\", \"value\": {\"type\": \"integer\", \"requiredFlag\": false}, \"isLeaf\": true, \"hasChildren\": false, \"isChildrenSet\": false, \"dataElementType\": \"integer\"}, {\"key\": \"/GetOrgFromOrgIdOutput/Organization/entitlements/AWS.Transactions\", \"type\": \"integer\", \"order\": 63, \"title\": \"AWS.Transactions\", \"value\": {\"type\": \"integer\", \"requiredFlag\": false}, \"isLeaf\": true, \"hasChildren\": false, \"isChildrenSet\": false, \"dataElementType\": \"integer\"}, {\"key\": \"/GetOrgFromOrgIdOutput/Organization/entitlements/Azure.Transactions\", \"type\": \"integer\", \"order\": 64, \"title\": \"Azure.Transactions\", \"value\": {\"type\": \"integer\", \"requiredFlag\": false}, \"isLeaf\": true, \"hasChildren\": false, \"isChildrenSet\": false, \"dataElementType\": \"integer\"}, {\"key\": \"/GetOrgFromOrgIdOutput/Organization/entitlements/APIB.Transactions\", \"type\": \"integer\", \"order\": 65, \"title\": \"APIB.Transactions\", \"value\": {\"type\": \"integer\", \"requiredFlag\": false}, \"isLeaf\": true, \"hasChildren\": false, \"isChildrenSet\": false, \"dataElementType\": \"integer\"}, {\"key\": \"/GetOrgFromOrgIdOutput/Organization/entitlements/Volume\", \"type\": \"integer\", \"order\": 66, \"title\": \"Volume\", \"value\": {\"type\": \"integer\", \"requiredFlag\": false}, \"isLeaf\": true, \"hasChildren\": false, \"isChildrenSet\": false, \"dataElementType\": \"integer\"}, {\"key\": \"/GetOrgFromOrgIdOutput/Organization/entitlements/APIM.Volume\", \"type\": \"integer\", \"order\": 67, \"title\": \"APIM.Volume\", \"value\": {\"type\": \"integer\", \"requiredFlag\": false}, \"isLeaf\": true, \"hasChildren\": false, \"isChildrenSet\": false, \"dataElementType\": \"integer\"}, {\"key\": \"/GetOrgFromOrgIdOutput/Organization/entitlements/Streams.Volume\", \"type\": \"integer\", \"order\": 68, \"title\": \"Streams.Volume\", \"value\": {\"type\": \"integer\", \"requiredFlag\": false}, \"isLeaf\": true, \"hasChildren\": false, \"isChildrenSet\": false, \"dataElementType\": \"integer\"}, {\"key\": \"/GetOrgFromOrgIdOutput/Organization/entitlements/partners[]\", \"type\": \"array\", \"order\": 69, \"title\": \"partners\", \"value\": {\"type\": \"array\", \"requiredFlag\": false}, \"isLeaf\": false, \"hasChildren\": false, \"isChildrenSet\": false, \"dataElementType\": \"stringArray\"}, {\"key\": \"/GetOrgFromOrgIdOutput/Organization/entitlements/Streams.Events\", \"type\": \"integer\", \"order\": 70, \"title\": \"Streams.Events\", \"value\": {\"type\": \"integer\", \"requiredFlag\": false}, \"isLeaf\": true, \"hasChildren\": false, \"isChildrenSet\": false, \"dataElementType\": \"integer\"}, {\"key\": \"/GetOrgFromOrgIdOutput/Organization/entitlements/idp\", \"type\": \"boolean\", \"order\": 71, \"title\": \"idp\", \"value\": {\"type\": \"boolean\", \"requiredFlag\": false}, \"isLeaf\": true, \"hasChildren\": false, \"isChildrenSet\": false, \"dataElementType\": \"boolean\"}, {\"key\": \"/GetOrgFromOrgIdOutput/Organization/entitlements/catalog\", \"type\": \"boolean\", \"order\": 72, \"title\": \"catalog\", \"value\": {\"type\": \"boolean\", \"requiredFlag\": false}, \"isLeaf\": true, \"hasChildren\": false, \"isChildrenSet\": false, \"dataElementType\": \"boolean\"}, {\"key\": \"/GetOrgFromOrgIdOutput/Organization/entitlements/Hub.Assets\", \"type\": \"integer\", \"order\": 73, \"title\": \"Hub.Assets\", \"value\": {\"type\": \"integer\", \"requiredFlag\": false}, \"isLeaf\": true, \"hasChildren\": false, \"isChildrenSet\": false, \"dataElementType\": \"integer\"}, {\"key\": \"/GetOrgFromOrgIdOutput/Organization/entitlements/Hub.Subscriptions\", \"type\": \"integer\", \"order\": 74, \"title\": \"Hub.Subscriptions\", \"value\": {\"type\": \"integer\", \"requiredFlag\": false}, \"isLeaf\": true, \"hasChildren\": false, \"isChildrenSet\": false, \"dataElementType\": \"integer\"}, {\"key\": \"/GetOrgFromOrgIdOutput/Organization/entitlements/Hub.Transactions\", \"type\": \"integer\", \"order\": 75, \"title\": \"Hub.Transactions\", \"value\": {\"type\": \"integer\", \"requiredFlag\": false}, \"isLeaf\": true, \"hasChildren\": false, \"isChildrenSet\": false, \"dataElementType\": \"integer\"}, {\"key\": \"/GetOrgFromOrgIdOutput/Organization/entitlements/public_provider\", \"type\": \"boolean\", \"order\": 76, \"title\": \"public_provider\", \"value\": {\"type\": \"boolean\", \"requiredFlag\": false}, \"isLeaf\": true, \"hasChildren\": false, \"isChildrenSet\": false, \"dataElementType\": \"boolean\"}, {\"key\": \"/GetOrgFromOrgIdOutput/Organization/entitlements/Hub.Marketplaces\", \"type\": \"integer\", \"order\": 77, \"title\": \"Hub.Marketplaces\", \"value\": {\"type\": \"integer\", \"requiredFlag\": false}, \"isLeaf\": true, \"hasChildren\": false, \"isChildrenSet\": false, \"dataElementType\": \"integer\"}, {\"key\": \"/GetOrgFromOrgIdOutput/Organization/entitlements/provider\", \"type\": \"boolean\", \"order\": 78, \"title\": \"provider\", \"value\": {\"type\": \"boolean\", \"requiredFlag\": false}, \"isLeaf\": true, \"hasChildren\": false, \"isChildrenSet\": false, \"dataElementType\": \"boolean\"}], \"hasChildren\": false, \"isChildrenSet\": false, \"dataElementType\": \"document\"}], \"editAllow\": true, \"iSReference\": true, \"projectName\": \"AmplifyCentralIntegrationUtils\", \"dataObjectName\": \"Organization\", \"dataElementType\": \"document\"}], \"childrenSet\": false, \"hasChildren\": false, \"dataElementType\": \"document\", \"documentReference\": [{\"id\": \"419ca94c-cf71-4292-b6c0-d4b35d8ff1c2\", \"referenceName\": \"AmplifyCentralIntegrationUtils.Organization\"}]}]",
    "null" : false
  },
  "service_input_json_schema" : {
    "type" : "jsonb",
    "value" : "{\"required\": [], \"properties\": {\"GetOrgFromOrgIdInput\": {\"type\": \"object\", \"required\": [], \"properties\": {\"OrgId\": {\"type\": \"string\"}}, \"additionalProperties\": false}}, \"additionalProperties\": false}",
    "null" : false
  },
  "service_output_json_schema" : {
    "type" : "jsonb",
    "value" : "{\"required\": [], \"properties\": {\"GetOrgFromOrgIdOutput\": {\"type\": \"object\", \"required\": [], \"properties\": {\"Organization\": {}}, \"additionalProperties\": false}}, \"additionalProperties\": false}",
    "null" : false
  },
  "type" : "SERVICE",
  "error_handler" : false,
  "tag" : "EMPTY",
  "active" : true,
  "is_changed" : false,
  "comment" : "Added Amplify Traceability Connector",
  "base_tag" : "V24",
  "test_input" : {
    "type" : "jsonb",
    "value" : "{}",
    "null" : false
  },
  "test_input_structure" : {
    "type" : "jsonb",
    "value" : "[{\"id\": \"7902076c-7cd4-470e-bf4c-044923820ed5\", \"key\": \"/GetOrgFromOrgIdInput\", \"type\": \"object\", \"order\": 1, \"title\": \"GetOrgFromOrgIdInput\", \"value\": {\"type\": \"object\"}, \"isLeaf\": false, \"children\": [{\"id\": \"594b50a4-6d0a-4292-813c-3dbc45ecc22a\", \"key\": \"/GetOrgFromOrgIdInput/OrgId\", \"edit\": false, \"type\": \"node\", \"order\": 1, \"title\": \"OrgId\", \"value\": {\"type\": \"string\"}, \"children\": [], \"editAllow\": true, \"dataElementType\": \"string\"}], \"childrenSet\": false, \"hasChildren\": false, \"dataElementType\": \"document\", \"documentReference\": []}]",
    "null" : false
  }
}