{
  "id" : "e4576131-313b-471b-b3d9-5fcd7bc76710",
  "name" : "GetTeams",
  "description" : "Get All Teams",
  "iserror" : false,
  "no_of_errors" : 0,
  "service_input" : {
    "type" : "jsonb",
    "value" : "[{\"id\": \"1d3a95bf-790a-431c-a80f-cca9850cd9b3\", \"key\": \"/GetTeamsInput\", \"type\": \"object\", \"order\": 1, \"title\": \"GetTeamsInput\", \"value\": {\"type\": \"object\"}, \"isLeaf\": false, \"children\": [], \"childrenSet\": false, \"hasChildren\": false, \"dataElementType\": \"document\", \"documentReference\": []}]",
    "null" : false
  },
  "service_output" : {
    "type" : "jsonb",
    "value" : "[{\"id\": \"0065fadd-a27a-470b-b03f-aec919213bbd\", \"key\": \"/GetTeamsOutput\", \"type\": \"object\", \"order\": 1, \"title\": \"GetTeamsOutput\", \"value\": {\"type\": \"object\"}, \"isLeaf\": false, \"children\": [{\"id\": \"7a37f71e-0fe3-4496-98ff-b41b575d24f0\", \"key\": \"/GetTeamsOutput/Teams\", \"edit\": false, \"type\": \"node\", \"order\": 1, \"title\": \"Teams\", \"value\": {}, \"children\": [{\"key\": \"/GetTeamsOutput/Teams/JsonArray[]\", \"type\": \"array\", \"order\": 1, \"title\": \"JsonArray\", \"value\": {\"type\": \"array\", \"requiredFlag\": false}, \"isLeaf\": false, \"children\": [{\"key\": \"/GetTeamsOutput/Teams/JsonArray[]/_id\", \"type\": \"string\", \"order\": 2, \"title\": \"_id\", \"value\": {\"type\": \"string\", \"requiredFlag\": false}, \"isLeaf\": true, \"hasChildren\": false, \"isChildrenSet\": false, \"dataElementType\": \"string\"}, {\"key\": \"/GetTeamsOutput/Teams/JsonArray[]/default\", \"type\": \"boolean\", \"order\": 3, \"title\": \"default\", \"value\": {\"type\": \"boolean\", \"requiredFlag\": false}, \"isLeaf\": true, \"hasChildren\": false, \"isChildrenSet\": false, \"dataElementType\": \"boolean\"}, {\"key\": \"/GetTeamsOutput/Teams/JsonArray[]/guid\", \"type\": \"string\", \"order\": 4, \"title\": \"guid\", \"value\": {\"type\": \"string\", \"requiredFlag\": false}, \"isLeaf\": true, \"hasChildren\": false, \"isChildrenSet\": false, \"dataElementType\": \"string\"}, {\"key\": \"/GetTeamsOutput/Teams/JsonArray[]/name\", \"type\": \"string\", \"order\": 5, \"title\": \"name\", \"value\": {\"type\": \"string\", \"requiredFlag\": false}, \"isLeaf\": true, \"hasChildren\": false, \"isChildrenSet\": false, \"dataElementType\": \"string\"}, {\"key\": \"/GetTeamsOutput/Teams/JsonArray[]/tags[]\", \"type\": \"array\", \"order\": 6, \"title\": \"tags\", \"value\": {\"type\": \"array\", \"requiredFlag\": false}, \"isLeaf\": false, \"hasChildren\": false, \"isChildrenSet\": false, \"dataElementType\": \"objectArray\"}, {\"key\": \"/GetTeamsOutput/Teams/JsonArray[]/org_guid\", \"type\": \"string\", \"order\": 7, \"title\": \"org_guid\", \"value\": {\"type\": \"string\", \"requiredFlag\": false}, \"isLeaf\": true, \"hasChildren\": false, \"isChildrenSet\": false, \"dataElementType\": \"string\"}, {\"key\": \"/GetTeamsOutput/Teams/JsonArray[]/created\", \"type\": \"string\", \"order\": 8, \"title\": \"created\", \"value\": {\"type\": \"string\", \"requiredFlag\": false}, \"isLeaf\": true, \"hasChildren\": false, \"isChildrenSet\": false, \"dataElementType\": \"string\"}, {\"key\": \"/GetTeamsOutput/Teams/JsonArray[]/updated\", \"type\": \"string\", \"order\": 9, \"title\": \"updated\", \"value\": {\"type\": \"string\", \"requiredFlag\": false}, \"isLeaf\": true, \"hasChildren\": false, \"isChildrenSet\": false, \"dataElementType\": \"string\"}, {\"key\": \"/GetTeamsOutput/Teams/JsonArray[]/users[]\", \"type\": \"array\", \"order\": 10, \"title\": \"users\", \"value\": {\"type\": \"array\", \"requiredFlag\": false}, \"isLeaf\": false, \"children\": [{\"key\": \"/GetTeamsOutput/Teams/JsonArray[]/users[]/guid\", \"type\": \"string\", \"order\": 11, \"title\": \"guid\", \"value\": {\"type\": \"string\", \"requiredFlag\": false}, \"isLeaf\": true, \"hasChildren\": false, \"isChildrenSet\": false, \"dataElementType\": \"string\"}, {\"key\": \"/GetTeamsOutput/Teams/JsonArray[]/users[]/type\", \"type\": \"string\", \"order\": 12, \"title\": \"type\", \"value\": {\"type\": \"string\", \"requiredFlag\": false}, \"isLeaf\": true, \"hasChildren\": false, \"isChildrenSet\": false, \"dataElementType\": \"string\"}, {\"key\": \"/GetTeamsOutput/Teams/JsonArray[]/users[]/roles[]\", \"type\": \"array\", \"order\": 13, \"title\": \"roles\", \"value\": {\"type\": \"array\", \"requiredFlag\": false}, \"isLeaf\": false, \"hasChildren\": false, \"isChildrenSet\": false, \"dataElementType\": \"stringArray\"}], \"hasChildren\": false, \"isChildrenSet\": false, \"dataElementType\": \"documentArray\"}, {\"key\": \"/GetTeamsOutput/Teams/JsonArray[]/apps[]\", \"type\": \"array\", \"order\": 14, \"title\": \"apps\", \"value\": {\"type\": \"array\", \"requiredFlag\": false}, \"isLeaf\": false, \"hasChildren\": false, \"isChildrenSet\": false, \"dataElementType\": \"objectArray\"}, {\"key\": \"/GetTeamsOutput/Teams/JsonArray[]/_central_migrated\", \"type\": \"boolean\", \"order\": 15, \"title\": \"_central_migrated\", \"value\": {\"type\": \"boolean\", \"requiredFlag\": false}, \"isLeaf\": true, \"hasChildren\": false, \"isChildrenSet\": false, \"dataElementType\": \"boolean\"}, {\"key\": \"/GetTeamsOutput/Teams/JsonArray[]/desc\", \"type\": \"string\", \"order\": 16, \"title\": \"desc\", \"value\": {\"type\": \"string\", \"requiredFlag\": false}, \"isLeaf\": true, \"hasChildren\": false, \"isChildrenSet\": false, \"dataElementType\": \"string\"}], \"hasChildren\": false, \"isChildrenSet\": false, \"dataElementType\": \"documentArray\"}], \"editAllow\": true, \"iSReference\": true, \"projectName\": \"AmplifyCentralIntegrationUtils\", \"dataObjectName\": \"Teams\", \"dataElementType\": \"document\"}], \"childrenSet\": false, \"hasChildren\": false, \"dataElementType\": \"document\", \"documentReference\": [{\"id\": \"534b8b22-4bd2-4ff9-accf-d240bd2282ad\", \"referenceName\": \"AmplifyCentralIntegrationUtils.Teams\"}]}]",
    "null" : false
  },
  "service_input_json_schema" : {
    "type" : "jsonb",
    "value" : "{\"required\": [], \"properties\": {\"GetTeamsInput\": {\"type\": \"object\", \"required\": []}}, \"additionalProperties\": false}",
    "null" : false
  },
  "service_output_json_schema" : {
    "type" : "jsonb",
    "value" : "{\"required\": [], \"properties\": {\"GetTeamsOutput\": {\"type\": \"object\", \"required\": [], \"properties\": {\"Teams\": {}}, \"additionalProperties\": false}}, \"additionalProperties\": false}",
    "null" : false
  },
  "type" : "SERVICE",
  "error_handler" : false,
  "tag" : "EMPTY",
  "active" : true,
  "is_changed" : false,
  "comment" : "Added Amplify Traceability Connector",
  "base_tag" : "V24",
  "test_input" : {
    "type" : "jsonb",
    "value" : "{}",
    "null" : false
  },
  "test_input_structure" : {
    "type" : "jsonb",
    "value" : "[{\"id\": \"1d3a95bf-790a-431c-a80f-cca9850cd9b3\", \"key\": \"/GetTeamsInput\", \"type\": \"object\", \"order\": 1, \"title\": \"GetTeamsInput\", \"value\": {\"type\": \"object\"}, \"isLeaf\": false, \"children\": [], \"childrenSet\": false, \"hasChildren\": false, \"dataElementType\": \"document\", \"documentReference\": []}]",
    "null" : false
  }
}