{
  "id" : "9d19f8cc-e682-4479-8130-63301fc992a0",
  "name" : "GetUserFromUserId",
  "description" : "GetUserFromUserId",
  "iserror" : false,
  "no_of_errors" : 0,
  "service_input" : {
    "type" : "jsonb",
    "value" : "[{\"id\": \"1f2bde2c-a8a4-4d08-a2c3-9db65d252e5a\", \"key\": \"/GetUserFromUserIdInput\", \"type\": \"object\", \"order\": 1, \"title\": \"GetUserFromUserIdInput\", \"value\": {\"type\": \"object\"}, \"isLeaf\": false, \"children\": [{\"id\": \"b6746db4-32a9-486d-928c-b592dcc36f1c\", \"key\": \"/GetUserFromUserIdInput/userId\", \"edit\": false, \"type\": \"node\", \"order\": 1, \"title\": \"userId\", \"value\": {\"type\": \"string\"}, \"children\": [], \"editAllow\": true, \"dataElementType\": \"string\"}], \"childrenSet\": false, \"hasChildren\": false, \"dataElementType\": \"document\", \"documentReference\": []}]",
    "null" : false
  },
  "service_output" : {
    "type" : "jsonb",
    "value" : "[{\"id\": \"e37819c1-901b-445f-8efe-9d4fc8ddab75\", \"key\": \"/GetUserFromUserIdOutput\", \"type\": \"object\", \"order\": 1, \"title\": \"GetUserFromUserIdOutput\", \"value\": {\"type\": \"object\"}, \"isLeaf\": false, \"children\": [{\"id\": \"809fd01f-fc26-41b0-b9e9-765384035f02\", \"key\": \"/GetUserFromUserIdOutput/User\", \"edit\": false, \"type\": \"node\", \"order\": 1, \"title\": \"User\", \"value\": {}, \"children\": [{\"key\": \"/GetUserFromUserIdOutput/User/_id\", \"type\": \"string\", \"order\": 1, \"title\": \"_id\", \"value\": {\"type\": \"string\", \"requiredFlag\": false}, \"isLeaf\": true, \"hasChildren\": false, \"isChildrenSet\": false, \"dataElementType\": \"string\"}, {\"key\": \"/GetUserFromUserIdOutput/User/email\", \"type\": \"string\", \"order\": 2, \"title\": \"email\", \"value\": {\"type\": \"string\", \"requiredFlag\": false}, \"isLeaf\": true, \"hasChildren\": false, \"isChildrenSet\": false, \"dataElementType\": \"string\"}, {\"key\": \"/GetUserFromUserIdOutput/User/user_id\", \"type\": \"integer\", \"order\": 3, \"title\": \"user_id\", \"value\": {\"type\": \"integer\", \"requiredFlag\": false}, \"isLeaf\": true, \"hasChildren\": false, \"isChildrenSet\": false, \"dataElementType\": \"integer\"}, {\"key\": \"/GetUserFromUserIdOutput/User/guid\", \"type\": \"string\", \"order\": 4, \"title\": \"guid\", \"value\": {\"type\": \"string\", \"requiredFlag\": false}, \"isLeaf\": true, \"hasChildren\": false, \"isChildrenSet\": false, \"dataElementType\": \"string\"}, {\"key\": \"/GetUserFromUserIdOutput/User/firstname\", \"type\": \"string\", \"order\": 5, \"title\": \"firstname\", \"value\": {\"type\": \"string\", \"requiredFlag\": false}, \"isLeaf\": true, \"hasChildren\": false, \"isChildrenSet\": false, \"dataElementType\": \"string\"}, {\"key\": \"/GetUserFromUserIdOutput/User/lastname\", \"type\": \"string\", \"order\": 6, \"title\": \"lastname\", \"value\": {\"type\": \"string\", \"requiredFlag\": false}, \"isLeaf\": true, \"hasChildren\": false, \"isChildrenSet\": false, \"dataElementType\": \"string\"}, {\"key\": \"/GetUserFromUserIdOutput/User/activated\", \"type\": \"boolean\", \"order\": 7, \"title\": \"activated\", \"value\": {\"type\": \"boolean\", \"requiredFlag\": false}, \"isLeaf\": true, \"hasChildren\": false, \"isChildrenSet\": false, \"dataElementType\": \"boolean\"}, {\"key\": \"/GetUserFromUserIdOutput/User/active\", \"type\": \"boolean\", \"order\": 8, \"title\": \"active\", \"value\": {\"type\": \"boolean\", \"requiredFlag\": false}, \"isLeaf\": true, \"hasChildren\": false, \"isChildrenSet\": false, \"dataElementType\": \"boolean\"}, {\"key\": \"/GetUserFromUserIdOutput/User/created\", \"type\": \"string\", \"order\": 9, \"title\": \"created\", \"value\": {\"type\": \"string\", \"requiredFlag\": false}, \"isLeaf\": true, \"hasChildren\": false, \"isChildrenSet\": false, \"dataElementType\": \"string\"}, {\"key\": \"/GetUserFromUserIdOutput/User/logged_in_count\", \"type\": \"integer\", \"order\": 10, \"title\": \"logged_in_count\", \"value\": {\"type\": \"integer\", \"requiredFlag\": false}, \"isLeaf\": true, \"hasChildren\": false, \"isChildrenSet\": false, \"dataElementType\": \"integer\"}, {\"key\": \"/GetUserFromUserIdOutput/User/last_logged_in_org\", \"type\": \"integer\", \"order\": 11, \"title\": \"last_logged_in_org\", \"value\": {\"type\": \"integer\", \"requiredFlag\": false}, \"isLeaf\": true, \"hasChildren\": false, \"isChildrenSet\": false, \"dataElementType\": \"integer\"}, {\"key\": \"/GetUserFromUserIdOutput/User/last_browser_language\", \"type\": \"string\", \"order\": 12, \"title\": \"last_browser_language\", \"value\": {\"type\": \"string\", \"requiredFlag\": false}, \"isLeaf\": true, \"hasChildren\": false, \"isChildrenSet\": false, \"dataElementType\": \"string\"}, {\"key\": \"/GetUserFromUserIdOutput/User/logged_in_from_web\", \"type\": \"boolean\", \"order\": 13, \"title\": \"logged_in_from_web\", \"value\": {\"type\": \"boolean\", \"requiredFlag\": false}, \"isLeaf\": true, \"hasChildren\": false, \"isChildrenSet\": false, \"dataElementType\": \"boolean\"}, {\"key\": \"/GetUserFromUserIdOutput/User/prefs\", \"type\": \"object\", \"order\": 14, \"title\": \"prefs\", \"value\": {\"type\": \"object\", \"requiredFlag\": false}, \"isLeaf\": false, \"children\": [{\"key\": \"/GetUserFromUserIdOutput/User/prefs/hide_geo_disclaimer\", \"type\": \"boolean\", \"order\": 15, \"title\": \"hide_geo_disclaimer\", \"value\": {\"type\": \"boolean\", \"requiredFlag\": false}, \"isLeaf\": true, \"hasChildren\": false, \"isChildrenSet\": false, \"dataElementType\": \"boolean\"}, {\"key\": \"/GetUserFromUserIdOutput/User/prefs/map\", \"type\": \"object\", \"order\": 16, \"title\": \"map\", \"value\": {\"type\": \"object\", \"requiredFlag\": false}, \"isLeaf\": false, \"children\": [{\"key\": \"/GetUserFromUserIdOutput/User/prefs/map/center\", \"type\": \"object\", \"order\": 17, \"title\": \"center\", \"value\": {\"type\": \"object\", \"requiredFlag\": false}, \"isLeaf\": false, \"children\": [{\"key\": \"/GetUserFromUserIdOutput/User/prefs/map/center/lng\", \"type\": \"number\", \"order\": 18, \"title\": \"lng\", \"value\": {\"type\": \"number\", \"requiredFlag\": false}, \"isLeaf\": true, \"hasChildren\": false, \"isChildrenSet\": false, \"dataElementType\": \"number\"}, {\"key\": \"/GetUserFromUserIdOutput/User/prefs/map/center/lat\", \"type\": \"number\", \"order\": 19, \"title\": \"lat\", \"value\": {\"type\": \"number\", \"requiredFlag\": false}, \"isLeaf\": true, \"hasChildren\": false, \"isChildrenSet\": false, \"dataElementType\": \"number\"}], \"hasChildren\": false, \"isChildrenSet\": false, \"dataElementType\": \"document\"}, {\"key\": \"/GetUserFromUserIdOutput/User/prefs/map/zoom\", \"type\": \"integer\", \"order\": 20, \"title\": \"zoom\", \"value\": {\"type\": \"integer\", \"requiredFlag\": false}, \"isLeaf\": true, \"hasChildren\": false, \"isChildrenSet\": false, \"dataElementType\": \"integer\"}, {\"key\": \"/GetUserFromUserIdOutput/User/prefs/map/bounds\", \"type\": \"object\", \"order\": 21, \"title\": \"bounds\", \"value\": {\"type\": \"object\", \"requiredFlag\": false}, \"isLeaf\": false, \"children\": [{\"key\": \"/GetUserFromUserIdOutput/User/prefs/map/bounds/_sw\", \"type\": \"object\", \"order\": 22, \"title\": \"_sw\", \"value\": {\"type\": \"object\", \"requiredFlag\": false}, \"isLeaf\": false, \"children\": [{\"key\": \"/GetUserFromUserIdOutput/User/prefs/map/bounds/_sw/lng\", \"type\": \"number\", \"order\": 23, \"title\": \"lng\", \"value\": {\"type\": \"number\", \"requiredFlag\": false}, \"isLeaf\": true, \"hasChildren\": false, \"isChildrenSet\": false, \"dataElementType\": \"number\"}, {\"key\": \"/GetUserFromUserIdOutput/User/prefs/map/bounds/_sw/lat\", \"type\": \"number\", \"order\": 24, \"title\": \"lat\", \"value\": {\"type\": \"number\", \"requiredFlag\": false}, \"isLeaf\": true, \"hasChildren\": false, \"isChildrenSet\": false, \"dataElementType\": \"number\"}], \"hasChildren\": false, \"isChildrenSet\": false, \"dataElementType\": \"document\"}, {\"key\": \"/GetUserFromUserIdOutput/User/prefs/map/bounds/_ne\", \"type\": \"object\", \"order\": 25, \"title\": \"_ne\", \"value\": {\"type\": \"object\", \"requiredFlag\": false}, \"isLeaf\": false, \"children\": [{\"key\": \"/GetUserFromUserIdOutput/User/prefs/map/bounds/_ne/lng\", \"type\": \"number\", \"order\": 26, \"title\": \"lng\", \"value\": {\"type\": \"number\", \"requiredFlag\": false}, \"isLeaf\": true, \"hasChildren\": false, \"isChildrenSet\": false, \"dataElementType\": \"number\"}, {\"key\": \"/GetUserFromUserIdOutput/User/prefs/map/bounds/_ne/lat\", \"type\": \"number\", \"order\": 27, \"title\": \"lat\", \"value\": {\"type\": \"number\", \"requiredFlag\": false}, \"isLeaf\": true, \"hasChildren\": false, \"isChildrenSet\": false, \"dataElementType\": \"number\"}], \"hasChildren\": false, \"isChildrenSet\": false, \"dataElementType\": \"document\"}], \"hasChildren\": false, \"isChildrenSet\": false, \"dataElementType\": \"document\"}], \"hasChildren\": false, \"isChildrenSet\": false, \"dataElementType\": \"document\"}, {\"key\": \"/GetUserFromUserIdOutput/User/prefs/filter_values\", \"type\": \"object\", \"order\": 28, \"title\": \"filter_values\", \"value\": {\"type\": \"object\", \"requiredFlag\": false}, \"isLeaf\": false, \"children\": [{\"key\": \"/GetUserFromUserIdOutput/User/prefs/filter_values/time\", \"type\": \"string\", \"order\": 29, \"title\": \"time\", \"value\": {\"type\": \"string\", \"requiredFlag\": false}, \"isLeaf\": true, \"hasChildren\": false, \"isChildrenSet\": false, \"dataElementType\": \"string\"}, {\"key\": \"/GetUserFromUserIdOutput/User/prefs/filter_values/date_range\", \"type\": \"object\", \"order\": 30, \"title\": \"date_range\", \"value\": {\"type\": \"object\", \"requiredFlag\": false}, \"isLeaf\": false, \"children\": [{\"key\": \"/GetUserFromUserIdOutput/User/prefs/filter_values/date_range/firstTS\", \"type\": \"integer\", \"order\": 31, \"title\": \"firstTS\", \"value\": {\"type\": \"integer\", \"requiredFlag\": false}, \"isLeaf\": true, \"hasChildren\": false, \"isChildrenSet\": false, \"dataElementType\": \"integer\"}, {\"key\": \"/GetUserFromUserIdOutput/User/prefs/filter_values/date_range/lastTS\", \"type\": \"integer\", \"order\": 32, \"title\": \"lastTS\", \"value\": {\"type\": \"integer\", \"requiredFlag\": false}, \"isLeaf\": true, \"hasChildren\": false, \"isChildrenSet\": false, \"dataElementType\": \"integer\"}, {\"key\": \"/GetUserFromUserIdOutput/User/prefs/filter_values/date_range/granularity\", \"type\": \"string\", \"order\": 33, \"title\": \"granularity\", \"value\": {\"type\": \"string\", \"requiredFlag\": false}, \"isLeaf\": true, \"hasChildren\": false, \"isChildrenSet\": false, \"dataElementType\": \"string\"}, {\"key\": \"/GetUserFromUserIdOutput/User/prefs/filter_values/date_range/grquantity\", \"type\": \"integer\", \"order\": 34, \"title\": \"grquantity\", \"value\": {\"type\": \"integer\", \"requiredFlag\": false}, \"isLeaf\": true, \"hasChildren\": false, \"isChildrenSet\": false, \"dataElementType\": \"integer\"}, {\"key\": \"/GetUserFromUserIdOutput/User/prefs/filter_values/date_range/type\", \"type\": \"string\", \"order\": 35, \"title\": \"type\", \"value\": {\"type\": \"string\", \"requiredFlag\": false}, \"isLeaf\": true, \"hasChildren\": false, \"isChildrenSet\": false, \"dataElementType\": \"string\"}], \"hasChildren\": false, \"isChildrenSet\": false, \"dataElementType\": \"document\"}], \"hasChildren\": false, \"isChildrenSet\": false, \"dataElementType\": \"document\"}], \"hasChildren\": false, \"isChildrenSet\": false, \"dataElementType\": \"document\"}, {\"key\": \"/GetUserFromUserIdOutput/User/updated\", \"type\": \"string\", \"order\": 36, \"title\": \"updated\", \"value\": {\"type\": \"string\", \"requiredFlag\": false}, \"isLeaf\": true, \"hasChildren\": false, \"isChildrenSet\": false, \"dataElementType\": \"string\"}, {\"key\": \"/GetUserFromUserIdOutput/User/last_login\", \"type\": \"string\", \"order\": 37, \"title\": \"last_login\", \"value\": {\"type\": \"string\", \"requiredFlag\": false}, \"isLeaf\": true, \"hasChildren\": false, \"isChildrenSet\": false, \"dataElementType\": \"string\"}, {\"key\": \"/GetUserFromUserIdOutput/User/external\", \"type\": \"boolean\", \"order\": 38, \"title\": \"external\", \"value\": {\"type\": \"boolean\", \"requiredFlag\": false}, \"isLeaf\": true, \"hasChildren\": false, \"isChildrenSet\": false, \"dataElementType\": \"boolean\"}, {\"key\": \"/GetUserFromUserIdOutput/User/timezone\", \"type\": \"string\", \"order\": 39, \"title\": \"timezone\", \"value\": {\"type\": \"string\", \"requiredFlag\": false}, \"isLeaf\": true, \"hasChildren\": false, \"isChildrenSet\": false, \"dataElementType\": \"string\"}, {\"key\": \"/GetUserFromUserIdOutput/User/logged_in_from_cli\", \"type\": \"boolean\", \"order\": 40, \"title\": \"logged_in_from_cli\", \"value\": {\"type\": \"boolean\", \"requiredFlag\": false}, \"isLeaf\": true, \"hasChildren\": false, \"isChildrenSet\": false, \"dataElementType\": \"boolean\"}, {\"key\": \"/GetUserFromUserIdOutput/User/date_activated\", \"type\": \"string\", \"order\": 41, \"title\": \"date_activated\", \"value\": {\"type\": \"string\", \"requiredFlag\": false}, \"isLeaf\": true, \"hasChildren\": false, \"isChildrenSet\": false, \"dataElementType\": \"string\"}, {\"key\": \"/GetUserFromUserIdOutput/User/password_updated\", \"type\": \"string\", \"order\": 42, \"title\": \"password_updated\", \"value\": {\"type\": \"string\", \"requiredFlag\": false}, \"isLeaf\": true, \"hasChildren\": false, \"isChildrenSet\": false, \"dataElementType\": \"string\"}], \"editAllow\": true, \"iSReference\": true, \"projectName\": \"AmplifyCentralIntegrationUtils\", \"dataObjectName\": \"User\", \"dataElementType\": \"document\"}], \"childrenSet\": false, \"hasChildren\": false, \"dataElementType\": \"document\", \"documentReference\": [{\"id\": \"5eec6e24-bbdd-44fa-bdf1-ad463845f48e\", \"referenceName\": \"AmplifyCentralIntegrationUtils.User\"}, {\"id\": \"5eec6e24-bbdd-44fa-bdf1-ad463845f48e\", \"referenceName\": \"AmplifyCentralIntegrationUtils.User\"}]}]",
    "null" : false
  },
  "service_input_json_schema" : {
    "type" : "jsonb",
    "value" : "{\"required\": [], \"properties\": {\"GetUserFromUserIdInput\": {\"type\": \"object\", \"required\": [], \"properties\": {\"userId\": {\"type\": \"string\"}}, \"additionalProperties\": false}}, \"additionalProperties\": false}",
    "null" : false
  },
  "service_output_json_schema" : {
    "type" : "jsonb",
    "value" : "{\"required\": [], \"properties\": {\"GetUserFromUserIdOutput\": {\"type\": \"object\", \"required\": [], \"properties\": {\"User\": {}}, \"additionalProperties\": false}}, \"additionalProperties\": false}",
    "null" : false
  },
  "type" : "SERVICE",
  "error_handler" : false,
  "tag" : "EMPTY",
  "active" : true,
  "is_changed" : false,
  "comment" : "Added Amplify Traceability Connector",
  "base_tag" : "V24",
  "test_input" : {
    "type" : "jsonb",
    "value" : "{}",
    "null" : false
  },
  "test_input_structure" : {
    "type" : "jsonb",
    "value" : "[{\"id\": \"1f2bde2c-a8a4-4d08-a2c3-9db65d252e5a\", \"key\": \"/GetUserFromUserIdInput\", \"type\": \"object\", \"order\": 1, \"title\": \"GetUserFromUserIdInput\", \"value\": {\"type\": \"object\"}, \"isLeaf\": false, \"children\": [{\"id\": \"b6746db4-32a9-486d-928c-b592dcc36f1c\", \"key\": \"/GetUserFromUserIdInput/userId\", \"edit\": false, \"type\": \"node\", \"order\": 1, \"title\": \"userId\", \"value\": {\"type\": \"string\"}, \"children\": [], \"editAllow\": true, \"dataElementType\": \"string\"}], \"childrenSet\": false, \"hasChildren\": false, \"dataElementType\": \"document\", \"documentReference\": []}]",
    "null" : false
  }
}