{
  "id" : "fe26060b-4a9d-44dd-a1d4-d7fc294d9adf",
  "name" : "GetIncident",
  "component_id" : "cc61a11e-a5c3-4b06-9d74-38b62b63f51e",
  "endpoint_id" : "4d3c0dd9-82f2-4f92-942a-2b24b8cc926e",
  "action_id" : "19a9eb2e-912d-11ea-bb37-0242ac130002",
  "structure_json" : {
    "type" : "jsonb",
    "value" : "{\"action\": \"Get\", \"entity\": \"{\\\"name\\\":\\\"incident\\\",\\\"label\\\":\\\"Incident\\\",\\\"hasChildren\\\":false,\\\"mainEntity\\\":false,\\\"displayName\\\":\\\"Objects\\\"}\", \"fields\": [{\"name\": \"parent\", \"path\": \"parent\", \"type\": \"string\", \"label\": \"Parent\", \"checked\": true, \"readonly\": false, \"required\": false, \"columnIndex\": 0, \"hasChildren\": false, \"inputCategory\": false}, {\"name\": \"caused_by\", \"path\": \"caused_by\", \"type\": \"string\", \"label\": \"Caused by Change\", \"checked\": true, \"readonly\": false, \"required\": false, \"columnIndex\": 0, \"hasChildren\": false, \"inputCategory\": false}, {\"name\": \"watch_list\", \"path\": \"watch_list\", \"type\": \"string\", \"label\": \"Watch list\", \"checked\": true, \"readonly\": false, \"required\": false, \"columnIndex\": 0, \"hasChildren\": false, \"inputCategory\": false}, {\"name\": \"upon_reject\", \"path\": \"upon_reject\", \"type\": \"string\", \"label\": \"Upon reject\", \"checked\": true, \"readonly\": false, \"required\": false, \"columnIndex\": 0, \"hasChildren\": false, \"inputCategory\": false}, {\"name\": \"sys_updated_on\", \"path\": \"sys_updated_on\", \"type\": \"string\", \"label\": \"updated\", \"checked\": true, \"readonly\": false, \"required\": false, \"columnIndex\": 0, \"hasChildren\": false, \"inputCategory\": false}, {\"name\": \"origin_table\", \"path\": \"origin_table\", \"type\": \"string\", \"label\": \"Origin table\", \"checked\": true, \"readonly\": false, \"required\": false, \"columnIndex\": 0, \"hasChildren\": false, \"inputCategory\": false}, {\"name\": \"approval_history\", \"path\": \"approval_history\", \"type\": \"string\", \"label\": \"Approval history\", \"checked\": true, \"readonly\": false, \"required\": false, \"columnIndex\": 0, \"hasChildren\": false, \"inputCategory\": false}, {\"name\": \"number\", \"path\": \"number\", \"type\": \"string\", \"label\": \"Number\", \"checked\": true, \"readonly\": false, \"required\": false, \"columnIndex\": 0, \"hasChildren\": false, \"inputCategory\": false}, {\"name\": \"state\", \"path\": \"state\", \"type\": \"integer\", \"label\": \"State\", \"checked\": true, \"readonly\": false, \"required\": false, \"columnIndex\": 0, \"hasChildren\": false, \"inputCategory\": false}, {\"name\": \"sys_created_by\", \"path\": \"sys_created_by\", \"type\": \"string\", \"label\": \"Created by\", \"checked\": true, \"readonly\": false, \"required\": false, \"columnIndex\": 0, \"hasChildren\": false, \"inputCategory\": false}, {\"name\": \"knowledge\", \"path\": \"knowledge\", \"type\": \"boolean\", \"label\": \"Knowledge\", \"checked\": true, \"readonly\": false, \"required\": false, \"columnIndex\": 0, \"hasChildren\": false, \"inputCategory\": false}, {\"name\": \"order\", \"path\": \"order\", \"type\": \"integer\", \"label\": \"Order\", \"checked\": true, \"readonly\": false, \"required\": false, \"columnIndex\": 0, \"hasChildren\": false, \"inputCategory\": false}, {\"name\": \"cmdb_ci\", \"path\": \"cmdb_ci\", \"type\": \"string\", \"label\": \"Configuration item\", \"checked\": true, \"readonly\": false, \"required\": false, \"columnIndex\": 0, \"hasChildren\": false, \"inputCategory\": false}, {\"name\": \"delivery_plan\", \"path\": \"delivery_plan\", \"type\": \"string\", \"label\": \"Delivery plan\", \"checked\": true, \"readonly\": false, \"required\": false, \"columnIndex\": 0, \"hasChildren\": false, \"inputCategory\": false}, {\"name\": \"impact\", \"path\": \"impact\", \"type\": \"integer\", \"label\": \"impact\", \"checked\": true, \"readonly\": false, \"required\": false, \"columnIndex\": 0, \"hasChildren\": false, \"inputCategory\": false}, {\"name\": \"contract\", \"path\": \"contract\", \"type\": \"string\", \"label\": \"Contract\", \"checked\": true, \"readonly\": false, \"required\": false, \"columnIndex\": 0, \"hasChildren\": false, \"inputCategory\": false}, {\"name\": \"active\", \"path\": \"active\", \"type\": \"boolean\", \"label\": \"Active\", \"checked\": true, \"readonly\": false, \"required\": false, \"columnIndex\": 0, \"hasChildren\": false, \"inputCategory\": false}, {\"name\": \"work_notes_list\", \"path\": \"work_notes_list\", \"type\": \"string\", \"label\": \"Work notes list\", \"checked\": true, \"readonly\": false, \"required\": false, \"columnIndex\": 0, \"hasChildren\": false, \"inputCategory\": false}, {\"name\": \"priority\", \"path\": \"priority\", \"type\": \"integer\", \"label\": \"Priority\", \"checked\": true, \"readonly\": false, \"required\": false, \"columnIndex\": 0, \"hasChildren\": false, \"inputCategory\": false}, {\"name\": \"sys_domain_path\", \"path\": \"sys_domain_path\", \"type\": \"string\", \"label\": \"Domain Path\", \"checked\": true, \"readonly\": false, \"required\": false, \"columnIndex\": 0, \"hasChildren\": false, \"inputCategory\": false}, {\"name\": \"business_duration\", \"path\": \"business_duration\", \"type\": \"string\", \"label\": \"Business duration\", \"checked\": true, \"readonly\": false, \"required\": false, \"columnIndex\": 0, \"hasChildren\": false, \"inputCategory\": false}, {\"name\": \"group_list\", \"path\": \"group_list\", \"type\": \"string\", \"label\": \"Group list\", \"checked\": true, \"readonly\": false, \"required\": false, \"columnIndex\": 0, \"hasChildren\": false, \"inputCategory\": false}, {\"name\": \"approval_set\", \"path\": \"approval_set\", \"type\": \"string\", \"label\": \"Approval set\", \"checked\": true, \"readonly\": false, \"required\": false, \"columnIndex\": 0, \"hasChildren\": false, \"inputCategory\": false}, {\"name\": \"universal_request\", \"path\": \"universal_request\", \"type\": \"string\", \"label\": \"Universal Request\", \"checked\": true, \"readonly\": false, \"required\": false, \"columnIndex\": 0, \"hasChildren\": false, \"inputCategory\": false}, {\"name\": \"short_description\", \"path\": \"short_description\", \"type\": \"string\", \"label\": \"Short description\", \"checked\": true, \"readonly\": false, \"required\": false, \"columnIndex\": 0, \"hasChildren\": false, \"inputCategory\": false}, {\"name\": \"correlation_display\", \"path\": \"correlation_display\", \"type\": \"string\", \"label\": \"Correlation display\", \"checked\": true, \"readonly\": false, \"required\": false, \"columnIndex\": 0, \"hasChildren\": false, \"inputCategory\": false}, {\"name\": \"work_start\", \"path\": \"work_start\", \"type\": \"string\", \"label\": \"Actual start\", \"checked\": true, \"readonly\": false, \"required\": false, \"columnIndex\": 0, \"hasChildren\": false, \"inputCategory\": false}, {\"name\": \"delivery_task\", \"path\": \"delivery_task\", \"type\": \"string\", \"label\": \"Delivery task\", \"checked\": true, \"readonly\": false, \"required\": false, \"columnIndex\": 0, \"hasChildren\": false, \"inputCategory\": false}, {\"name\": \"additional_assignee_list\", \"path\": \"additional_assignee_list\", \"type\": \"string\", \"label\": \"Additional assignee list\", \"checked\": true, \"readonly\": false, \"required\": false, \"columnIndex\": 0, \"hasChildren\": false, \"inputCategory\": false}, {\"name\": \"notify\", \"path\": \"notify\", \"type\": \"integer\", \"label\": \"Notify\", \"checked\": true, \"readonly\": false, \"required\": false, \"columnIndex\": 0, \"hasChildren\": false, \"inputCategory\": false}, {\"name\": \"sys_class_name\", \"path\": \"sys_class_name\", \"type\": \"string\", \"label\": \"Task type\", \"checked\": true, \"readonly\": false, \"required\": false, \"columnIndex\": 0, \"hasChildren\": false, \"inputCategory\": false}, {\"name\": \"service_offering\", \"path\": \"service_offering\", \"type\": \"string\", \"label\": \"Service offering\", \"checked\": true, \"readonly\": false, \"required\": false, \"columnIndex\": 0, \"hasChildren\": false, \"inputCategory\": false}, {\"name\": \"closed_by\", \"path\": \"closed_by\", \"type\": \"string\", \"label\": \"Closed by\", \"checked\": true, \"readonly\": false, \"required\": false, \"columnIndex\": 0, \"hasChildren\": false, \"inputCategory\": false}, {\"name\": \"follow_up\", \"path\": \"follow_up\", \"type\": \"string\", \"label\": \"Follow up\", \"checked\": true, \"readonly\": false, \"required\": false, \"columnIndex\": 0, \"hasChildren\": false, \"inputCategory\": false}, {\"name\": \"parent_incident\", \"path\": \"parent_incident\", \"type\": \"string\", \"label\": \"Parent Incident\", \"checked\": true, \"readonly\": false, \"required\": false, \"columnIndex\": 0, \"hasChildren\": false, \"inputCategory\": false}, {\"name\": \"reopened_by\", \"path\": \"reopened_by\", \"type\": \"string\", \"label\": \"Last reopened by\", \"checked\": true, \"readonly\": false, \"required\": false, \"columnIndex\": 0, \"hasChildren\": false, \"inputCategory\": false}, {\"name\": \"reassignment_count\", \"path\": \"reassignment_count\", \"type\": \"integer\", \"label\": \"Reassignment count\", \"checked\": true, \"readonly\": false, \"required\": false, \"columnIndex\": 0, \"hasChildren\": false, \"inputCategory\": false}, {\"name\": \"u_mp_subscription_approvel_state_2\", \"path\": \"u_mp_subscription_approvel_state_2\", \"type\": \"string\", \"label\": \"Marketplace Product Subscription Approval\", \"checked\": true, \"readonly\": false, \"required\": false, \"columnIndex\": 0, \"hasChildren\": false, \"inputCategory\": false}, {\"name\": \"assigned_to\", \"path\": \"assigned_to\", \"type\": \"string\", \"label\": \"Assigned to\", \"checked\": true, \"readonly\": false, \"required\": false, \"columnIndex\": 0, \"hasChildren\": false, \"inputCategory\": false}, {\"name\": \"sla_due\", \"path\": \"sla_due\", \"type\": \"string\", \"label\": \"SLA due\", \"checked\": true, \"readonly\": false, \"required\": false, \"columnIndex\": 0, \"hasChildren\": false, \"inputCategory\": false}, {\"name\": \"comments_and_work_notes\", \"path\": \"comments_and_work_notes\", \"type\": \"string\", \"label\": \"Comments and Work notes\", \"checked\": true, \"readonly\": false, \"required\": false, \"columnIndex\": 0, \"hasChildren\": false, \"inputCategory\": false}, {\"name\": \"u_choice_1\", \"path\": \"u_choice_1\", \"type\": \"string\", \"label\": \"Approval\", \"checked\": true, \"readonly\": false, \"required\": false, \"columnIndex\": 0, \"hasChildren\": false, \"inputCategory\": false}, {\"name\": \"escalation\", \"path\": \"escalation\", \"type\": \"integer\", \"label\": \"Escalation\", \"checked\": true, \"readonly\": false, \"required\": false, \"columnIndex\": 0, \"hasChildren\": false, \"inputCategory\": false}, {\"name\": \"upon_approval\", \"path\": \"upon_approval\", \"type\": \"string\", \"label\": \"Upon approval\", \"checked\": true, \"readonly\": false, \"required\": false, \"columnIndex\": 0, \"hasChildren\": false, \"inputCategory\": false}, {\"name\": \"correlation_id\", \"path\": \"correlation_id\", \"type\": \"string\", \"label\": \"Correlation ID\", \"checked\": true, \"readonly\": false, \"required\": false, \"columnIndex\": 0, \"hasChildren\": false, \"inputCategory\": false}, {\"name\": \"made_sla\", \"path\": \"made_sla\", \"type\": \"boolean\", \"label\": \"Made SLA\", \"checked\": true, \"readonly\": false, \"required\": false, \"columnIndex\": 0, \"hasChildren\": false, \"inputCategory\": false}, {\"name\": \"u_mp_subscription_approval_state\", \"path\": \"u_mp_subscription_approval_state\", \"type\": \"string\", \"label\": \"Marketplace Product Subscription Approval\", \"checked\": true, \"readonly\": false, \"required\": false, \"columnIndex\": 0, \"hasChildren\": false, \"inputCategory\": false}, {\"name\": \"child_incidents\", \"path\": \"child_incidents\", \"type\": \"integer\", \"label\": \"Child Incidents\", \"checked\": true, \"readonly\": false, \"required\": false, \"columnIndex\": 0, \"hasChildren\": false, \"inputCategory\": false}, {\"name\": \"hold_reason\", \"path\": \"hold_reason\", \"type\": \"integer\", \"label\": \"On hold reason\", \"checked\": true, \"readonly\": false, \"required\": false, \"columnIndex\": 0, \"hasChildren\": false, \"inputCategory\": false}, {\"name\": \"task_effective_number\", \"path\": \"task_effective_number\", \"type\": \"string\", \"label\": \"Effective number\", \"checked\": true, \"readonly\": false, \"required\": false, \"columnIndex\": 0, \"hasChildren\": false, \"inputCategory\": false}, {\"name\": \"resolved_by\", \"path\": \"resolved_by\", \"type\": \"string\", \"label\": \"Resolved by\", \"checked\": true, \"readonly\": false, \"required\": false, \"columnIndex\": 0, \"hasChildren\": false, \"inputCategory\": false}, {\"name\": \"sys_updated_by\", \"path\": \"sys_updated_by\", \"type\": \"string\", \"label\": \"Updated by\", \"checked\": true, \"readonly\": false, \"required\": false, \"columnIndex\": 0, \"hasChildren\": false, \"inputCategory\": false}, {\"name\": \"opened_by\", \"path\": \"opened_by\", \"type\": \"string\", \"label\": \"Opened by\", \"checked\": true, \"readonly\": false, \"required\": false, \"columnIndex\": 0, \"hasChildren\": false, \"inputCategory\": false}, {\"name\": \"user_input\", \"path\": \"user_input\", \"type\": \"string\", \"label\": \"User input\", \"checked\": true, \"readonly\": false, \"required\": false, \"columnIndex\": 0, \"hasChildren\": false, \"inputCategory\": false}, {\"name\": \"sys_created_on\", \"path\": \"sys_created_on\", \"type\": \"string\", \"label\": \"Created\", \"checked\": true, \"readonly\": false, \"required\": false, \"columnIndex\": 0, \"hasChildren\": false, \"inputCategory\": false}, {\"name\": \"sys_domain\", \"path\": \"sys_domain\", \"type\": \"string\", \"label\": \"Domain\", \"checked\": true, \"readonly\": false, \"required\": false, \"columnIndex\": 0, \"hasChildren\": false, \"inputCategory\": false}, {\"name\": \"route_reason\", \"path\": \"route_reason\", \"type\": \"integer\", \"label\": \"Transfer reason\", \"checked\": true, \"readonly\": false, \"required\": false, \"columnIndex\": 0, \"hasChildren\": false, \"inputCategory\": false}, {\"name\": \"calendar_stc\", \"path\": \"calendar_stc\", \"type\": \"integer\", \"label\": \"Resolve time\", \"checked\": true, \"readonly\": false, \"required\": false, \"columnIndex\": 0, \"hasChildren\": false, \"inputCategory\": false}, {\"name\": \"closed_at\", \"path\": \"closed_at\", \"type\": \"string\", \"label\": \"Closed\", \"checked\": true, \"readonly\": false, \"required\": false, \"columnIndex\": 0, \"hasChildren\": false, \"inputCategory\": false}, {\"name\": \"business_service\", \"path\": \"business_service\", \"type\": \"string\", \"label\": \"Service\", \"checked\": true, \"readonly\": false, \"required\": false, \"columnIndex\": 0, \"hasChildren\": false, \"inputCategory\": false}, {\"name\": \"business_impact\", \"path\": \"business_impact\", \"type\": \"string\", \"label\": \"Business impact\", \"checked\": true, \"readonly\": false, \"required\": false, \"columnIndex\": 0, \"hasChildren\": false, \"inputCategory\": false}, {\"name\": \"u_mp_subscription_approval_comment\", \"path\": \"u_mp_subscription_approval_comment\", \"type\": \"string\", \"label\": \"Marketplace Product Subscription Approval Comment\", \"checked\": true, \"readonly\": false, \"required\": false, \"columnIndex\": 0, \"hasChildren\": false, \"inputCategory\": false}, {\"name\": \"rfc\", \"path\": \"rfc\", \"type\": \"string\", \"label\": \"Change Request\", \"checked\": true, \"readonly\": false, \"required\": false, \"columnIndex\": 0, \"hasChildren\": false, \"inputCategory\": false}, {\"name\": \"time_worked\", \"path\": \"time_worked\", \"type\": \"string\", \"label\": \"Time worked\", \"checked\": true, \"readonly\": false, \"required\": false, \"columnIndex\": 0, \"hasChildren\": false, \"inputCategory\": false}, {\"name\": \"expected_start\", \"path\": \"expected_start\", \"type\": \"string\", \"label\": \"Expected start\", \"checked\": true, \"readonly\": false, \"required\": false, \"columnIndex\": 0, \"hasChildren\": false, \"inputCategory\": false}, {\"name\": \"opened_at\", \"path\": \"opened_at\", \"type\": \"string\", \"label\": \"Opened\", \"checked\": true, \"readonly\": false, \"required\": false, \"columnIndex\": 0, \"hasChildren\": false, \"inputCategory\": false}, {\"name\": \"work_end\", \"path\": \"work_end\", \"type\": \"string\", \"label\": \"Actual end\", \"checked\": true, \"readonly\": false, \"required\": false, \"columnIndex\": 0, \"hasChildren\": false, \"inputCategory\": false}, {\"name\": \"reopened_time\", \"path\": \"reopened_time\", \"type\": \"string\", \"label\": \"Last reopened at\", \"checked\": true, \"readonly\": false, \"required\": false, \"columnIndex\": 0, \"hasChildren\": false, \"inputCategory\": false}, {\"name\": \"resolved_at\", \"path\": \"resolved_at\", \"type\": \"string\", \"label\": \"Resolved\", \"checked\": true, \"readonly\": false, \"required\": false, \"columnIndex\": 0, \"hasChildren\": false, \"inputCategory\": false}, {\"name\": \"caller_id\", \"path\": \"caller_id\", \"type\": \"string\", \"label\": \"Caller\", \"checked\": true, \"readonly\": false, \"required\": false, \"columnIndex\": 0, \"hasChildren\": false, \"inputCategory\": false}, {\"name\": \"subcategory\", \"path\": \"subcategory\", \"type\": \"string\", \"label\": \"Subcategory\", \"checked\": true, \"readonly\": false, \"required\": false, \"columnIndex\": 0, \"hasChildren\": false, \"inputCategory\": false}, {\"name\": \"work_notes\", \"path\": \"work_notes\", \"type\": \"string\", \"label\": \"Work notes\", \"checked\": true, \"readonly\": false, \"required\": false, \"columnIndex\": 0, \"hasChildren\": false, \"inputCategory\": false}, {\"name\": \"close_code\", \"path\": \"close_code\", \"type\": \"string\", \"label\": \"Resolution code\", \"checked\": true, \"readonly\": false, \"required\": false, \"columnIndex\": 0, \"hasChildren\": false, \"inputCategory\": false}, {\"name\": \"assignment_group\", \"path\": \"assignment_group\", \"type\": \"string\", \"label\": \"Assignment group\", \"checked\": true, \"readonly\": false, \"required\": false, \"columnIndex\": 0, \"hasChildren\": false, \"inputCategory\": false}, {\"name\": \"u_mp_subscription_approval_selflink\", \"path\": \"u_mp_subscription_approval_selflink\", \"type\": \"string\", \"label\": \"Marketplace Product Subscription Selflink\", \"checked\": true, \"readonly\": false, \"required\": false, \"columnIndex\": 0, \"hasChildren\": false, \"inputCategory\": false}, {\"name\": \"business_stc\", \"path\": \"business_stc\", \"type\": \"integer\", \"label\": \"Business resolve time\", \"checked\": true, \"readonly\": false, \"required\": false, \"columnIndex\": 0, \"hasChildren\": false, \"inputCategory\": false}, {\"name\": \"cause\", \"path\": \"cause\", \"type\": \"string\", \"label\": \"Probable cause\", \"checked\": true, \"readonly\": false, \"required\": false, \"columnIndex\": 0, \"hasChildren\": false, \"inputCategory\": false}, {\"name\": \"description\", \"path\": \"description\", \"type\": \"string\", \"label\": \"Description\", \"checked\": true, \"readonly\": false, \"required\": false, \"columnIndex\": 0, \"hasChildren\": false, \"inputCategory\": false}, {\"name\": \"origin_id\", \"path\": \"origin_id\", \"type\": \"string\", \"label\": \"Origin\", \"checked\": true, \"readonly\": false, \"required\": false, \"columnIndex\": 0, \"hasChildren\": false, \"inputCategory\": false}, {\"name\": \"calendar_duration\", \"path\": \"calendar_duration\", \"type\": \"string\", \"label\": \"Duration\", \"checked\": true, \"readonly\": false, \"required\": false, \"columnIndex\": 0, \"hasChildren\": false, \"inputCategory\": false}, {\"name\": \"close_notes\", \"path\": \"close_notes\", \"type\": \"string\", \"label\": \"Close notes\", \"checked\": true, \"readonly\": false, \"required\": false, \"columnIndex\": 0, \"hasChildren\": false, \"inputCategory\": false}, {\"name\": \"sys_id\", \"path\": \"sys_id\", \"type\": \"string\", \"label\": \"Sys ID\", \"checked\": true, \"readonly\": false, \"required\": false, \"columnIndex\": 0, \"hasChildren\": false, \"inputCategory\": false}, {\"name\": \"contact_type\", \"path\": \"contact_type\", \"type\": \"string\", \"label\": \"Contact type\", \"checked\": true, \"readonly\": false, \"required\": false, \"columnIndex\": 0, \"hasChildren\": false, \"inputCategory\": false}, {\"name\": \"incident_state\", \"path\": \"incident_state\", \"type\": \"integer\", \"label\": \"Incident state\", \"checked\": true, \"readonly\": false, \"required\": false, \"columnIndex\": 0, \"hasChildren\": false, \"inputCategory\": false}, {\"name\": \"urgency\", \"path\": \"urgency\", \"type\": \"integer\", \"label\": \"Urgency\", \"checked\": true, \"readonly\": false, \"required\": false, \"columnIndex\": 0, \"hasChildren\": false, \"inputCategory\": false}, {\"name\": \"problem_id\", \"path\": \"problem_id\", \"type\": \"string\", \"label\": \"Problem\", \"checked\": true, \"readonly\": false, \"required\": false, \"columnIndex\": 0, \"hasChildren\": false, \"inputCategory\": false}, {\"name\": \"company\", \"path\": \"company\", \"type\": \"string\", \"label\": \"Company\", \"checked\": true, \"readonly\": false, \"required\": false, \"columnIndex\": 0, \"hasChildren\": false, \"inputCategory\": false}, {\"name\": \"activity_due\", \"path\": \"activity_due\", \"type\": \"string\", \"label\": \"Activity due\", \"checked\": true, \"readonly\": false, \"required\": false, \"columnIndex\": 0, \"hasChildren\": false, \"inputCategory\": false}, {\"name\": \"severity\", \"path\": \"severity\", \"type\": \"integer\", \"label\": \"Severity\", \"checked\": true, \"readonly\": false, \"required\": false, \"columnIndex\": 0, \"hasChildren\": false, \"inputCategory\": false}, {\"name\": \"comments\", \"path\": \"comments\", \"type\": \"string\", \"label\": \"Additional comments\", \"checked\": true, \"readonly\": false, \"required\": false, \"columnIndex\": 0, \"hasChildren\": false, \"inputCategory\": false}, {\"name\": \"approval\", \"path\": \"approval\", \"type\": \"string\", \"label\": \"Approval\", \"checked\": true, \"readonly\": false, \"required\": false, \"columnIndex\": 0, \"hasChildren\": false, \"inputCategory\": false}, {\"name\": \"due_date\", \"path\": \"due_date\", \"type\": \"string\", \"label\": \"Due Date\", \"checked\": true, \"readonly\": false, \"required\": false, \"columnIndex\": 0, \"hasChildren\": false, \"inputCategory\": false}, {\"name\": \"sys_mod_count\", \"path\": \"sys_mod_count\", \"type\": \"integer\", \"label\": \"Updates\", \"checked\": true, \"readonly\": false, \"required\": false, \"columnIndex\": 0, \"hasChildren\": false, \"inputCategory\": false}, {\"name\": \"reopen_count\", \"path\": \"reopen_count\", \"type\": \"integer\", \"label\": \"Reopen count\", \"checked\": true, \"readonly\": false, \"required\": false, \"columnIndex\": 0, \"hasChildren\": false, \"inputCategory\": false}, {\"name\": \"sys_tags\", \"path\": \"sys_tags\", \"type\": \"string\", \"label\": \"Tags\", \"checked\": true, \"readonly\": false, \"required\": false, \"columnIndex\": 0, \"hasChildren\": false, \"inputCategory\": false}, {\"name\": \"location\", \"path\": \"location\", \"type\": \"string\", \"label\": \"Location\", \"checked\": true, \"readonly\": false, \"required\": false, \"columnIndex\": 0, \"hasChildren\": false, \"inputCategory\": false}, {\"name\": \"category\", \"path\": \"category\", \"type\": \"string\", \"label\": \"Category\", \"checked\": true, \"readonly\": false, \"required\": false, \"columnIndex\": 0, \"hasChildren\": false, \"inputCategory\": false}, {\"name\": \"u_string_2\", \"path\": \"u_string_2\", \"type\": \"string\", \"label\": \"Comment\", \"checked\": true, \"readonly\": false, \"required\": false, \"columnIndex\": 0, \"hasChildren\": false, \"inputCategory\": false}], \"externalFields\": [], \"referenceFields\": []}",
    "null" : false
  },
  "config_json" : {
    "type" : "jsonb",
    "value" : "{\"batch\": false, \"count\": null, \"action\": \"Get\", \"entity\": \"{\\\"name\\\":\\\"incident\\\",\\\"label\\\":\\\"Incident\\\",\\\"hasChildren\\\":false,\\\"mainEntity\\\":false,\\\"displayName\\\":\\\"Objects\\\"}\", \"fields\": [{\"name\": \"parent\", \"path\": \"parent\", \"type\": \"string\", \"label\": \"Parent\", \"checked\": true, \"readonly\": false, \"required\": false, \"columnIndex\": 0, \"hasChildren\": false, \"inputCategory\": false}, {\"name\": \"caused_by\", \"path\": \"caused_by\", \"type\": \"string\", \"label\": \"Caused by Change\", \"checked\": true, \"readonly\": false, \"required\": false, \"columnIndex\": 0, \"hasChildren\": false, \"inputCategory\": false}, {\"name\": \"watch_list\", \"path\": \"watch_list\", \"type\": \"string\", \"label\": \"Watch list\", \"checked\": true, \"readonly\": false, \"required\": false, \"columnIndex\": 0, \"hasChildren\": false, \"inputCategory\": false}, {\"name\": \"upon_reject\", \"path\": \"upon_reject\", \"type\": \"string\", \"label\": \"Upon reject\", \"checked\": true, \"readonly\": false, \"required\": false, \"columnIndex\": 0, \"hasChildren\": false, \"inputCategory\": false}, {\"name\": \"sys_updated_on\", \"path\": \"sys_updated_on\", \"type\": \"string\", \"label\": \"updated\", \"checked\": true, \"readonly\": false, \"required\": false, \"columnIndex\": 0, \"hasChildren\": false, \"inputCategory\": false}, {\"name\": \"origin_table\", \"path\": \"origin_table\", \"type\": \"string\", \"label\": \"Origin table\", \"checked\": true, \"readonly\": false, \"required\": false, \"columnIndex\": 0, \"hasChildren\": false, \"inputCategory\": false}, {\"name\": \"approval_history\", \"path\": \"approval_history\", \"type\": \"string\", \"label\": \"Approval history\", \"checked\": true, \"readonly\": false, \"required\": false, \"columnIndex\": 0, \"hasChildren\": false, \"inputCategory\": false}, {\"name\": \"number\", \"path\": \"number\", \"type\": \"string\", \"label\": \"Number\", \"checked\": true, \"readonly\": false, \"required\": false, \"columnIndex\": 0, \"hasChildren\": false, \"inputCategory\": false}, {\"name\": \"state\", \"path\": \"state\", \"type\": \"integer\", \"label\": \"State\", \"checked\": true, \"readonly\": false, \"required\": false, \"columnIndex\": 0, \"hasChildren\": false, \"inputCategory\": false}, {\"name\": \"sys_created_by\", \"path\": \"sys_created_by\", \"type\": \"string\", \"label\": \"Created by\", \"checked\": true, \"readonly\": false, \"required\": false, \"columnIndex\": 0, \"hasChildren\": false, \"inputCategory\": false}, {\"name\": \"knowledge\", \"path\": \"knowledge\", \"type\": \"boolean\", \"label\": \"Knowledge\", \"checked\": true, \"readonly\": false, \"required\": false, \"columnIndex\": 0, \"hasChildren\": false, \"inputCategory\": false}, {\"name\": \"order\", \"path\": \"order\", \"type\": \"integer\", \"label\": \"Order\", \"checked\": true, \"readonly\": false, \"required\": false, \"columnIndex\": 0, \"hasChildren\": false, \"inputCategory\": false}, {\"name\": \"cmdb_ci\", \"path\": \"cmdb_ci\", \"type\": \"string\", \"label\": \"Configuration item\", \"checked\": true, \"readonly\": false, \"required\": false, \"columnIndex\": 0, \"hasChildren\": false, \"inputCategory\": false}, {\"name\": \"delivery_plan\", \"path\": \"delivery_plan\", \"type\": \"string\", \"label\": \"Delivery plan\", \"checked\": true, \"readonly\": false, \"required\": false, \"columnIndex\": 0, \"hasChildren\": false, \"inputCategory\": false}, {\"name\": \"impact\", \"path\": \"impact\", \"type\": \"integer\", \"label\": \"impact\", \"checked\": true, \"readonly\": false, \"required\": false, \"columnIndex\": 0, \"hasChildren\": false, \"inputCategory\": false}, {\"name\": \"contract\", \"path\": \"contract\", \"type\": \"string\", \"label\": \"Contract\", \"checked\": true, \"readonly\": false, \"required\": false, \"columnIndex\": 0, \"hasChildren\": false, \"inputCategory\": false}, {\"name\": \"active\", \"path\": \"active\", \"type\": \"boolean\", \"label\": \"Active\", \"checked\": true, \"readonly\": false, \"required\": false, \"columnIndex\": 0, \"hasChildren\": false, \"inputCategory\": false}, {\"name\": \"work_notes_list\", \"path\": \"work_notes_list\", \"type\": \"string\", \"label\": \"Work notes list\", \"checked\": true, \"readonly\": false, \"required\": false, \"columnIndex\": 0, \"hasChildren\": false, \"inputCategory\": false}, {\"name\": \"priority\", \"path\": \"priority\", \"type\": \"integer\", \"label\": \"Priority\", \"checked\": true, \"readonly\": false, \"required\": false, \"columnIndex\": 0, \"hasChildren\": false, \"inputCategory\": false}, {\"name\": \"sys_domain_path\", \"path\": \"sys_domain_path\", \"type\": \"string\", \"label\": \"Domain Path\", \"checked\": true, \"readonly\": false, \"required\": false, \"columnIndex\": 0, \"hasChildren\": false, \"inputCategory\": false}, {\"name\": \"business_duration\", \"path\": \"business_duration\", \"type\": \"string\", \"label\": \"Business duration\", \"checked\": true, \"readonly\": false, \"required\": false, \"columnIndex\": 0, \"hasChildren\": false, \"inputCategory\": false}, {\"name\": \"group_list\", \"path\": \"group_list\", \"type\": \"string\", \"label\": \"Group list\", \"checked\": true, \"readonly\": false, \"required\": false, \"columnIndex\": 0, \"hasChildren\": false, \"inputCategory\": false}, {\"name\": \"approval_set\", \"path\": \"approval_set\", \"type\": \"string\", \"label\": \"Approval set\", \"checked\": true, \"readonly\": false, \"required\": false, \"columnIndex\": 0, \"hasChildren\": false, \"inputCategory\": false}, {\"name\": \"universal_request\", \"path\": \"universal_request\", \"type\": \"string\", \"label\": \"Universal Request\", \"checked\": true, \"readonly\": false, \"required\": false, \"columnIndex\": 0, \"hasChildren\": false, \"inputCategory\": false}, {\"name\": \"short_description\", \"path\": \"short_description\", \"type\": \"string\", \"label\": \"Short description\", \"checked\": true, \"readonly\": false, \"required\": false, \"columnIndex\": 0, \"hasChildren\": false, \"inputCategory\": false}, {\"name\": \"correlation_display\", \"path\": \"correlation_display\", \"type\": \"string\", \"label\": \"Correlation display\", \"checked\": true, \"readonly\": false, \"required\": false, \"columnIndex\": 0, \"hasChildren\": false, \"inputCategory\": false}, {\"name\": \"work_start\", \"path\": \"work_start\", \"type\": \"string\", \"label\": \"Actual start\", \"checked\": true, \"readonly\": false, \"required\": false, \"columnIndex\": 0, \"hasChildren\": false, \"inputCategory\": false}, {\"name\": \"delivery_task\", \"path\": \"delivery_task\", \"type\": \"string\", \"label\": \"Delivery task\", \"checked\": true, \"readonly\": false, \"required\": false, \"columnIndex\": 0, \"hasChildren\": false, \"inputCategory\": false}, {\"name\": \"additional_assignee_list\", \"path\": \"additional_assignee_list\", \"type\": \"string\", \"label\": \"Additional assignee list\", \"checked\": true, \"readonly\": false, \"required\": false, \"columnIndex\": 0, \"hasChildren\": false, \"inputCategory\": false}, {\"name\": \"notify\", \"path\": \"notify\", \"type\": \"integer\", \"label\": \"Notify\", \"checked\": true, \"readonly\": false, \"required\": false, \"columnIndex\": 0, \"hasChildren\": false, \"inputCategory\": false}, {\"name\": \"sys_class_name\", \"path\": \"sys_class_name\", \"type\": \"string\", \"label\": \"Task type\", \"checked\": true, \"readonly\": false, \"required\": false, \"columnIndex\": 0, \"hasChildren\": false, \"inputCategory\": false}, {\"name\": \"service_offering\", \"path\": \"service_offering\", \"type\": \"string\", \"label\": \"Service offering\", \"checked\": true, \"readonly\": false, \"required\": false, \"columnIndex\": 0, \"hasChildren\": false, \"inputCategory\": false}, {\"name\": \"closed_by\", \"path\": \"closed_by\", \"type\": \"string\", \"label\": \"Closed by\", \"checked\": true, \"readonly\": false, \"required\": false, \"columnIndex\": 0, \"hasChildren\": false, \"inputCategory\": false}, {\"name\": \"follow_up\", \"path\": \"follow_up\", \"type\": \"string\", \"label\": \"Follow up\", \"checked\": true, \"readonly\": false, \"required\": false, \"columnIndex\": 0, \"hasChildren\": false, \"inputCategory\": false}, {\"name\": \"parent_incident\", \"path\": \"parent_incident\", \"type\": \"string\", \"label\": \"Parent Incident\", \"checked\": true, \"readonly\": false, \"required\": false, \"columnIndex\": 0, \"hasChildren\": false, \"inputCategory\": false}, {\"name\": \"reopened_by\", \"path\": \"reopened_by\", \"type\": \"string\", \"label\": \"Last reopened by\", \"checked\": true, \"readonly\": false, \"required\": false, \"columnIndex\": 0, \"hasChildren\": false, \"inputCategory\": false}, {\"name\": \"reassignment_count\", \"path\": \"reassignment_count\", \"type\": \"integer\", \"label\": \"Reassignment count\", \"checked\": true, \"readonly\": false, \"required\": false, \"columnIndex\": 0, \"hasChildren\": false, \"inputCategory\": false}, {\"name\": \"u_mp_subscription_approvel_state_2\", \"path\": \"u_mp_subscription_approvel_state_2\", \"type\": \"string\", \"label\": \"Marketplace Product Subscription Approval\", \"checked\": true, \"readonly\": false, \"required\": false, \"columnIndex\": 0, \"hasChildren\": false, \"inputCategory\": false}, {\"name\": \"assigned_to\", \"path\": \"assigned_to\", \"type\": \"string\", \"label\": \"Assigned to\", \"checked\": true, \"readonly\": false, \"required\": false, \"columnIndex\": 0, \"hasChildren\": false, \"inputCategory\": false}, {\"name\": \"sla_due\", \"path\": \"sla_due\", \"type\": \"string\", \"label\": \"SLA due\", \"checked\": true, \"readonly\": false, \"required\": false, \"columnIndex\": 0, \"hasChildren\": false, \"inputCategory\": false}, {\"name\": \"comments_and_work_notes\", \"path\": \"comments_and_work_notes\", \"type\": \"string\", \"label\": \"Comments and Work notes\", \"checked\": true, \"readonly\": false, \"required\": false, \"columnIndex\": 0, \"hasChildren\": false, \"inputCategory\": false}, {\"name\": \"u_choice_1\", \"path\": \"u_choice_1\", \"type\": \"string\", \"label\": \"Approval\", \"checked\": true, \"readonly\": false, \"required\": false, \"columnIndex\": 0, \"hasChildren\": false, \"inputCategory\": false}, {\"name\": \"escalation\", \"path\": \"escalation\", \"type\": \"integer\", \"label\": \"Escalation\", \"checked\": true, \"readonly\": false, \"required\": false, \"columnIndex\": 0, \"hasChildren\": false, \"inputCategory\": false}, {\"name\": \"upon_approval\", \"path\": \"upon_approval\", \"type\": \"string\", \"label\": \"Upon approval\", \"checked\": true, \"readonly\": false, \"required\": false, \"columnIndex\": 0, \"hasChildren\": false, \"inputCategory\": false}, {\"name\": \"correlation_id\", \"path\": \"correlation_id\", \"type\": \"string\", \"label\": \"Correlation ID\", \"checked\": true, \"readonly\": false, \"required\": false, \"columnIndex\": 0, \"hasChildren\": false, \"inputCategory\": false}, {\"name\": \"made_sla\", \"path\": \"made_sla\", \"type\": \"boolean\", \"label\": \"Made SLA\", \"checked\": true, \"readonly\": false, \"required\": false, \"columnIndex\": 0, \"hasChildren\": false, \"inputCategory\": false}, {\"name\": \"u_mp_subscription_approval_state\", \"path\": \"u_mp_subscription_approval_state\", \"type\": \"string\", \"label\": \"Marketplace Product Subscription Approval\", \"checked\": true, \"readonly\": false, \"required\": false, \"columnIndex\": 0, \"hasChildren\": false, \"inputCategory\": false}, {\"name\": \"child_incidents\", \"path\": \"child_incidents\", \"type\": \"integer\", \"label\": \"Child Incidents\", \"checked\": true, \"readonly\": false, \"required\": false, \"columnIndex\": 0, \"hasChildren\": false, \"inputCategory\": false}, {\"name\": \"hold_reason\", \"path\": \"hold_reason\", \"type\": \"integer\", \"label\": \"On hold reason\", \"checked\": true, \"readonly\": false, \"required\": false, \"columnIndex\": 0, \"hasChildren\": false, \"inputCategory\": false}, {\"name\": \"task_effective_number\", \"path\": \"task_effective_number\", \"type\": \"string\", \"label\": \"Effective number\", \"checked\": true, \"readonly\": false, \"required\": false, \"columnIndex\": 0, \"hasChildren\": false, \"inputCategory\": false}, {\"name\": \"resolved_by\", \"path\": \"resolved_by\", \"type\": \"string\", \"label\": \"Resolved by\", \"checked\": true, \"readonly\": false, \"required\": false, \"columnIndex\": 0, \"hasChildren\": false, \"inputCategory\": false}, {\"name\": \"sys_updated_by\", \"path\": \"sys_updated_by\", \"type\": \"string\", \"label\": \"Updated by\", \"checked\": true, \"readonly\": false, \"required\": false, \"columnIndex\": 0, \"hasChildren\": false, \"inputCategory\": false}, {\"name\": \"opened_by\", \"path\": \"opened_by\", \"type\": \"string\", \"label\": \"Opened by\", \"checked\": true, \"readonly\": false, \"required\": false, \"columnIndex\": 0, \"hasChildren\": false, \"inputCategory\": false}, {\"name\": \"user_input\", \"path\": \"user_input\", \"type\": \"string\", \"label\": \"User input\", \"checked\": true, \"readonly\": false, \"required\": false, \"columnIndex\": 0, \"hasChildren\": false, \"inputCategory\": false}, {\"name\": \"sys_created_on\", \"path\": \"sys_created_on\", \"type\": \"string\", \"label\": \"Created\", \"checked\": true, \"readonly\": false, \"required\": false, \"columnIndex\": 0, \"hasChildren\": false, \"inputCategory\": false}, {\"name\": \"sys_domain\", \"path\": \"sys_domain\", \"type\": \"string\", \"label\": \"Domain\", \"checked\": true, \"readonly\": false, \"required\": false, \"columnIndex\": 0, \"hasChildren\": false, \"inputCategory\": false}, {\"name\": \"route_reason\", \"path\": \"route_reason\", \"type\": \"integer\", \"label\": \"Transfer reason\", \"checked\": true, \"readonly\": false, \"required\": false, \"columnIndex\": 0, \"hasChildren\": false, \"inputCategory\": false}, {\"name\": \"calendar_stc\", \"path\": \"calendar_stc\", \"type\": \"integer\", \"label\": \"Resolve time\", \"checked\": true, \"readonly\": false, \"required\": false, \"columnIndex\": 0, \"hasChildren\": false, \"inputCategory\": false}, {\"name\": \"closed_at\", \"path\": \"closed_at\", \"type\": \"string\", \"label\": \"Closed\", \"checked\": true, \"readonly\": false, \"required\": false, \"columnIndex\": 0, \"hasChildren\": false, \"inputCategory\": false}, {\"name\": \"business_service\", \"path\": \"business_service\", \"type\": \"string\", \"label\": \"Service\", \"checked\": true, \"readonly\": false, \"required\": false, \"columnIndex\": 0, \"hasChildren\": false, \"inputCategory\": false}, {\"name\": \"business_impact\", \"path\": \"business_impact\", \"type\": \"string\", \"label\": \"Business impact\", \"checked\": true, \"readonly\": false, \"required\": false, \"columnIndex\": 0, \"hasChildren\": false, \"inputCategory\": false}, {\"name\": \"u_mp_subscription_approval_comment\", \"path\": \"u_mp_subscription_approval_comment\", \"type\": \"string\", \"label\": \"Marketplace Product Subscription Approval Comment\", \"checked\": true, \"readonly\": false, \"required\": false, \"columnIndex\": 0, \"hasChildren\": false, \"inputCategory\": false}, {\"name\": \"rfc\", \"path\": \"rfc\", \"type\": \"string\", \"label\": \"Change Request\", \"checked\": true, \"readonly\": false, \"required\": false, \"columnIndex\": 0, \"hasChildren\": false, \"inputCategory\": false}, {\"name\": \"time_worked\", \"path\": \"time_worked\", \"type\": \"string\", \"label\": \"Time worked\", \"checked\": true, \"readonly\": false, \"required\": false, \"columnIndex\": 0, \"hasChildren\": false, \"inputCategory\": false}, {\"name\": \"expected_start\", \"path\": \"expected_start\", \"type\": \"string\", \"label\": \"Expected start\", \"checked\": true, \"readonly\": false, \"required\": false, \"columnIndex\": 0, \"hasChildren\": false, \"inputCategory\": false}, {\"name\": \"opened_at\", \"path\": \"opened_at\", \"type\": \"string\", \"label\": \"Opened\", \"checked\": true, \"readonly\": false, \"required\": false, \"columnIndex\": 0, \"hasChildren\": false, \"inputCategory\": false}, {\"name\": \"work_end\", \"path\": \"work_end\", \"type\": \"string\", \"label\": \"Actual end\", \"checked\": true, \"readonly\": false, \"required\": false, \"columnIndex\": 0, \"hasChildren\": false, \"inputCategory\": false}, {\"name\": \"reopened_time\", \"path\": \"reopened_time\", \"type\": \"string\", \"label\": \"Last reopened at\", \"checked\": true, \"readonly\": false, \"required\": false, \"columnIndex\": 0, \"hasChildren\": false, \"inputCategory\": false}, {\"name\": \"resolved_at\", \"path\": \"resolved_at\", \"type\": \"string\", \"label\": \"Resolved\", \"checked\": true, \"readonly\": false, \"required\": false, \"columnIndex\": 0, \"hasChildren\": false, \"inputCategory\": false}, {\"name\": \"caller_id\", \"path\": \"caller_id\", \"type\": \"string\", \"label\": \"Caller\", \"checked\": true, \"readonly\": false, \"required\": false, \"columnIndex\": 0, \"hasChildren\": false, \"inputCategory\": false}, {\"name\": \"subcategory\", \"path\": \"subcategory\", \"type\": \"string\", \"label\": \"Subcategory\", \"checked\": true, \"readonly\": false, \"required\": false, \"columnIndex\": 0, \"hasChildren\": false, \"inputCategory\": false}, {\"name\": \"work_notes\", \"path\": \"work_notes\", \"type\": \"string\", \"label\": \"Work notes\", \"checked\": true, \"readonly\": false, \"required\": false, \"columnIndex\": 0, \"hasChildren\": false, \"inputCategory\": false}, {\"name\": \"close_code\", \"path\": \"close_code\", \"type\": \"string\", \"label\": \"Resolution code\", \"checked\": true, \"readonly\": false, \"required\": false, \"columnIndex\": 0, \"hasChildren\": false, \"inputCategory\": false}, {\"name\": \"assignment_group\", \"path\": \"assignment_group\", \"type\": \"string\", \"label\": \"Assignment group\", \"checked\": true, \"readonly\": false, \"required\": false, \"columnIndex\": 0, \"hasChildren\": false, \"inputCategory\": false}, {\"name\": \"u_mp_subscription_approval_selflink\", \"path\": \"u_mp_subscription_approval_selflink\", \"type\": \"string\", \"label\": \"Marketplace Product Subscription Selflink\", \"checked\": true, \"readonly\": false, \"required\": false, \"columnIndex\": 0, \"hasChildren\": false, \"inputCategory\": false}, {\"name\": \"business_stc\", \"path\": \"business_stc\", \"type\": \"integer\", \"label\": \"Business resolve time\", \"checked\": true, \"readonly\": false, \"required\": false, \"columnIndex\": 0, \"hasChildren\": false, \"inputCategory\": false}, {\"name\": \"cause\", \"path\": \"cause\", \"type\": \"string\", \"label\": \"Probable cause\", \"checked\": true, \"readonly\": false, \"required\": false, \"columnIndex\": 0, \"hasChildren\": false, \"inputCategory\": false}, {\"name\": \"description\", \"path\": \"description\", \"type\": \"string\", \"label\": \"Description\", \"checked\": true, \"readonly\": false, \"required\": false, \"columnIndex\": 0, \"hasChildren\": false, \"inputCategory\": false}, {\"name\": \"origin_id\", \"path\": \"origin_id\", \"type\": \"string\", \"label\": \"Origin\", \"checked\": true, \"readonly\": false, \"required\": false, \"columnIndex\": 0, \"hasChildren\": false, \"inputCategory\": false}, {\"name\": \"calendar_duration\", \"path\": \"calendar_duration\", \"type\": \"string\", \"label\": \"Duration\", \"checked\": true, \"readonly\": false, \"required\": false, \"columnIndex\": 0, \"hasChildren\": false, \"inputCategory\": false}, {\"name\": \"close_notes\", \"path\": \"close_notes\", \"type\": \"string\", \"label\": \"Close notes\", \"checked\": true, \"readonly\": false, \"required\": false, \"columnIndex\": 0, \"hasChildren\": false, \"inputCategory\": false}, {\"name\": \"sys_id\", \"path\": \"sys_id\", \"type\": \"string\", \"label\": \"Sys ID\", \"checked\": true, \"readonly\": false, \"required\": false, \"columnIndex\": 0, \"hasChildren\": false, \"inputCategory\": false}, {\"name\": \"contact_type\", \"path\": \"contact_type\", \"type\": \"string\", \"label\": \"Contact type\", \"checked\": true, \"readonly\": false, \"required\": false, \"columnIndex\": 0, \"hasChildren\": false, \"inputCategory\": false}, {\"name\": \"incident_state\", \"path\": \"incident_state\", \"type\": \"integer\", \"label\": \"Incident state\", \"checked\": true, \"readonly\": false, \"required\": false, \"columnIndex\": 0, \"hasChildren\": false, \"inputCategory\": false}, {\"name\": \"urgency\", \"path\": \"urgency\", \"type\": \"integer\", \"label\": \"Urgency\", \"checked\": true, \"readonly\": false, \"required\": false, \"columnIndex\": 0, \"hasChildren\": false, \"inputCategory\": false}, {\"name\": \"problem_id\", \"path\": \"problem_id\", \"type\": \"string\", \"label\": \"Problem\", \"checked\": true, \"readonly\": false, \"required\": false, \"columnIndex\": 0, \"hasChildren\": false, \"inputCategory\": false}, {\"name\": \"company\", \"path\": \"company\", \"type\": \"string\", \"label\": \"Company\", \"checked\": true, \"readonly\": false, \"required\": false, \"columnIndex\": 0, \"hasChildren\": false, \"inputCategory\": false}, {\"name\": \"activity_due\", \"path\": \"activity_due\", \"type\": \"string\", \"label\": \"Activity due\", \"checked\": true, \"readonly\": false, \"required\": false, \"columnIndex\": 0, \"hasChildren\": false, \"inputCategory\": false}, {\"name\": \"severity\", \"path\": \"severity\", \"type\": \"integer\", \"label\": \"Severity\", \"checked\": true, \"readonly\": false, \"required\": false, \"columnIndex\": 0, \"hasChildren\": false, \"inputCategory\": false}, {\"name\": \"comments\", \"path\": \"comments\", \"type\": \"string\", \"label\": \"Additional comments\", \"checked\": true, \"readonly\": false, \"required\": false, \"columnIndex\": 0, \"hasChildren\": false, \"inputCategory\": false}, {\"name\": \"approval\", \"path\": \"approval\", \"type\": \"string\", \"label\": \"Approval\", \"checked\": true, \"readonly\": false, \"required\": false, \"columnIndex\": 0, \"hasChildren\": false, \"inputCategory\": false}, {\"name\": \"due_date\", \"path\": \"due_date\", \"type\": \"string\", \"label\": \"Due Date\", \"checked\": true, \"readonly\": false, \"required\": false, \"columnIndex\": 0, \"hasChildren\": false, \"inputCategory\": false}, {\"name\": \"sys_mod_count\", \"path\": \"sys_mod_count\", \"type\": \"integer\", \"label\": \"Updates\", \"checked\": true, \"readonly\": false, \"required\": false, \"columnIndex\": 0, \"hasChildren\": false, \"inputCategory\": false}, {\"name\": \"reopen_count\", \"path\": \"reopen_count\", \"type\": \"integer\", \"label\": \"Reopen count\", \"checked\": true, \"readonly\": false, \"required\": false, \"columnIndex\": 0, \"hasChildren\": false, \"inputCategory\": false}, {\"name\": \"sys_tags\", \"path\": \"sys_tags\", \"type\": \"string\", \"label\": \"Tags\", \"checked\": true, \"readonly\": false, \"required\": false, \"columnIndex\": 0, \"hasChildren\": false, \"inputCategory\": false}, {\"name\": \"location\", \"path\": \"location\", \"type\": \"string\", \"label\": \"Location\", \"checked\": true, \"readonly\": false, \"required\": false, \"columnIndex\": 0, \"hasChildren\": false, \"inputCategory\": false}, {\"name\": \"category\", \"path\": \"category\", \"type\": \"string\", \"label\": \"Category\", \"checked\": true, \"readonly\": false, \"required\": false, \"columnIndex\": 0, \"hasChildren\": false, \"inputCategory\": false}, {\"name\": \"u_string_2\", \"path\": \"u_string_2\", \"type\": \"string\", \"label\": \"Comment\", \"checked\": true, \"readonly\": false, \"required\": false, \"columnIndex\": 0, \"hasChildren\": false, \"inputCategory\": false}], \"allOrNone\": false, \"externalFields\": [], \"referenceFields\": [], \"batchConfiguration\": {\"skippable\": false, \"maxBatchSize\": 0, \"batchSupported\": false}}",
    "null" : false
  },
  "display_query" : null,
  "input_structure" : {
    "type" : "jsonb",
    "value" : "[{\"key\": \"/GetIncidentInput\", \"type\": \"object\", \"order\": 1.0, \"title\": \"GetIncidentInput\", \"children\": [{\"key\": \"/GetIncidentInput/get\", \"type\": \"object\", \"order\": 2.0, \"title\": \"get\", \"children\": [{\"key\": \"/GetIncidentInput/get/sys_id\", \"type\": \"string\", \"order\": 3.0, \"title\": \"sys_id\", \"hasChildren\": false, \"dataElementType\": \"string\"}], \"hasChildren\": true, \"dataElementType\": \"document\"}], \"hasChildren\": true, \"dataElementType\": \"document\"}]",
    "null" : false
  },
  "output_structure" : {
    "type" : "jsonb",
    "value" : "[{\"key\": \"/GetIncidentOutput\", \"type\": \"object\", \"order\": 1.0, \"title\": \"GetIncidentOutput\", \"children\": [{\"key\": \"/GetIncidentOutput/response\", \"type\": \"object\", \"order\": 2.0, \"title\": \"response\", \"children\": [{\"key\": \"/GetIncidentOutput/response/result\", \"type\": \"document\", \"order\": 3.0, \"title\": \"result\", \"children\": [{\"key\": \"/GetIncidentOutput/response/result/parent\", \"type\": \"string\", \"order\": 4.0, \"title\": \"parent\", \"hasChildren\": false, \"dataElementType\": \"string\"}, {\"key\": \"/GetIncidentOutput/response/result/caused_by\", \"type\": \"string\", \"order\": 5.0, \"title\": \"caused_by\", \"hasChildren\": false, \"dataElementType\": \"string\"}, {\"key\": \"/GetIncidentOutput/response/result/watch_list\", \"type\": \"string\", \"order\": 6.0, \"title\": \"watch_list\", \"hasChildren\": false, \"dataElementType\": \"string\"}, {\"key\": \"/GetIncidentOutput/response/result/upon_reject\", \"type\": \"string\", \"order\": 7.0, \"title\": \"upon_reject\", \"hasChildren\": false, \"dataElementType\": \"string\"}, {\"key\": \"/GetIncidentOutput/response/result/sys_updated_on\", \"type\": \"string\", \"order\": 8.0, \"title\": \"sys_updated_on\", \"hasChildren\": false, \"dataElementType\": \"string\"}, {\"key\": \"/GetIncidentOutput/response/result/origin_table\", \"type\": \"string\", \"order\": 9.0, \"title\": \"origin_table\", \"hasChildren\": false, \"dataElementType\": \"string\"}, {\"key\": \"/GetIncidentOutput/response/result/approval_history\", \"type\": \"string\", \"order\": 10.0, \"title\": \"approval_history\", \"hasChildren\": false, \"dataElementType\": \"string\"}, {\"key\": \"/GetIncidentOutput/response/result/number\", \"type\": \"string\", \"order\": 11.0, \"title\": \"number\", \"hasChildren\": false, \"dataElementType\": \"string\"}, {\"key\": \"/GetIncidentOutput/response/result/state\", \"type\": \"integer\", \"order\": 12.0, \"title\": \"state\", \"hasChildren\": false, \"dataElementType\": \"integer\"}, {\"key\": \"/GetIncidentOutput/response/result/sys_created_by\", \"type\": \"string\", \"order\": 13.0, \"title\": \"sys_created_by\", \"hasChildren\": false, \"dataElementType\": \"string\"}, {\"key\": \"/GetIncidentOutput/response/result/knowledge\", \"type\": \"boolean\", \"order\": 14.0, \"title\": \"knowledge\", \"hasChildren\": false, \"dataElementType\": \"boolean\"}, {\"key\": \"/GetIncidentOutput/response/result/order\", \"type\": \"integer\", \"order\": 15.0, \"title\": \"order\", \"hasChildren\": false, \"dataElementType\": \"integer\"}, {\"key\": \"/GetIncidentOutput/response/result/cmdb_ci\", \"type\": \"string\", \"order\": 16.0, \"title\": \"cmdb_ci\", \"hasChildren\": false, \"dataElementType\": \"string\"}, {\"key\": \"/GetIncidentOutput/response/result/delivery_plan\", \"type\": \"string\", \"order\": 17.0, \"title\": \"delivery_plan\", \"hasChildren\": false, \"dataElementType\": \"string\"}, {\"key\": \"/GetIncidentOutput/response/result/impact\", \"type\": \"integer\", \"order\": 18.0, \"title\": \"impact\", \"hasChildren\": false, \"dataElementType\": \"integer\"}, {\"key\": \"/GetIncidentOutput/response/result/contract\", \"type\": \"string\", \"order\": 19.0, \"title\": \"contract\", \"hasChildren\": false, \"dataElementType\": \"string\"}, {\"key\": \"/GetIncidentOutput/response/result/active\", \"type\": \"boolean\", \"order\": 20.0, \"title\": \"active\", \"hasChildren\": false, \"dataElementType\": \"boolean\"}, {\"key\": \"/GetIncidentOutput/response/result/work_notes_list\", \"type\": \"string\", \"order\": 21.0, \"title\": \"work_notes_list\", \"hasChildren\": false, \"dataElementType\": \"string\"}, {\"key\": \"/GetIncidentOutput/response/result/priority\", \"type\": \"integer\", \"order\": 22.0, \"title\": \"priority\", \"hasChildren\": false, \"dataElementType\": \"integer\"}, {\"key\": \"/GetIncidentOutput/response/result/sys_domain_path\", \"type\": \"string\", \"order\": 23.0, \"title\": \"sys_domain_path\", \"hasChildren\": false, \"dataElementType\": \"string\"}, {\"key\": \"/GetIncidentOutput/response/result/business_duration\", \"type\": \"string\", \"order\": 24.0, \"title\": \"business_duration\", \"hasChildren\": false, \"dataElementType\": \"string\"}, {\"key\": \"/GetIncidentOutput/response/result/group_list\", \"type\": \"string\", \"order\": 25.0, \"title\": \"group_list\", \"hasChildren\": false, \"dataElementType\": \"string\"}, {\"key\": \"/GetIncidentOutput/response/result/approval_set\", \"type\": \"string\", \"order\": 26.0, \"title\": \"approval_set\", \"hasChildren\": false, \"dataElementType\": \"string\"}, {\"key\": \"/GetIncidentOutput/response/result/universal_request\", \"type\": \"string\", \"order\": 27.0, \"title\": \"universal_request\", \"hasChildren\": false, \"dataElementType\": \"string\"}, {\"key\": \"/GetIncidentOutput/response/result/short_description\", \"type\": \"string\", \"order\": 28.0, \"title\": \"short_description\", \"hasChildren\": false, \"dataElementType\": \"string\"}, {\"key\": \"/GetIncidentOutput/response/result/correlation_display\", \"type\": \"string\", \"order\": 29.0, \"title\": \"correlation_display\", \"hasChildren\": false, \"dataElementType\": \"string\"}, {\"key\": \"/GetIncidentOutput/response/result/work_start\", \"type\": \"string\", \"order\": 30.0, \"title\": \"work_start\", \"hasChildren\": false, \"dataElementType\": \"string\"}, {\"key\": \"/GetIncidentOutput/response/result/delivery_task\", \"type\": \"string\", \"order\": 31.0, \"title\": \"delivery_task\", \"hasChildren\": false, \"dataElementType\": \"string\"}, {\"key\": \"/GetIncidentOutput/response/result/additional_assignee_list\", \"type\": \"string\", \"order\": 32.0, \"title\": \"additional_assignee_list\", \"hasChildren\": false, \"dataElementType\": \"string\"}, {\"key\": \"/GetIncidentOutput/response/result/notify\", \"type\": \"integer\", \"order\": 33.0, \"title\": \"notify\", \"hasChildren\": false, \"dataElementType\": \"integer\"}, {\"key\": \"/GetIncidentOutput/response/result/sys_class_name\", \"type\": \"string\", \"order\": 34.0, \"title\": \"sys_class_name\", \"hasChildren\": false, \"dataElementType\": \"string\"}, {\"key\": \"/GetIncidentOutput/response/result/service_offering\", \"type\": \"string\", \"order\": 35.0, \"title\": \"service_offering\", \"hasChildren\": false, \"dataElementType\": \"string\"}, {\"key\": \"/GetIncidentOutput/response/result/closed_by\", \"type\": \"string\", \"order\": 36.0, \"title\": \"closed_by\", \"hasChildren\": false, \"dataElementType\": \"string\"}, {\"key\": \"/GetIncidentOutput/response/result/follow_up\", \"type\": \"string\", \"order\": 37.0, \"title\": \"follow_up\", \"hasChildren\": false, \"dataElementType\": \"string\"}, {\"key\": \"/GetIncidentOutput/response/result/parent_incident\", \"type\": \"string\", \"order\": 38.0, \"title\": \"parent_incident\", \"hasChildren\": false, \"dataElementType\": \"string\"}, {\"key\": \"/GetIncidentOutput/response/result/reopened_by\", \"type\": \"string\", \"order\": 39.0, \"title\": \"reopened_by\", \"hasChildren\": false, \"dataElementType\": \"string\"}, {\"key\": \"/GetIncidentOutput/response/result/reassignment_count\", \"type\": \"integer\", \"order\": 40.0, \"title\": \"reassignment_count\", \"hasChildren\": false, \"dataElementType\": \"integer\"}, {\"key\": \"/GetIncidentOutput/response/result/u_mp_subscription_approvel_state_2\", \"type\": \"string\", \"order\": 41.0, \"title\": \"u_mp_subscription_approvel_state_2\", \"hasChildren\": false, \"dataElementType\": \"string\"}, {\"key\": \"/GetIncidentOutput/response/result/assigned_to\", \"type\": \"string\", \"order\": 42.0, \"title\": \"assigned_to\", \"hasChildren\": false, \"dataElementType\": \"string\"}, {\"key\": \"/GetIncidentOutput/response/result/sla_due\", \"type\": \"string\", \"order\": 43.0, \"title\": \"sla_due\", \"hasChildren\": false, \"dataElementType\": \"string\"}, {\"key\": \"/GetIncidentOutput/response/result/comments_and_work_notes\", \"type\": \"string\", \"order\": 44.0, \"title\": \"comments_and_work_notes\", \"hasChildren\": false, \"dataElementType\": \"string\"}, {\"key\": \"/GetIncidentOutput/response/result/u_choice_1\", \"type\": \"string\", \"order\": 45.0, \"title\": \"u_choice_1\", \"hasChildren\": false, \"dataElementType\": \"string\"}, {\"key\": \"/GetIncidentOutput/response/result/escalation\", \"type\": \"integer\", \"order\": 46.0, \"title\": \"escalation\", \"hasChildren\": false, \"dataElementType\": \"integer\"}, {\"key\": \"/GetIncidentOutput/response/result/upon_approval\", \"type\": \"string\", \"order\": 47.0, \"title\": \"upon_approval\", \"hasChildren\": false, \"dataElementType\": \"string\"}, {\"key\": \"/GetIncidentOutput/response/result/correlation_id\", \"type\": \"string\", \"order\": 48.0, \"title\": \"correlation_id\", \"hasChildren\": false, \"dataElementType\": \"string\"}, {\"key\": \"/GetIncidentOutput/response/result/made_sla\", \"type\": \"boolean\", \"order\": 49.0, \"title\": \"made_sla\", \"hasChildren\": false, \"dataElementType\": \"boolean\"}, {\"key\": \"/GetIncidentOutput/response/result/u_mp_subscription_approval_state\", \"type\": \"string\", \"order\": 50.0, \"title\": \"u_mp_subscription_approval_state\", \"hasChildren\": false, \"dataElementType\": \"string\"}, {\"key\": \"/GetIncidentOutput/response/result/child_incidents\", \"type\": \"integer\", \"order\": 51.0, \"title\": \"child_incidents\", \"hasChildren\": false, \"dataElementType\": \"integer\"}, {\"key\": \"/GetIncidentOutput/response/result/hold_reason\", \"type\": \"integer\", \"order\": 52.0, \"title\": \"hold_reason\", \"hasChildren\": false, \"dataElementType\": \"integer\"}, {\"key\": \"/GetIncidentOutput/response/result/task_effective_number\", \"type\": \"string\", \"order\": 53.0, \"title\": \"task_effective_number\", \"hasChildren\": false, \"dataElementType\": \"string\"}, {\"key\": \"/GetIncidentOutput/response/result/resolved_by\", \"type\": \"string\", \"order\": 54.0, \"title\": \"resolved_by\", \"hasChildren\": false, \"dataElementType\": \"string\"}, {\"key\": \"/GetIncidentOutput/response/result/sys_updated_by\", \"type\": \"string\", \"order\": 55.0, \"title\": \"sys_updated_by\", \"hasChildren\": false, \"dataElementType\": \"string\"}, {\"key\": \"/GetIncidentOutput/response/result/opened_by\", \"type\": \"string\", \"order\": 56.0, \"title\": \"opened_by\", \"hasChildren\": false, \"dataElementType\": \"string\"}, {\"key\": \"/GetIncidentOutput/response/result/user_input\", \"type\": \"string\", \"order\": 57.0, \"title\": \"user_input\", \"hasChildren\": false, \"dataElementType\": \"string\"}, {\"key\": \"/GetIncidentOutput/response/result/sys_created_on\", \"type\": \"string\", \"order\": 58.0, \"title\": \"sys_created_on\", \"hasChildren\": false, \"dataElementType\": \"string\"}, {\"key\": \"/GetIncidentOutput/response/result/sys_domain\", \"type\": \"string\", \"order\": 59.0, \"title\": \"sys_domain\", \"hasChildren\": false, \"dataElementType\": \"string\"}, {\"key\": \"/GetIncidentOutput/response/result/route_reason\", \"type\": \"integer\", \"order\": 60.0, \"title\": \"route_reason\", \"hasChildren\": false, \"dataElementType\": \"integer\"}, {\"key\": \"/GetIncidentOutput/response/result/calendar_stc\", \"type\": \"integer\", \"order\": 61.0, \"title\": \"calendar_stc\", \"hasChildren\": false, \"dataElementType\": \"integer\"}, {\"key\": \"/GetIncidentOutput/response/result/closed_at\", \"type\": \"string\", \"order\": 62.0, \"title\": \"closed_at\", \"hasChildren\": false, \"dataElementType\": \"string\"}, {\"key\": \"/GetIncidentOutput/response/result/business_service\", \"type\": \"string\", \"order\": 63.0, \"title\": \"business_service\", \"hasChildren\": false, \"dataElementType\": \"string\"}, {\"key\": \"/GetIncidentOutput/response/result/business_impact\", \"type\": \"string\", \"order\": 64.0, \"title\": \"business_impact\", \"hasChildren\": false, \"dataElementType\": \"string\"}, {\"key\": \"/GetIncidentOutput/response/result/u_mp_subscription_approval_comment\", \"type\": \"string\", \"order\": 65.0, \"title\": \"u_mp_subscription_approval_comment\", \"hasChildren\": false, \"dataElementType\": \"string\"}, {\"key\": \"/GetIncidentOutput/response/result/rfc\", \"type\": \"string\", \"order\": 66.0, \"title\": \"rfc\", \"hasChildren\": false, \"dataElementType\": \"string\"}, {\"key\": \"/GetIncidentOutput/response/result/time_worked\", \"type\": \"string\", \"order\": 67.0, \"title\": \"time_worked\", \"hasChildren\": false, \"dataElementType\": \"string\"}, {\"key\": \"/GetIncidentOutput/response/result/expected_start\", \"type\": \"string\", \"order\": 68.0, \"title\": \"expected_start\", \"hasChildren\": false, \"dataElementType\": \"string\"}, {\"key\": \"/GetIncidentOutput/response/result/opened_at\", \"type\": \"string\", \"order\": 69.0, \"title\": \"opened_at\", \"hasChildren\": false, \"dataElementType\": \"string\"}, {\"key\": \"/GetIncidentOutput/response/result/work_end\", \"type\": \"string\", \"order\": 70.0, \"title\": \"work_end\", \"hasChildren\": false, \"dataElementType\": \"string\"}, {\"key\": \"/GetIncidentOutput/response/result/reopened_time\", \"type\": \"string\", \"order\": 71.0, \"title\": \"reopened_time\", \"hasChildren\": false, \"dataElementType\": \"string\"}, {\"key\": \"/GetIncidentOutput/response/result/resolved_at\", \"type\": \"string\", \"order\": 72.0, \"title\": \"resolved_at\", \"hasChildren\": false, \"dataElementType\": \"string\"}, {\"key\": \"/GetIncidentOutput/response/result/caller_id\", \"type\": \"string\", \"order\": 73.0, \"title\": \"caller_id\", \"hasChildren\": false, \"dataElementType\": \"string\"}, {\"key\": \"/GetIncidentOutput/response/result/subcategory\", \"type\": \"string\", \"order\": 74.0, \"title\": \"subcategory\", \"hasChildren\": false, \"dataElementType\": \"string\"}, {\"key\": \"/GetIncidentOutput/response/result/work_notes\", \"type\": \"string\", \"order\": 75.0, \"title\": \"work_notes\", \"hasChildren\": false, \"dataElementType\": \"string\"}, {\"key\": \"/GetIncidentOutput/response/result/close_code\", \"type\": \"string\", \"order\": 76.0, \"title\": \"close_code\", \"hasChildren\": false, \"dataElementType\": \"string\"}, {\"key\": \"/GetIncidentOutput/response/result/assignment_group\", \"type\": \"string\", \"order\": 77.0, \"title\": \"assignment_group\", \"hasChildren\": false, \"dataElementType\": \"string\"}, {\"key\": \"/GetIncidentOutput/response/result/u_mp_subscription_approval_selflink\", \"type\": \"string\", \"order\": 78.0, \"title\": \"u_mp_subscription_approval_selflink\", \"hasChildren\": false, \"dataElementType\": \"string\"}, {\"key\": \"/GetIncidentOutput/response/result/business_stc\", \"type\": \"integer\", \"order\": 79.0, \"title\": \"business_stc\", \"hasChildren\": false, \"dataElementType\": \"integer\"}, {\"key\": \"/GetIncidentOutput/response/result/cause\", \"type\": \"string\", \"order\": 80.0, \"title\": \"cause\", \"hasChildren\": false, \"dataElementType\": \"string\"}, {\"key\": \"/GetIncidentOutput/response/result/description\", \"type\": \"string\", \"order\": 81.0, \"title\": \"description\", \"hasChildren\": false, \"dataElementType\": \"string\"}, {\"key\": \"/GetIncidentOutput/response/result/origin_id\", \"type\": \"string\", \"order\": 82.0, \"title\": \"origin_id\", \"hasChildren\": false, \"dataElementType\": \"string\"}, {\"key\": \"/GetIncidentOutput/response/result/calendar_duration\", \"type\": \"string\", \"order\": 83.0, \"title\": \"calendar_duration\", \"hasChildren\": false, \"dataElementType\": \"string\"}, {\"key\": \"/GetIncidentOutput/response/result/close_notes\", \"type\": \"string\", \"order\": 84.0, \"title\": \"close_notes\", \"hasChildren\": false, \"dataElementType\": \"string\"}, {\"key\": \"/GetIncidentOutput/response/result/sys_id\", \"type\": \"string\", \"order\": 85.0, \"title\": \"sys_id\", \"hasChildren\": false, \"dataElementType\": \"string\"}, {\"key\": \"/GetIncidentOutput/response/result/contact_type\", \"type\": \"string\", \"order\": 86.0, \"title\": \"contact_type\", \"hasChildren\": false, \"dataElementType\": \"string\"}, {\"key\": \"/GetIncidentOutput/response/result/incident_state\", \"type\": \"integer\", \"order\": 87.0, \"title\": \"incident_state\", \"hasChildren\": false, \"dataElementType\": \"integer\"}, {\"key\": \"/GetIncidentOutput/response/result/urgency\", \"type\": \"integer\", \"order\": 88.0, \"title\": \"urgency\", \"hasChildren\": false, \"dataElementType\": \"integer\"}, {\"key\": \"/GetIncidentOutput/response/result/problem_id\", \"type\": \"string\", \"order\": 89.0, \"title\": \"problem_id\", \"hasChildren\": false, \"dataElementType\": \"string\"}, {\"key\": \"/GetIncidentOutput/response/result/company\", \"type\": \"string\", \"order\": 90.0, \"title\": \"company\", \"hasChildren\": false, \"dataElementType\": \"string\"}, {\"key\": \"/GetIncidentOutput/response/result/activity_due\", \"type\": \"string\", \"order\": 91.0, \"title\": \"activity_due\", \"hasChildren\": false, \"dataElementType\": \"string\"}, {\"key\": \"/GetIncidentOutput/response/result/severity\", \"type\": \"integer\", \"order\": 92.0, \"title\": \"severity\", \"hasChildren\": false, \"dataElementType\": \"integer\"}, {\"key\": \"/GetIncidentOutput/response/result/comments\", \"type\": \"string\", \"order\": 93.0, \"title\": \"comments\", \"hasChildren\": false, \"dataElementType\": \"string\"}, {\"key\": \"/GetIncidentOutput/response/result/approval\", \"type\": \"string\", \"order\": 94.0, \"title\": \"approval\", \"hasChildren\": false, \"dataElementType\": \"string\"}, {\"key\": \"/GetIncidentOutput/response/result/due_date\", \"type\": \"string\", \"order\": 95.0, \"title\": \"due_date\", \"hasChildren\": false, \"dataElementType\": \"string\"}, {\"key\": \"/GetIncidentOutput/response/result/sys_mod_count\", \"type\": \"integer\", \"order\": 96.0, \"title\": \"sys_mod_count\", \"hasChildren\": false, \"dataElementType\": \"integer\"}, {\"key\": \"/GetIncidentOutput/response/result/reopen_count\", \"type\": \"integer\", \"order\": 97.0, \"title\": \"reopen_count\", \"hasChildren\": false, \"dataElementType\": \"integer\"}, {\"key\": \"/GetIncidentOutput/response/result/sys_tags\", \"type\": \"string\", \"order\": 98.0, \"title\": \"sys_tags\", \"hasChildren\": false, \"dataElementType\": \"string\"}, {\"key\": \"/GetIncidentOutput/response/result/location\", \"type\": \"string\", \"order\": 99.0, \"title\": \"location\", \"hasChildren\": false, \"dataElementType\": \"string\"}, {\"key\": \"/GetIncidentOutput/response/result/category\", \"type\": \"string\", \"order\": 100.0, \"title\": \"category\", \"hasChildren\": false, \"dataElementType\": \"string\"}, {\"key\": \"/GetIncidentOutput/response/result/u_string_2\", \"type\": \"string\", \"order\": 101.0, \"title\": \"u_string_2\", \"hasChildren\": false, \"dataElementType\": \"string\"}], \"hasChildren\": true, \"dataElementType\": \"document\"}], \"hasChildren\": false, \"dataElementType\": \"document\"}, {\"key\": \"/GetIncidentOutput/statusCode\", \"type\": \"integer\", \"order\": 102.0, \"title\": \"statusCode\", \"hasChildren\": false, \"dataElementType\": \"integer\"}, {\"key\": \"/GetIncidentOutput/success\", \"type\": \"boolean\", \"order\": 103.0, \"title\": \"success\", \"hasChildren\": false, \"dataElementType\": \"boolean\"}, {\"key\": \"/GetIncidentOutput/error\", \"type\": \"object\", \"order\": 104.0, \"title\": \"error\", \"children\": [], \"hasChildren\": false, \"dataElementType\": \"document\"}, {\"key\": \"/GetIncidentOutput/responseHeaders\", \"type\": \"object\", \"order\": 105.0, \"title\": \"responseHeaders\", \"children\": [], \"hasChildren\": false, \"dataElementType\": \"document\"}], \"hasChildren\": true, \"dataElementType\": \"document\"}]",
    "null" : false
  },
  "description" : "Get Incident",
  "comments" : "",
  "db_query" : null,
  "tag" : "EMPTY",
  "active" : true,
  "is_changed" : false,
  "endpoint_tag" : "EMPTY",
  "endpoint_project_id" : "5e4ed772-e812-4368-9b48-c95ba4e3ec23",
  "endpoint_project_tag" : "EMPTY",
  "comment" : null,
  "input_data_object_id" : null,
  "input_data_object_tag" : "EMPTY",
  "input_data_object_project_id" : null,
  "input_data_object_project_tag" : "EMPTY",
  "output_data_object_id" : null,
  "output_data_object_tag" : "EMPTY",
  "output_data_object_project_id" : null,
  "output_data_object_project_tag" : "EMPTY",
  "base_tag" : "V48",
  "endpoint_project_mode_id" : "112c1cb8-4b9e-4d1a-a042-0bd031dc7d05",
  "input_data_object_project_mode_id" : "112c1cb8-4b9e-4d1a-a042-0bd031dc7d05",
  "output_data_object_project_mode_id" : "112c1cb8-4b9e-4d1a-a042-0bd031dc7d05",
  "test_input" : {
    "type" : "jsonb",
    "value" : "{}",
    "null" : false
  },
  "test_input_structure" : {
    "type" : "jsonb",
    "value" : "[{\"key\": \"/GetIncidentInput\", \"type\": \"object\", \"order\": 1.0, \"title\": \"GetIncidentInput\", \"children\": [{\"key\": \"/GetIncidentInput/get\", \"type\": \"object\", \"order\": 2.0, \"title\": \"get\", \"children\": [{\"key\": \"/GetIncidentInput/get/sys_id\", \"type\": \"string\", \"order\": 3.0, \"title\": \"sys_id\", \"hasChildren\": false, \"dataElementType\": \"string\"}], \"hasChildren\": true, \"dataElementType\": \"document\"}], \"hasChildren\": true, \"dataElementType\": \"document\"}]",
    "null" : false
  }
}