{
  "id" : "439c1dee-7481-4b80-aa64-00eb11b51631",
  "name" : "GetRequest",
  "component_id" : "cc61a11e-a5c3-4b06-9d74-38b62b63f51e",
  "endpoint_id" : "4d3c0dd9-82f2-4f92-942a-2b24b8cc926e",
  "action_id" : "19a9eb2e-912d-11ea-bb37-0242ac130002",
  "structure_json" : {
    "type" : "jsonb",
    "value" : "{\"action\": \"Get\", \"entity\": \"{\\\"name\\\":\\\"x_1311226_subscr_0_subscriptionrequests\\\",\\\"label\\\":\\\"SubscriptionRequests\\\",\\\"hasChildren\\\":false,\\\"mainEntity\\\":false,\\\"displayName\\\":\\\"Objects\\\"}\", \"fields\": [{\"name\": \"sys_mod_count\", \"path\": \"sys_mod_count\", \"type\": \"integer\", \"label\": \"Updates\", \"checked\": true, \"readonly\": false, \"required\": false, \"columnIndex\": 0, \"hasChildren\": false, \"inputCategory\": false}, {\"name\": \"link\", \"path\": \"link\", \"type\": \"string\", \"label\": \"Link\", \"checked\": true, \"readonly\": false, \"required\": false, \"columnIndex\": 0, \"hasChildren\": false, \"inputCategory\": false}, {\"name\": \"description\", \"path\": \"description\", \"type\": \"string\", \"label\": \"Description\", \"checked\": true, \"readonly\": false, \"required\": false, \"columnIndex\": 0, \"hasChildren\": false, \"inputCategory\": false}, {\"name\": \"sys_updated_on\", \"path\": \"sys_updated_on\", \"type\": \"string\", \"label\": \"updated\", \"checked\": true, \"readonly\": false, \"required\": false, \"columnIndex\": 0, \"hasChildren\": false, \"inputCategory\": false}, {\"name\": \"sys_tags\", \"path\": \"sys_tags\", \"type\": \"string\", \"label\": \"Tags\", \"checked\": true, \"readonly\": false, \"required\": false, \"columnIndex\": 0, \"hasChildren\": false, \"inputCategory\": false}, {\"name\": \"sys_class_name\", \"path\": \"sys_class_name\", \"type\": \"string\", \"label\": \"Class\", \"checked\": true, \"readonly\": false, \"required\": false, \"columnIndex\": 0, \"hasChildren\": false, \"inputCategory\": false}, {\"name\": \"approve_reject\", \"path\": \"approve_reject\", \"type\": \"string\", \"label\": \"Approve_Reject\", \"checked\": true, \"readonly\": false, \"required\": false, \"columnIndex\": 0, \"hasChildren\": false, \"inputCategory\": false}, {\"name\": \"sys_id\", \"path\": \"sys_id\", \"type\": \"string\", \"label\": \"Sys ID\", \"checked\": true, \"readonly\": false, \"required\": false, \"columnIndex\": 0, \"hasChildren\": false, \"inputCategory\": false}, {\"name\": \"selflink\", \"path\": \"selflink\", \"type\": \"string\", \"label\": \"SelfLink\", \"checked\": true, \"readonly\": false, \"required\": false, \"columnIndex\": 0, \"hasChildren\": false, \"inputCategory\": false}, {\"name\": \"number\", \"path\": \"number\", \"type\": \"string\", \"label\": \"Number\", \"checked\": true, \"readonly\": false, \"required\": false, \"columnIndex\": 0, \"hasChildren\": false, \"inputCategory\": false}, {\"name\": \"sys_updated_by\", \"path\": \"sys_updated_by\", \"type\": \"string\", \"label\": \"Updated by\", \"checked\": true, \"readonly\": false, \"required\": false, \"columnIndex\": 0, \"hasChildren\": false, \"inputCategory\": false}, {\"name\": \"sys_created_on\", \"path\": \"sys_created_on\", \"type\": \"string\", \"label\": \"Created\", \"checked\": true, \"readonly\": false, \"required\": false, \"columnIndex\": 0, \"hasChildren\": false, \"inputCategory\": false}, {\"name\": \"name\", \"path\": \"name\", \"type\": \"string\", \"label\": \"Name\", \"checked\": true, \"readonly\": false, \"required\": false, \"columnIndex\": 0, \"hasChildren\": false, \"inputCategory\": false}, {\"name\": \"comment\", \"path\": \"comment\", \"type\": \"string\", \"label\": \"Comment\", \"checked\": true, \"readonly\": false, \"required\": false, \"columnIndex\": 0, \"hasChildren\": false, \"inputCategory\": false}, {\"name\": \"sys_created_by\", \"path\": \"sys_created_by\", \"type\": \"string\", \"label\": \"Created by\", \"checked\": true, \"readonly\": false, \"required\": false, \"columnIndex\": 0, \"hasChildren\": false, \"inputCategory\": false}], \"externalFields\": [], \"referenceFields\": []}",
    "null" : false
  },
  "config_json" : {
    "type" : "jsonb",
    "value" : "{\"batch\": false, \"count\": null, \"action\": \"Get\", \"entity\": \"{\\\"name\\\":\\\"x_1311226_subscr_0_subscriptionrequests\\\",\\\"label\\\":\\\"SubscriptionRequests\\\",\\\"hasChildren\\\":false,\\\"mainEntity\\\":false,\\\"displayName\\\":\\\"Objects\\\"}\", \"fields\": [{\"name\": \"sys_mod_count\", \"path\": \"sys_mod_count\", \"type\": \"integer\", \"label\": \"Updates\", \"checked\": true, \"readonly\": false, \"required\": false, \"columnIndex\": 0, \"hasChildren\": false, \"inputCategory\": false}, {\"name\": \"link\", \"path\": \"link\", \"type\": \"string\", \"label\": \"Link\", \"checked\": true, \"readonly\": false, \"required\": false, \"columnIndex\": 0, \"hasChildren\": false, \"inputCategory\": false}, {\"name\": \"description\", \"path\": \"description\", \"type\": \"string\", \"label\": \"Description\", \"checked\": true, \"readonly\": false, \"required\": false, \"columnIndex\": 0, \"hasChildren\": false, \"inputCategory\": false}, {\"name\": \"sys_updated_on\", \"path\": \"sys_updated_on\", \"type\": \"string\", \"label\": \"updated\", \"checked\": true, \"readonly\": false, \"required\": false, \"columnIndex\": 0, \"hasChildren\": false, \"inputCategory\": false}, {\"name\": \"sys_tags\", \"path\": \"sys_tags\", \"type\": \"string\", \"label\": \"Tags\", \"checked\": true, \"readonly\": false, \"required\": false, \"columnIndex\": 0, \"hasChildren\": false, \"inputCategory\": false}, {\"name\": \"sys_class_name\", \"path\": \"sys_class_name\", \"type\": \"string\", \"label\": \"Class\", \"checked\": true, \"readonly\": false, \"required\": false, \"columnIndex\": 0, \"hasChildren\": false, \"inputCategory\": false}, {\"name\": \"approve_reject\", \"path\": \"approve_reject\", \"type\": \"string\", \"label\": \"Approve_Reject\", \"checked\": true, \"readonly\": false, \"required\": false, \"columnIndex\": 0, \"hasChildren\": false, \"inputCategory\": false}, {\"name\": \"sys_id\", \"path\": \"sys_id\", \"type\": \"string\", \"label\": \"Sys ID\", \"checked\": true, \"readonly\": false, \"required\": false, \"columnIndex\": 0, \"hasChildren\": false, \"inputCategory\": false}, {\"name\": \"selflink\", \"path\": \"selflink\", \"type\": \"string\", \"label\": \"SelfLink\", \"checked\": true, \"readonly\": false, \"required\": false, \"columnIndex\": 0, \"hasChildren\": false, \"inputCategory\": false}, {\"name\": \"number\", \"path\": \"number\", \"type\": \"string\", \"label\": \"Number\", \"checked\": true, \"readonly\": false, \"required\": false, \"columnIndex\": 0, \"hasChildren\": false, \"inputCategory\": false}, {\"name\": \"sys_updated_by\", \"path\": \"sys_updated_by\", \"type\": \"string\", \"label\": \"Updated by\", \"checked\": true, \"readonly\": false, \"required\": false, \"columnIndex\": 0, \"hasChildren\": false, \"inputCategory\": false}, {\"name\": \"sys_created_on\", \"path\": \"sys_created_on\", \"type\": \"string\", \"label\": \"Created\", \"checked\": true, \"readonly\": false, \"required\": false, \"columnIndex\": 0, \"hasChildren\": false, \"inputCategory\": false}, {\"name\": \"name\", \"path\": \"name\", \"type\": \"string\", \"label\": \"Name\", \"checked\": true, \"readonly\": false, \"required\": false, \"columnIndex\": 0, \"hasChildren\": false, \"inputCategory\": false}, {\"name\": \"comment\", \"path\": \"comment\", \"type\": \"string\", \"label\": \"Comment\", \"checked\": true, \"readonly\": false, \"required\": false, \"columnIndex\": 0, \"hasChildren\": false, \"inputCategory\": false}, {\"name\": \"sys_created_by\", \"path\": \"sys_created_by\", \"type\": \"string\", \"label\": \"Created by\", \"checked\": true, \"readonly\": false, \"required\": false, \"columnIndex\": 0, \"hasChildren\": false, \"inputCategory\": false}], \"allOrNone\": false, \"externalFields\": [], \"referenceFields\": [], \"batchConfiguration\": {\"skippable\": false, \"maxBatchSize\": 0, \"batchSupported\": false}}",
    "null" : false
  },
  "display_query" : null,
  "input_structure" : {
    "type" : "jsonb",
    "value" : "[{\"key\": \"/GetRequestInput\", \"type\": \"object\", \"order\": 1.0, \"title\": \"GetRequestInput\", \"children\": [{\"key\": \"/GetRequestInput/get\", \"type\": \"object\", \"order\": 2.0, \"title\": \"get\", \"children\": [{\"key\": \"/GetRequestInput/get/sys_id\", \"type\": \"string\", \"order\": 3.0, \"title\": \"sys_id\", \"hasChildren\": false, \"dataElementType\": \"string\"}], \"hasChildren\": true, \"dataElementType\": \"document\"}], \"hasChildren\": true, \"dataElementType\": \"document\"}]",
    "null" : false
  },
  "output_structure" : {
    "type" : "jsonb",
    "value" : "[{\"key\": \"/GetRequestOutput\", \"type\": \"object\", \"order\": 1.0, \"title\": \"GetRequestOutput\", \"children\": [{\"key\": \"/GetRequestOutput/response\", \"type\": \"object\", \"order\": 2.0, \"title\": \"response\", \"children\": [{\"key\": \"/GetRequestOutput/response/result\", \"type\": \"document\", \"order\": 3.0, \"title\": \"result\", \"children\": [{\"key\": \"/GetRequestOutput/response/result/sys_mod_count\", \"type\": \"integer\", \"order\": 4.0, \"title\": \"sys_mod_count\", \"hasChildren\": false, \"dataElementType\": \"integer\"}, {\"key\": \"/GetRequestOutput/response/result/link\", \"type\": \"string\", \"order\": 5.0, \"title\": \"link\", \"hasChildren\": false, \"dataElementType\": \"string\"}, {\"key\": \"/GetRequestOutput/response/result/description\", \"type\": \"string\", \"order\": 6.0, \"title\": \"description\", \"hasChildren\": false, \"dataElementType\": \"string\"}, {\"key\": \"/GetRequestOutput/response/result/sys_updated_on\", \"type\": \"string\", \"order\": 7.0, \"title\": \"sys_updated_on\", \"hasChildren\": false, \"dataElementType\": \"string\"}, {\"key\": \"/GetRequestOutput/response/result/sys_tags\", \"type\": \"string\", \"order\": 8.0, \"title\": \"sys_tags\", \"hasChildren\": false, \"dataElementType\": \"string\"}, {\"key\": \"/GetRequestOutput/response/result/sys_class_name\", \"type\": \"string\", \"order\": 9.0, \"title\": \"sys_class_name\", \"hasChildren\": false, \"dataElementType\": \"string\"}, {\"key\": \"/GetRequestOutput/response/result/approve_reject\", \"type\": \"string\", \"order\": 10.0, \"title\": \"approve_reject\", \"hasChildren\": false, \"dataElementType\": \"string\"}, {\"key\": \"/GetRequestOutput/response/result/sys_id\", \"type\": \"string\", \"order\": 11.0, \"title\": \"sys_id\", \"hasChildren\": false, \"dataElementType\": \"string\"}, {\"key\": \"/GetRequestOutput/response/result/selflink\", \"type\": \"string\", \"order\": 12.0, \"title\": \"selflink\", \"hasChildren\": false, \"dataElementType\": \"string\"}, {\"key\": \"/GetRequestOutput/response/result/number\", \"type\": \"string\", \"order\": 13.0, \"title\": \"number\", \"hasChildren\": false, \"dataElementType\": \"string\"}, {\"key\": \"/GetRequestOutput/response/result/sys_updated_by\", \"type\": \"string\", \"order\": 14.0, \"title\": \"sys_updated_by\", \"hasChildren\": false, \"dataElementType\": \"string\"}, {\"key\": \"/GetRequestOutput/response/result/sys_created_on\", \"type\": \"string\", \"order\": 15.0, \"title\": \"sys_created_on\", \"hasChildren\": false, \"dataElementType\": \"string\"}, {\"key\": \"/GetRequestOutput/response/result/name\", \"type\": \"string\", \"order\": 16.0, \"title\": \"name\", \"hasChildren\": false, \"dataElementType\": \"string\"}, {\"key\": \"/GetRequestOutput/response/result/comment\", \"type\": \"string\", \"order\": 17.0, \"title\": \"comment\", \"hasChildren\": false, \"dataElementType\": \"string\"}, {\"key\": \"/GetRequestOutput/response/result/sys_created_by\", \"type\": \"string\", \"order\": 18.0, \"title\": \"sys_created_by\", \"hasChildren\": false, \"dataElementType\": \"string\"}], \"hasChildren\": true, \"dataElementType\": \"document\"}], \"hasChildren\": false, \"dataElementType\": \"document\"}, {\"key\": \"/GetRequestOutput/statusCode\", \"type\": \"integer\", \"order\": 19.0, \"title\": \"statusCode\", \"hasChildren\": false, \"dataElementType\": \"integer\"}, {\"key\": \"/GetRequestOutput/success\", \"type\": \"boolean\", \"order\": 20.0, \"title\": \"success\", \"hasChildren\": false, \"dataElementType\": \"boolean\"}, {\"key\": \"/GetRequestOutput/error\", \"type\": \"object\", \"order\": 21.0, \"title\": \"error\", \"children\": [], \"hasChildren\": false, \"dataElementType\": \"document\"}, {\"key\": \"/GetRequestOutput/responseHeaders\", \"type\": \"object\", \"order\": 22.0, \"title\": \"responseHeaders\", \"children\": [], \"hasChildren\": false, \"dataElementType\": \"document\"}], \"hasChildren\": true, \"dataElementType\": \"document\"}]",
    "null" : false
  },
  "description" : "Get Request from custom app/tab;e",
  "comments" : "",
  "db_query" : null,
  "tag" : "EMPTY",
  "active" : true,
  "is_changed" : false,
  "endpoint_tag" : "EMPTY",
  "endpoint_project_id" : "5e4ed772-e812-4368-9b48-c95ba4e3ec23",
  "endpoint_project_tag" : "EMPTY",
  "comment" : null,
  "input_data_object_id" : null,
  "input_data_object_tag" : "EMPTY",
  "input_data_object_project_id" : null,
  "input_data_object_project_tag" : "EMPTY",
  "output_data_object_id" : null,
  "output_data_object_tag" : "EMPTY",
  "output_data_object_project_id" : null,
  "output_data_object_project_tag" : "EMPTY",
  "base_tag" : "V48",
  "endpoint_project_mode_id" : "112c1cb8-4b9e-4d1a-a042-0bd031dc7d05",
  "input_data_object_project_mode_id" : "112c1cb8-4b9e-4d1a-a042-0bd031dc7d05",
  "output_data_object_project_mode_id" : "112c1cb8-4b9e-4d1a-a042-0bd031dc7d05",
  "test_input" : {
    "type" : "jsonb",
    "value" : "{}",
    "null" : false
  },
  "test_input_structure" : {
    "type" : "jsonb",
    "value" : "[{\"key\": \"/GetRequestInput\", \"type\": \"object\", \"order\": 1.0, \"title\": \"GetRequestInput\", \"children\": [{\"key\": \"/GetRequestInput/get\", \"type\": \"object\", \"order\": 2.0, \"title\": \"get\", \"children\": [{\"key\": \"/GetRequestInput/get/sys_id\", \"type\": \"string\", \"order\": 3.0, \"title\": \"sys_id\", \"hasChildren\": false, \"dataElementType\": \"string\"}], \"hasChildren\": true, \"dataElementType\": \"document\"}], \"hasChildren\": true, \"dataElementType\": \"document\"}]",
    "null" : false
  }
}