{
  "id" : "4eba76fb-3fe2-4aa4-a96c-41cf0a325514",
  "name" : "GetSubTransactionsWithGivenState",
  "component_id" : "01364250-f70e-4936-9c62-7b5d644bf6e6",
  "endpoint_id" : "b31aabbd-1f80-48b1-9ec3-f9aee27961a3",
  "action_id" : "4506817f-d04f-4db5-b78d-fb9f6430a3ad",
  "structure_json" : {
    "type" : "jsonb",
    "value" : "{\"batch\": false, \"count\": null, \"joins\": [], \"limit\": null, \"nulls\": \"\", \"where\": {\"predicates\": [{\"id\": \"19e3028a-45dd-418f-99ae-04c7e4e988bd\", \"path\": \"subState\", \"field\": \"subState\", \"value\": \":subState\", \"isGroup\": false, \"children\": null, \"operator\": \"=\", \"operation\": null, \"actualType\": \"String\", \"dataElementPath\": \"subState\", \"dataElementType\": \"string\"}]}, \"action\": \"Select\", \"entity\": \"{\\\"name\\\":\\\"Subscriptions\\\",\\\"label\\\":\\\"Subscriptions\\\",\\\"hasChildren\\\":false,\\\"mainEntity\\\":false,\\\"displayName\\\":\\\"Objects\\\"}\", \"uiConfig\": {\"keys\": [\"_id\"], \"limit\": true, \"where\": true, \"orderBy\": true, \"inputKeys\": [], \"operators\": {\"where\": [\"=\", \"!=\", \">\", \"<\", \">=\", \"<=\", \"IS NOT NULL\", \"IS NULL\", \"IN\"]}, \"skippable\": false, \"supportJoin\": false, \"disableFields\": false, \"metadataKeyName\": \"projections\", \"selectedTableList\": [], \"batchConfiguration\": {\"skippable\": false, \"maxBatchSize\": 0, \"batchSupported\": false}, \"includeReferenceFields\": false, \"supportsExternalFields\": false, \"supportsReferenceFields\": false}, \"allOrNone\": false, \"inputKeys\": [], \"inputFields\": {}, \"projections\": [{\"key\": \"/Subscriptions/_id\", \"name\": \"_id\", \"path\": \"_id\", \"type\": \"string\", \"label\": \"_id\", \"checked\": true, \"readonly\": false, \"required\": false, \"actualType\": \"ObjectId\", \"columnIndex\": 0, \"hasChildren\": false, \"inputCategory\": false, \"dataElementPath\": \"_id\"}], \"externalFields\": [], \"referenceFields\": []}",
    "null" : false
  },
  "config_json" : {
    "type" : "jsonb",
    "value" : "{\"batch\": false, \"count\": null, \"joins\": [], \"limit\": null, \"nulls\": \"\", \"where\": {\"predicates\": [{\"id\": \"19e3028a-45dd-418f-99ae-04c7e4e988bd\", \"path\": \"subState\", \"field\": \"subState\", \"value\": \":subState\", \"isGroup\": false, \"children\": null, \"operator\": \"=\", \"operation\": null, \"actualType\": \"String\", \"dataElementPath\": \"subState\", \"dataElementType\": \"string\"}]}, \"action\": \"Select\", \"entity\": \"{\\\"name\\\":\\\"Subscriptions\\\",\\\"label\\\":\\\"Subscriptions\\\",\\\"hasChildren\\\":false,\\\"mainEntity\\\":false,\\\"displayName\\\":\\\"Objects\\\"}\", \"uiConfig\": {\"keys\": [\"_id\"], \"limit\": true, \"where\": true, \"orderBy\": true, \"inputKeys\": [], \"operators\": {\"where\": [\"=\", \"!=\", \">\", \"<\", \">=\", \"<=\", \"IS NOT NULL\", \"IS NULL\", \"IN\"]}, \"skippable\": false, \"supportJoin\": false, \"disableFields\": false, \"metadataKeyName\": \"projections\", \"selectedTableList\": [], \"batchConfiguration\": {\"skippable\": false, \"maxBatchSize\": 0, \"batchSupported\": false}, \"includeReferenceFields\": false, \"supportsExternalFields\": false, \"supportsReferenceFields\": false}, \"allOrNone\": false, \"inputKeys\": [], \"inputFields\": {}, \"projections\": [{\"key\": \"/Subscriptions/_id\", \"name\": \"_id\", \"path\": \"_id\", \"type\": \"string\", \"label\": \"_id\", \"checked\": true, \"readonly\": false, \"required\": false, \"actualType\": \"ObjectId\", \"columnIndex\": 0, \"hasChildren\": false, \"inputCategory\": false, \"dataElementPath\": \"_id\"}], \"externalFields\": [], \"referenceFields\": []}",
    "null" : false
  },
  "display_query" : "db.Subscriptions.find( { subState: #subState } , { _id: 1 }).skip(#skip)",
  "input_structure" : {
    "type" : "jsonb",
    "value" : "[{\"key\": \"/GetSubTransactionsWithGivenStateInput\", \"type\": \"object\", \"order\": 1.0, \"title\": \"GetSubTransactionsWithGivenStateInput\", \"value\": {\"type\": \"object\"}, \"children\": [{\"key\": \"/GetSubTransactionsWithGivenStateInput/where\", \"type\": \"object\", \"order\": 2.0, \"title\": \"where\", \"value\": {\"type\": \"object\"}, \"children\": [{\"key\": \"/GetSubTransactionsWithGivenStateInput/where/where_subState\", \"type\": \"string\", \"order\": 3.0, \"title\": \"subState\", \"value\": {\"type\": \"string\"}, \"hasChildren\": false, \"dataElementType\": \"string\"}], \"hasChildren\": false, \"dataElementType\": \"document\"}, {\"key\": \"/GetSubTransactionsWithGivenStateInput/skip\", \"type\": \"integer\", \"order\": 4.0, \"title\": \"skip\", \"value\": {\"type\": \"integer\"}, \"hasChildren\": false, \"dataElementType\": \"integer\"}], \"hasChildren\": false, \"dataElementType\": \"document\"}]",
    "null" : false
  },
  "output_structure" : {
    "type" : "jsonb",
    "value" : "[{\"key\": \"/GetSubTransactionsWithGivenStateOutput\", \"type\": \"object\", \"order\": 1.0, \"title\": \"GetSubTransactionsWithGivenStateOutput\", \"value\": {\"type\": \"object\"}, \"children\": [{\"key\": \"/GetSubTransactionsWithGivenStateOutput/success\", \"type\": \"boolean\", \"order\": 2.0, \"title\": \"success\", \"value\": {\"type\": \"object\"}, \"hasChildren\": false, \"dataElementType\": \"boolean\"}, {\"key\": \"/GetSubTransactionsWithGivenStateOutput/response\", \"type\": \"object\", \"order\": 3.0, \"title\": \"response\", \"value\": {\"type\": \"object\"}, \"children\": [{\"key\": \"/GetSubTransactionsWithGivenStateOutput/response/resultSet[]\", \"type\": \"array\", \"order\": 4.0, \"title\": \"resultSet\", \"value\": {\"type\": \"array\"}, \"children\": [{\"key\": \"/GetSubTransactionsWithGivenStateOutput/response/resultSet[]/_id\", \"type\": \"string\", \"order\": 5.0, \"title\": \"_id\", \"value\": {\"type\": \"string\"}, \"hasChildren\": false, \"dataElementType\": \"string\"}], \"hasChildren\": false, \"dataElementType\": \"documentArray\"}], \"hasChildren\": true, \"dataElementType\": \"document\"}, {\"key\": \"/GetSubTransactionsWithGivenStateOutput/errors[]\", \"type\": \"array\", \"order\": 6.0, \"title\": \"errors\", \"value\": {\"type\": \"object\"}, \"children\": [{\"key\": \"/GetSubTransactionsWithGivenStateOutput/errors[]/error\", \"type\": \"object\", \"order\": 7.0, \"title\": \"error\", \"value\": {\"type\": \"object\"}, \"children\": [{\"key\": \"/GetSubTransactionsWithGivenStateOutput/errors[]/error/message\", \"type\": \"string\", \"order\": 8.0, \"title\": \"message\", \"value\": {\"type\": \"object\"}, \"hasChildren\": false, \"dataElementType\": \"string\"}], \"hasChildren\": true, \"dataElementType\": \"document\"}], \"hasChildren\": true, \"dataElementType\": \"documentArray\"}], \"hasChildren\": false, \"dataElementType\": \"document\"}]",
    "null" : false
  },
  "description" : "GetSubTransactionsWithGivenState",
  "comments" : "",
  "db_query" : "",
  "tag" : "EMPTY",
  "active" : true,
  "is_changed" : false,
  "endpoint_tag" : "EMPTY",
  "endpoint_project_id" : "5e4ed772-e812-4368-9b48-c95ba4e3ec23",
  "endpoint_project_tag" : "EMPTY",
  "comment" : null,
  "input_data_object_id" : null,
  "input_data_object_tag" : "EMPTY",
  "input_data_object_project_id" : null,
  "input_data_object_project_tag" : "EMPTY",
  "output_data_object_id" : null,
  "output_data_object_tag" : "EMPTY",
  "output_data_object_project_id" : null,
  "output_data_object_project_tag" : "EMPTY",
  "base_tag" : "V48",
  "endpoint_project_mode_id" : "112c1cb8-4b9e-4d1a-a042-0bd031dc7d05",
  "input_data_object_project_mode_id" : "112c1cb8-4b9e-4d1a-a042-0bd031dc7d05",
  "output_data_object_project_mode_id" : "112c1cb8-4b9e-4d1a-a042-0bd031dc7d05",
  "test_input" : {
    "type" : "jsonb",
    "value" : "{}",
    "null" : false
  },
  "test_input_structure" : {
    "type" : "jsonb",
    "value" : "[{\"key\": \"/GetSubTransactionsWithGivenStateInput\", \"type\": \"object\", \"order\": 1.0, \"title\": \"GetSubTransactionsWithGivenStateInput\", \"value\": {\"type\": \"object\"}, \"children\": [{\"key\": \"/GetSubTransactionsWithGivenStateInput/where\", \"type\": \"object\", \"order\": 2.0, \"title\": \"where\", \"value\": {\"type\": \"object\"}, \"children\": [{\"key\": \"/GetSubTransactionsWithGivenStateInput/where/where_subState\", \"type\": \"string\", \"order\": 3.0, \"title\": \"subState\", \"value\": {\"type\": \"string\"}, \"hasChildren\": false, \"dataElementType\": \"string\"}], \"hasChildren\": false, \"dataElementType\": \"document\"}, {\"key\": \"/GetSubTransactionsWithGivenStateInput/skip\", \"type\": \"integer\", \"order\": 4.0, \"title\": \"skip\", \"value\": {\"type\": \"integer\"}, \"hasChildren\": false, \"dataElementType\": \"integer\"}], \"hasChildren\": false, \"dataElementType\": \"document\"}]",
    "null" : false
  }
}