{
  "id" : "5c871196-2740-42e2-9a6a-20b562ce4037",
  "name" : "InsertSubsTransaction",
  "component_id" : "01364250-f70e-4936-9c62-7b5d644bf6e6",
  "endpoint_id" : "b31aabbd-1f80-48b1-9ec3-f9aee27961a3",
  "action_id" : "f1a01d25-47eb-49de-aa90-5e1987d31cfa",
  "structure_json" : {
    "type" : "jsonb",
    "value" : "{\"batch\": false, \"count\": null, \"joins\": [], \"limit\": null, \"nulls\": \"\", \"where\": {\"predicates\": []}, \"action\": \"Insert\", \"entity\": \"{\\\"name\\\":\\\"Subscriptions\\\",\\\"label\\\":\\\"Subscriptions\\\",\\\"hasChildren\\\":false,\\\"mainEntity\\\":false,\\\"displayName\\\":\\\"Objects\\\"}\", \"fields\": [{\"key\": \"/Subscriptions/subName\", \"name\": \"subName\", \"path\": \"subName\", \"type\": \"string\", \"label\": \"subName\", \"checked\": true, \"readonly\": false, \"required\": false, \"actualType\": \"String\", \"columnIndex\": 0, \"hasChildren\": false, \"indeterminate\": false, \"inputCategory\": false, \"dataElementPath\": \"subName\"}, {\"key\": \"/Subscriptions/subId\", \"name\": \"subId\", \"path\": \"subId\", \"type\": \"string\", \"label\": \"subId\", \"checked\": true, \"readonly\": false, \"required\": false, \"actualType\": \"String\", \"columnIndex\": 0, \"hasChildren\": false, \"indeterminate\": false, \"inputCategory\": false, \"dataElementPath\": \"subId\"}, {\"key\": \"/Subscriptions/subCreateDate\", \"name\": \"subCreateDate\", \"path\": \"subCreateDate\", \"type\": \"string\", \"label\": \"subCreateDate\", \"checked\": true, \"readonly\": false, \"required\": false, \"actualType\": \"String\", \"columnIndex\": 0, \"hasChildren\": false, \"indeterminate\": false, \"inputCategory\": false, \"dataElementPath\": \"subCreateDate\"}, {\"key\": \"/Subscriptions/subState\", \"name\": \"subState\", \"path\": \"subState\", \"type\": \"string\", \"label\": \"subState\", \"checked\": true, \"readonly\": false, \"required\": false, \"actualType\": \"String\", \"columnIndex\": 0, \"hasChildren\": false, \"indeterminate\": false, \"inputCategory\": false, \"dataElementPath\": \"subState\"}, {\"key\": \"/Subscriptions/subSelfLink\", \"name\": \"subSelfLink\", \"path\": \"subSelfLink\", \"type\": \"string\", \"label\": \"subSelfLink\", \"checked\": true, \"readonly\": false, \"required\": false, \"actualType\": \"String\", \"columnIndex\": 0, \"hasChildren\": false, \"indeterminate\": false, \"inputCategory\": false, \"dataElementPath\": \"subSelfLink\"}], \"uiConfig\": {\"keys\": [\"subName\", \"subId\", \"subCreateDate\", \"subState\", \"subSelfLink\"], \"limit\": false, \"where\": false, \"orderBy\": false, \"operators\": {\"where\": [\"=\", \"!=\", \">\", \"<\", \">=\", \"<=\", \"IS NOT NULL\", \"IS NULL\", \"IN\"]}, \"skippable\": false, \"supportJoin\": false, \"disableFields\": false, \"metadataKeyName\": \"fields\", \"selectedTableList\": [], \"batchConfiguration\": {\"skippable\": false, \"maxBatchSize\": 0, \"batchSupported\": false}, \"includeReferenceFields\": false, \"supportsExternalFields\": false, \"supportsReferenceFields\": false}, \"allOrNone\": false, \"inputFields\": {}, \"externalFields\": [], \"referenceFields\": []}",
    "null" : false
  },
  "config_json" : {
    "type" : "jsonb",
    "value" : "{\"batch\": false, \"count\": null, \"joins\": [], \"limit\": null, \"nulls\": \"\", \"where\": {\"predicates\": []}, \"action\": \"Insert\", \"entity\": \"{\\\"name\\\":\\\"Subscriptions\\\",\\\"label\\\":\\\"Subscriptions\\\",\\\"hasChildren\\\":false,\\\"mainEntity\\\":false,\\\"displayName\\\":\\\"Objects\\\"}\", \"fields\": [{\"key\": \"/Subscriptions/subName\", \"name\": \"subName\", \"path\": \"subName\", \"type\": \"string\", \"label\": \"subName\", \"checked\": true, \"readonly\": false, \"required\": false, \"actualType\": \"String\", \"columnIndex\": 0, \"hasChildren\": false, \"indeterminate\": false, \"inputCategory\": false, \"dataElementPath\": \"subName\"}, {\"key\": \"/Subscriptions/subId\", \"name\": \"subId\", \"path\": \"subId\", \"type\": \"string\", \"label\": \"subId\", \"checked\": true, \"readonly\": false, \"required\": false, \"actualType\": \"String\", \"columnIndex\": 0, \"hasChildren\": false, \"indeterminate\": false, \"inputCategory\": false, \"dataElementPath\": \"subId\"}, {\"key\": \"/Subscriptions/subCreateDate\", \"name\": \"subCreateDate\", \"path\": \"subCreateDate\", \"type\": \"string\", \"label\": \"subCreateDate\", \"checked\": true, \"readonly\": false, \"required\": false, \"actualType\": \"String\", \"columnIndex\": 0, \"hasChildren\": false, \"indeterminate\": false, \"inputCategory\": false, \"dataElementPath\": \"subCreateDate\"}, {\"key\": \"/Subscriptions/subState\", \"name\": \"subState\", \"path\": \"subState\", \"type\": \"string\", \"label\": \"subState\", \"checked\": true, \"readonly\": false, \"required\": false, \"actualType\": \"String\", \"columnIndex\": 0, \"hasChildren\": false, \"indeterminate\": false, \"inputCategory\": false, \"dataElementPath\": \"subState\"}, {\"key\": \"/Subscriptions/subSelfLink\", \"name\": \"subSelfLink\", \"path\": \"subSelfLink\", \"type\": \"string\", \"label\": \"subSelfLink\", \"checked\": true, \"readonly\": false, \"required\": false, \"actualType\": \"String\", \"columnIndex\": 0, \"hasChildren\": false, \"indeterminate\": false, \"inputCategory\": false, \"dataElementPath\": \"subSelfLink\"}], \"uiConfig\": {\"keys\": [\"subName\", \"subId\", \"subCreateDate\", \"subState\", \"subSelfLink\"], \"limit\": false, \"where\": false, \"orderBy\": false, \"operators\": {\"where\": [\"=\", \"!=\", \">\", \"<\", \">=\", \"<=\", \"IS NOT NULL\", \"IS NULL\", \"IN\"]}, \"skippable\": false, \"supportJoin\": false, \"disableFields\": false, \"metadataKeyName\": \"fields\", \"selectedTableList\": [], \"batchConfiguration\": {\"skippable\": false, \"maxBatchSize\": 0, \"batchSupported\": false}, \"includeReferenceFields\": false, \"supportsExternalFields\": false, \"supportsReferenceFields\": false}, \"allOrNone\": false, \"inputFields\": {}, \"externalFields\": [], \"referenceFields\": []}",
    "null" : false
  },
  "display_query" : "db.Subscriptions.insertMany([{ subName: #subName , subId: #subId , subCreateDate: #subCreateDate , subState: #subState , subSelfLink: #subSelfLink } ]) ",
  "input_structure" : {
    "type" : "jsonb",
    "value" : "[{\"key\": \"/InsertSubsTransactionInput\", \"type\": \"object\", \"order\": 1.0, \"title\": \"InsertSubsTransactionInput\", \"value\": {\"type\": \"object\"}, \"children\": [{\"key\": \"/InsertSubsTransactionInput/insert[]\", \"type\": \"array\", \"order\": 2.0, \"title\": \"insert\", \"value\": {\"type\": \"array\"}, \"children\": [{\"key\": \"/InsertSubsTransactionInput/insert[]/subName\", \"type\": \"string\", \"order\": 3.0, \"title\": \"subName\", \"value\": {\"type\": \"string\"}, \"hasChildren\": false, \"dataElementType\": \"string\"}, {\"key\": \"/InsertSubsTransactionInput/insert[]/subId\", \"type\": \"string\", \"order\": 4.0, \"title\": \"subId\", \"value\": {\"type\": \"string\"}, \"hasChildren\": false, \"dataElementType\": \"string\"}, {\"key\": \"/InsertSubsTransactionInput/insert[]/subCreateDate\", \"type\": \"string\", \"order\": 5.0, \"title\": \"subCreateDate\", \"value\": {\"type\": \"string\"}, \"hasChildren\": false, \"dataElementType\": \"string\"}, {\"key\": \"/InsertSubsTransactionInput/insert[]/subState\", \"type\": \"string\", \"order\": 6.0, \"title\": \"subState\", \"value\": {\"type\": \"string\"}, \"hasChildren\": false, \"dataElementType\": \"string\"}, {\"key\": \"/InsertSubsTransactionInput/insert[]/subSelfLink\", \"type\": \"string\", \"order\": 7.0, \"title\": \"subSelfLink\", \"value\": {\"type\": \"string\"}, \"hasChildren\": false, \"dataElementType\": \"string\"}], \"hasChildren\": false, \"dataElementType\": \"documentArray\"}], \"hasChildren\": false, \"dataElementType\": \"document\"}]",
    "null" : false
  },
  "output_structure" : {
    "type" : "jsonb",
    "value" : "[{\"key\": \"/InsertSubsTransactionOutput\", \"type\": \"object\", \"order\": 1.0, \"title\": \"InsertSubsTransactionOutput\", \"value\": {\"type\": \"object\"}, \"children\": [{\"key\": \"/InsertSubsTransactionOutput/success\", \"type\": \"boolean\", \"order\": 2.0, \"title\": \"success\", \"value\": {\"type\": \"object\"}, \"hasChildren\": false, \"dataElementType\": \"boolean\"}, {\"key\": \"/InsertSubsTransactionOutput/response\", \"type\": \"object\", \"order\": 3.0, \"title\": \"response\", \"value\": {\"type\": \"object\"}, \"children\": [{\"key\": \"/InsertSubsTransactionOutput/response/rowsInserted\", \"type\": \"integer\", \"order\": 4.0, \"title\": \"rowsInserted\", \"value\": {\"type\": \"integer\"}, \"hasChildren\": false, \"dataElementType\": \"integer\"}], \"hasChildren\": true, \"dataElementType\": \"document\"}, {\"key\": \"/InsertSubsTransactionOutput/errors[]\", \"type\": \"array\", \"order\": 5.0, \"title\": \"errors\", \"value\": {\"type\": \"object\"}, \"children\": [{\"key\": \"/InsertSubsTransactionOutput/errors[]/error\", \"type\": \"object\", \"order\": 6.0, \"title\": \"error\", \"value\": {\"type\": \"object\"}, \"children\": [{\"key\": \"/InsertSubsTransactionOutput/errors[]/error/message\", \"type\": \"string\", \"order\": 7.0, \"title\": \"message\", \"value\": {\"type\": \"object\"}, \"hasChildren\": false, \"dataElementType\": \"string\"}], \"hasChildren\": true, \"dataElementType\": \"document\"}], \"hasChildren\": true, \"dataElementType\": \"documentArray\"}], \"hasChildren\": false, \"dataElementType\": \"document\"}]",
    "null" : false
  },
  "description" : "Insert Subscription Transaction",
  "comments" : "",
  "db_query" : "",
  "tag" : "EMPTY",
  "active" : true,
  "is_changed" : false,
  "endpoint_tag" : "EMPTY",
  "endpoint_project_id" : "5e4ed772-e812-4368-9b48-c95ba4e3ec23",
  "endpoint_project_tag" : "EMPTY",
  "comment" : null,
  "input_data_object_id" : null,
  "input_data_object_tag" : "EMPTY",
  "input_data_object_project_id" : null,
  "input_data_object_project_tag" : "EMPTY",
  "output_data_object_id" : null,
  "output_data_object_tag" : "EMPTY",
  "output_data_object_project_id" : null,
  "output_data_object_project_tag" : "EMPTY",
  "base_tag" : "V48",
  "endpoint_project_mode_id" : "112c1cb8-4b9e-4d1a-a042-0bd031dc7d05",
  "input_data_object_project_mode_id" : "112c1cb8-4b9e-4d1a-a042-0bd031dc7d05",
  "output_data_object_project_mode_id" : "112c1cb8-4b9e-4d1a-a042-0bd031dc7d05",
  "test_input" : {
    "type" : "jsonb",
    "value" : "{}",
    "null" : false
  },
  "test_input_structure" : {
    "type" : "jsonb",
    "value" : "[{\"key\": \"/InsertSubsTransactionInput\", \"type\": \"object\", \"order\": 1.0, \"title\": \"InsertSubsTransactionInput\", \"value\": {\"type\": \"object\"}, \"children\": [{\"key\": \"/InsertSubsTransactionInput/insert[]\", \"type\": \"array\", \"order\": 2.0, \"title\": \"insert\", \"value\": {\"type\": \"array\"}, \"children\": [{\"key\": \"/InsertSubsTransactionInput/insert[]/subName\", \"type\": \"string\", \"order\": 3.0, \"title\": \"subName\", \"value\": {\"type\": \"string\"}, \"hasChildren\": false, \"dataElementType\": \"string\"}, {\"key\": \"/InsertSubsTransactionInput/insert[]/subId\", \"type\": \"string\", \"order\": 4.0, \"title\": \"subId\", \"value\": {\"type\": \"string\"}, \"hasChildren\": false, \"dataElementType\": \"string\"}, {\"key\": \"/InsertSubsTransactionInput/insert[]/subCreateDate\", \"type\": \"string\", \"order\": 5.0, \"title\": \"subCreateDate\", \"value\": {\"type\": \"string\"}, \"hasChildren\": false, \"dataElementType\": \"string\"}, {\"key\": \"/InsertSubsTransactionInput/insert[]/subState\", \"type\": \"string\", \"order\": 6.0, \"title\": \"subState\", \"value\": {\"type\": \"string\"}, \"hasChildren\": false, \"dataElementType\": \"string\"}, {\"key\": \"/InsertSubsTransactionInput/insert[]/subSelfLink\", \"type\": \"string\", \"order\": 7.0, \"title\": \"subSelfLink\", \"value\": {\"type\": \"string\"}, \"hasChildren\": false, \"dataElementType\": \"string\"}], \"hasChildren\": false, \"dataElementType\": \"documentArray\"}], \"hasChildren\": false, \"dataElementType\": \"document\"}]",
    "null" : false
  }
}